{
  "PlatformName": "Pecom 64",
  "LastUpdate": "6/25/2022 4:51:30 AM",
  "Games": [
    {
      "Titles": [
        "Adresar"
      ],
      "Sha1s2Md5": "b78bec8977cba4701040319d2b8b345a",
      "Crcs2Md5": "b6167bb821b3a5108902fe8cf46925e7",
      "Sets": {
        "1": [
          "adresar"
        ]
      },
      "Size": 6382680,
      "Publishers": [
        0
      ]
    },
    {
      "Titles": [
        "Bioritam"
      ],
      "Sha1s2Md5": "77558ac3c333238ef2aa70e4c7a25ec6",
      "Crcs2Md5": "303f6329add7493f166a555dde6ad1cc",
      "Sets": {
        "1": [
          "bioritam"
        ]
      },
      "Size": 5094680,
      "Publishers": [
        0
      ],
      "ReleaseDate": "1/1/1985"
    },
    {
      "Titles": [
        "Lavirint"
      ],
      "Sha1s2Md5": "e607c7e16093f373f8a0991b17b28c79",
      "Crcs2Md5": "e49ddb4c885025ceaa887154fad7cb1c",
      "Sets": {
        "1": [
          "lavirint"
        ]
      },
      "Size": 13222360,
      "Publishers": [
        0
      ],
      "ReleaseDate": "1/1/1987"
    },
    {
      "Titles": [
        "Lopov i Bankar"
      ],
      "Sha1s2Md5": "7023185102ba7b1a98950e49bb55757d",
      "Crcs2Md5": "d247dc76e3d5922cb2e70b2a06f4d3e9",
      "Sets": {
        "1": [
          "lopovbnk"
        ]
      },
      "Size": 7996248,
      "Publishers": [
        0
      ],
      "ReleaseDate": "1/1/1985"
    },
    {
      "Titles": [
        "Osvajaci Svemira"
      ],
      "Sha1s2Md5": "63ac95161e3d28b95a43eaed4d63bec5",
      "Crcs2Md5": "64d976f41d6836df1f8d8275f66b3e5a",
      "Sets": {
        "1": [
          "osvajaci"
        ]
      },
      "Size": 19538520,
      "Publishers": [
        0
      ],
      "ReleaseDate": "1/1/1985"
    },
    {
      "Titles": [
        "Pecom Ratuje"
      ],
      "Sha1s2Md5": "4f857a5025881647dd1b25e6ec8ca02e",
      "Crcs2Md5": "4d0300fc833ab8675eb13834e096447b",
      "Sets": {
        "1": [
          "pecomrat"
        ]
      },
      "Size": 7595800,
      "Publishers": [
        0
      ],
      "ReleaseDate": "1/1/1985"
    },
    {
      "Titles": [
        "Sam Svoj Kompozitor"
      ],
      "Sha1s2Md5": "cd388f8cbebf1b3f1636170ef311eb8c",
      "Crcs2Md5": "abaaea059e31b179fdb4dbecedb573a3",
      "Sets": {
        "1": [
          "kompozit"
        ]
      },
      "Size": 3567832,
      "Publishers": [
        0
      ],
      "ReleaseDate": "1/1/1987"
    },
    {
      "Titles": [
        "Sljive"
      ],
      "Sha1s2Md5": "36348057ded08397076ed0aa52e3f3df",
      "Crcs2Md5": "e100da15223f242beb9cab3ba1ca133c",
      "Sets": {
        "1": [
          "sljive"
        ]
      },
      "Size": 7898072,
      "Publishers": [
        0
      ],
      "ReleaseDate": "1/1/1986"
    },
    {
      "Titles": [
        "Suvi Ajnc"
      ],
      "Sha1s2Md5": "de8fa9dfac0f3bc2628a2da67c233a5b",
      "Crcs2Md5": "89077000f14479285a4e000530c4b592",
      "Sets": {
        "1": [
          "suviajnc"
        ]
      },
      "Size": 11266136,
      "Publishers": [
        0
      ],
      "ReleaseDate": "1/1/1986"
    },
    {
      "Titles": [
        "Trka Konja"
      ],
      "Sha1s2Md5": "89ca608dfd0a7d2a8711f8bc558bd0b8",
      "Crcs2Md5": "1da68d01339fd31fa90b662a522b3c7a",
      "Sets": {
        "1": [
          "trkakonj"
        ]
      },
      "Size": 6658904
    }
  ],
  "Overviews": {},
  "Genres": {},
  "Companies": {
    "0": "Ei Racunari"
  },
  "Tags": {}
}