{
  "PlatformName": "Neo Geo Pocket",
  "LastUpdate": "6/25/2022 4:50:37 AM",
  "Games": [
    {
      "Titles": [
        "[BIOS] SNK Neo Geo Pocket"
      ],
      "Sha1s2Md5": "1d02572e85e0876f8b5be0d84b00b1c3",
      "Crcs2Md5": "e4fdaebfa971c6198a562e20338f0bf8",
      "Sets": {
        "2": [
          "[BIOS] SNK Neo Geo Pocket (Japan, Europe)"
        ]
      },
      "Size": 65536,
      "Tags": [
        1
      ],
      "Regions": [
        "JP",
        "EU"
      ]
    },
    {
      "Titles": [
        "Baseball Stars v1.10"
      ],
      "Sha1s2Md5": "fa0aa3944e79d67e66ee3541e7510be0",
      "Crcs2Md5": "6e895c91c549d674dddcc14c32c993e6",
      "Sets": {
        "4": [
          "Baseball Stars v1.10 (1998)(Saurus - SNK)(en-ja)"
        ]
      },
      "Version": "v1.10",
      "Size": 1048576,
      "Publishers": [
        1,
        0
      ],
      "ReleaseDate": "1/1/1998",
      "Languages": [
        "en",
        "ja"
      ]
    },
    {
      "Titles": [
        "King of Fighters - R-1 & Melon Chan no Seichou Nikki"
      ],
      "Sha1s2Md5": "9c7d9039b56ff700827296c087ab781f",
      "Crcs2Md5": "4e9670a323ec55ce7d797aace5454f7a",
      "Sets": {
        "4": [
          "King of Fighters - R-1 & Melon Chan no Seichou Nikki (demo) (199x)(SNK)(JP)[u]"
        ]
      },
      "Version": "demo",
      "Size": 1265664,
      "Publishers": [
        0
      ],
      "Tags": [
        4,
        2
      ],
      "Regions": [
        "JP"
      ]
    },
    {
      "Titles": [
        "King of Fighters R-1 - Pocket Fighting Series",
        "King of Fighters - R-1"
      ],
      "Sha1s2Md5": "2fd213c277bd6c6652fd15e1dbb117aa",
      "Crcs2Md5": "6618b95978b5f95ae2a4ebb9aa533e2d",
      "Sets": {
        "4": [
          "King of Fighters - R-1 (1998)(SNK)(en-ja)[a2]"
        ],
        "6": [
          "27869"
        ]
      },
      "Overview": {
        "en": [
          2
        ]
      },
      "Size": 2097152,
      "Publishers": [
        0
      ],
      "Developers": [
        0
      ],
      "Tags": [
        9
      ],
      "ReleaseDate": "1/1/1998",
      "ESRB": "E",
      "Genres": [
        0
      ],
      "Languages": [
        "en",
        "ja"
      ]
    },
    {
      "Titles": [
        "King of Fighters R-1 - Pocket Fighting Series",
        "King of Fighters - R-1"
      ],
      "Sha1s2Md5": "8f06497d80b8f14fcbdc598af5670a36",
      "Crcs2Md5": "408b80c066dc75387caa5e7d42956473",
      "Sets": {
        "4": [
          "King of Fighters - R-1 (1998)(SNK)(en-ja)[a]"
        ],
        "6": [
          "27869"
        ]
      },
      "Overview": {
        "en": [
          2
        ]
      },
      "Size": 2097152,
      "Publishers": [
        0
      ],
      "Developers": [
        0
      ],
      "Tags": [
        5,
        9
      ],
      "ReleaseDate": "1/1/1998",
      "ESRB": "E",
      "Genres": [
        0
      ],
      "Languages": [
        "en",
        "ja"
      ]
    },
    {
      "Titles": [
        "King of Fighters R-1 - Pocket Fighting Series",
        "King of Fighters - R-1"
      ],
      "Sha1s2Md5": "e98039f75597d106cbbaea9fb16bdf99",
      "Crcs2Md5": "3e91c444c795428db94d10ad9ec82707",
      "Sets": {
        "4": [
          "King of Fighters - R-1 (1998)(SNK)(en-ja)[h Tintin Machine]"
        ],
        "6": [
          "27869"
        ]
      },
      "Overview": {
        "en": [
          2
        ]
      },
      "Size": 2097152,
      "Publishers": [
        0
      ],
      "Developers": [
        0
      ],
      "Tags": [
        6,
        9
      ],
      "ReleaseDate": "1/1/1998",
      "ESRB": "E",
      "Genres": [
        0
      ],
      "Languages": [
        "en",
        "ja"
      ]
    },
    {
      "Titles": [
        "King of Fighters R-1 - Pocket Fighting Series",
        "King of Fighters - R-1"
      ],
      "Sha1s2Md5": "9205df5630464292f1200d62be26a103",
      "Crcs2Md5": "438b152a79c63ef2dfb8fac975bfa2cb",
      "Sets": {
        "4": [
          "King of Fighters - R-1 (1998)(SNK)(en-ja)[h2]"
        ],
        "6": [
          "27869"
        ]
      },
      "Overview": {
        "en": [
          2
        ]
      },
      "Size": 2097152,
      "Publishers": [
        0
      ],
      "Developers": [
        0
      ],
      "Tags": [
        9
      ],
      "ReleaseDate": "1/1/1998",
      "ESRB": "E",
      "Genres": [
        0
      ],
      "Languages": [
        "en",
        "ja"
      ]
    },
    {
      "Titles": [
        "King of Fighters R-1 - Pocket Fighting Series",
        "King of Fighters - R-1"
      ],
      "Sha1s2Md5": "0e40b87b5215066a9d84753856203db3",
      "Crcs2Md5": "8d68f5d01f1d1009430884805adb2da8",
      "Sets": {
        "4": [
          "King of Fighters - R-1 (1998)(SNK)(en-ja)[h]"
        ],
        "6": [
          "27869"
        ]
      },
      "Overview": {
        "en": [
          2
        ]
      },
      "Size": 2097152,
      "Publishers": [
        0
      ],
      "Developers": [
        0
      ],
      "Tags": [
        6,
        9
      ],
      "ReleaseDate": "1/1/1998",
      "ESRB": "E",
      "Genres": [
        0
      ],
      "Languages": [
        "en",
        "ja"
      ]
    },
    {
      "Titles": [
        "King of Fighters R-1 - Pocket Fighting Series",
        "King of Fighters - R-1"
      ],
      "Sha1s2Md5": "f98189c412c0ae814c3482355731ada2",
      "Crcs2Md5": "c9f4ba3ce02165a472dc45d8181498dd",
      "Sets": {
        "4": [
          "King of Fighters - R-1 (1998)(SNK)(en-ja)[tr es Ele_91][base ROM unknown]"
        ],
        "6": [
          "27869"
        ]
      },
      "Overview": {
        "en": [
          2
        ]
      },
      "Size": 2097152,
      "Publishers": [
        0
      ],
      "Developers": [
        0
      ],
      "Tags": [
        7,
        9
      ],
      "ReleaseDate": "1/1/1998",
      "ESRB": "E",
      "Genres": [
        0
      ],
      "Languages": [
        "en",
        "ja"
      ]
    },
    {
      "Titles": [
        "King of Fighters R-1 & Melon-chan no Seichou Nikki",
        "King of Fighters R-1 - Pocket Kakutou Series & Melon-chan no Seichou Nikki",
        "King of Fighters - R-1 & Melon Chan no Seichou Nikki"
      ],
      "Serials": [
        "NEOP00130"
      ],
      "Sha1s2Md5": "6a8022ba613400e34e899f20af4ec694",
      "Crcs2Md5": "7c87e155f0d23cd154d5905dd010f94d",
      "Sets": {
        "1": [
          "kof_mlon"
        ],
        "2": [
          "King of Fighters R-1 - Pocket Kakutou Series & Melon-chan no Seichou Nikki (Japan) (Demo)"
        ],
        "4": [
          "King of Fighters - R-1 & Melon Chan no Seichou Nikki (demo) (199x)(SNK)(JP)"
        ]
      },
      "Version": "demo",
      "Size": 2097152,
      "Publishers": [
        0
      ],
      "Tags": [
        0,
        2
      ],
      "Regions": [
        "JP"
      ]
    },
    {
      "Titles": [
        "Master of Syougi"
      ],
      "Sha1s2Md5": "dd2ed5ecb6401c70f42f1d74c106705e",
      "Crcs2Md5": "9e8ce00fccefd7762f06650333bd63f4",
      "Sets": {
        "4": [
          "Master of Syougi (1998)(ADK)(JP)[b2]"
        ]
      },
      "Size": 524288,
      "Publishers": [
        2
      ],
      "ReleaseDate": "1/1/1998",
      "Regions": [
        "JP"
      ]
    },
    {
      "Titles": [
        "Master of Syougi"
      ],
      "Sha1s2Md5": "79fc7efd8d54b100629cffe436bb0430",
      "Crcs2Md5": "ccf741f927082c9839ab5ffb28e2da05",
      "Sets": {
        "4": [
          "Master of Syougi (1998)(ADK)(JP)[b]"
        ]
      },
      "Size": 524287,
      "Publishers": [
        2
      ],
      "Tags": [
        4
      ],
      "ReleaseDate": "1/1/1998",
      "Regions": [
        "JP"
      ]
    },
    {
      "Titles": [
        "Melon Chan no Seichou Nikki"
      ],
      "Sha1s2Md5": "e4cb1aa779c066d3c021c43a2228220d",
      "Crcs2Md5": "3183a911ebddcffea1bd2ebd32aac821",
      "Sets": {
        "4": [
          "Melon Chan no Seichou Nikki (1998)(ADK)(JP)"
        ]
      },
      "Size": 1048576,
      "Publishers": [
        2
      ],
      "ReleaseDate": "1/1/1998",
      "Regions": [
        "JP"
      ]
    },
    {
      "Titles": [
        "Melon Chan no Seichou Nikki"
      ],
      "Sha1s2Md5": "f206451a9adc41a5e9e117dc9a772077",
      "Crcs2Md5": "f73b7d217d6103c104634d7562218905",
      "Sets": {
        "4": [
          "Melon Chan no Seichou Nikki (1998)(ADK)(JP)[a]"
        ]
      },
      "Size": 1048576,
      "Publishers": [
        2
      ],
      "Tags": [
        5
      ],
      "ReleaseDate": "1/1/1998",
      "Regions": [
        "JP"
      ]
    },
    {
      "Titles": [
        "Melon-chan no Seichou Nikki",
        "Melon Chan no Seichou Nikki"
      ],
      "Serials": [
        "NEOP00040"
      ],
      "Sha1s2Md5": "0f7dd3c400aeb0779c9ba8c2ceff67dc",
      "Crcs2Md5": "16a4851edc866ddd95530814c91be449",
      "Sets": {
        "1": [
          "melonchn"
        ],
        "2": [
          "Melon-chan no Seichou Nikki (Japan)"
        ],
        "4": [
          "Melon Chan no Seichou Nikki (1998)(ADK)(JP)[m save data]"
        ],
        "6": [
          "34149"
        ]
      },
      "Overview": {
        "en": [
          7
        ]
      },
      "Size": 1048576,
      "Publishers": [
        0,
        2
      ],
      "Developers": [
        2
      ],
      "Tags": [
        3
      ],
      "ReleaseDate": "1/1/1998",
      "Genres": [
        3
      ],
      "Regions": [
        "JP"
      ]
    },
    {
      "Titles": [
        "Neo Cherry Master - Pocket Casino Series",
        "Pocket Casino Series - Neo Cherry Master",
        "Neo Cherry Master - Real Casino Series",
        "Neo Cherry Master"
      ],
      "Serials": [
        "NEOP00140"
      ],
      "Sha1s2Md5": "d9f9ffbebfc8cc869dd51232d975fccc",
      "Crcs2Md5": "76669415943507c945e595d33bf2fb40",
      "Sets": {
        "1": [
          "neocher"
        ],
        "2": [
          "Neo Cherry Master - Real Casino Series (Japan) (En,Ja)"
        ],
        "4": [
          "Neo Cherry Master (1998)(Dyna)(JP)(en-ja)"
        ],
        "6": [
          "27870"
        ]
      },
      "Overview": {
        "en": [
          3
        ]
      },
      "Size": 1048576,
      "Publishers": [
        0,
        3
      ],
      "Developers": [
        3
      ],
      "ReleaseDate": "1/1/1998",
      "Genres": [
        2
      ],
      "Regions": [
        "EU",
        "JP"
      ],
      "Languages": [
        "en",
        "ja"
      ]
    },
    {
      "Titles": [
        "NeoGeo Cup '98"
      ],
      "Sha1s2Md5": "7375878a82b88cea2d8a570fdce534ad",
      "Crcs2Md5": "d368d1228f285f01e8f245494ea2253f",
      "Sets": {
        "4": [
          "NeoGeo Cup '98 (1998)(SNK)(JP)(en-ja)[a]"
        ]
      },
      "Size": 1048576,
      "Publishers": [
        0
      ],
      "Tags": [
        5
      ],
      "ReleaseDate": "1/1/1998",
      "Regions": [
        "JP"
      ],
      "Languages": [
        "en",
        "ja"
      ]
    },
    {
      "Titles": [
        "Pocket Fighting Series - King of Fighters R-1",
        "King of Fighters R-1 - Pocket Fighting Series",
        "King of Fighters - R-1"
      ],
      "Serials": [
        "NEOP00010"
      ],
      "Sha1s2Md5": "93f7a32efa82ccb2fa0508c525d5e71f",
      "Crcs2Md5": "22644a5df7e45097f811a1c15839af04",
      "Sets": {
        "1": [
          "kofr1"
        ],
        "2": [
          "King of Fighters R-1 - Pocket Fighting Series (Japan, Europe) (En,Ja)"
        ],
        "4": [
          "King of Fighters - R-1 (1998)(SNK)(en-ja)"
        ],
        "6": [
          "27869"
        ]
      },
      "Overview": {
        "en": [
          2
        ]
      },
      "Size": 2097152,
      "Publishers": [
        0
      ],
      "Developers": [
        0
      ],
      "Tags": [
        9
      ],
      "ReleaseDate": "1/1/1998",
      "ESRB": "E",
      "Genres": [
        0
      ],
      "Regions": [
        "EU",
        "JP"
      ],
      "Languages": [
        "en",
        "ja"
      ]
    },
    {
      "Titles": [
        "Pocket Sports Series - Baseball Stars",
        "Baseball Stars - Pocket Sports Series",
        "Baseball Stars v1.10"
      ],
      "Serials": [
        "NEOP00070"
      ],
      "Sha1s2Md5": "4f804fc94ccfc90260381d093b9bd376",
      "Crcs2Md5": "e681129184833dbb74b403763a2f24db",
      "Sets": {
        "1": [
          "bstars"
        ],
        "2": [
          "Baseball Stars - Pocket Sports Series (Japan, Europe) (En,Ja)"
        ],
        "4": [
          "Baseball Stars v1.10 (1998)(Saurus - SNK)(en-ja)[m save data]"
        ],
        "6": [
          "27868"
        ]
      },
      "Overview": {
        "en": [
          1
        ]
      },
      "Version": "v1.10",
      "Size": 1048576,
      "Publishers": [
        0,
        1
      ],
      "Developers": [
        0
      ],
      "Tags": [
        3,
        9
      ],
      "ReleaseDate": "1/1/1998",
      "Genres": [
        1
      ],
      "Regions": [
        "EU",
        "JP"
      ],
      "Languages": [
        "en",
        "ja"
      ]
    },
    {
      "Titles": [
        "Pocket Sports Series - Neo Geo Cup '98",
        "Neo Geo Cup '98",
        "NeoGeo Cup '98"
      ],
      "Serials": [
        "NEOP00020"
      ],
      "Sha1s2Md5": "c129c9977dcc8d49d44dd34fe15ac54a",
      "Crcs2Md5": "e75b8f597bbaad0ba15c4199a31f0d44",
      "Sets": {
        "1": [
          "neocup98"
        ],
        "2": [
          "Neo Geo Cup '98 (Japan, Europe) (En,Ja)"
        ],
        "4": [
          "NeoGeo Cup '98 (1998)(SNK)(JP)(en-ja)"
        ],
        "6": [
          "27871"
        ]
      },
      "Overview": {
        "en": [
          4
        ]
      },
      "Size": 1048576,
      "Publishers": [
        0
      ],
      "Developers": [
        0
      ],
      "Tags": [
        9
      ],
      "ReleaseDate": "1/1/1998",
      "ESRB": "E",
      "Genres": [
        1
      ],
      "Regions": [
        "EU",
        "JP"
      ],
      "Languages": [
        "en",
        "ja"
      ]
    },
    {
      "Titles": [
        "Pocket Sports Series - Pocket Tennis",
        "Pocket Tennis - Pocket Sports Series"
      ],
      "Serials": [
        "NEOP00090"
      ],
      "Sha1s2Md5": "7be4505205a0add219a206c180517422",
      "Crcs2Md5": "ee2fa9c859dc700ab9b7d8eb02d077e3",
      "Sets": {
        "1": [
          "ptennis"
        ],
        "2": [
          "Pocket Tennis - Pocket Sports Series (Japan, Europe) (En,Ja)"
        ],
        "4": [
          "Pocket Tennis - Pocket Sports Series (1998)(Yumekobo)(en-ja)"
        ],
        "6": [
          "27872"
        ]
      },
      "Overview": {
        "en": [
          5
        ]
      },
      "Size": 524288,
      "Publishers": [
        0,
        4
      ],
      "Developers": [
        5
      ],
      "Tags": [
        9
      ],
      "ReleaseDate": "1/1/1998",
      "ESRB": "E",
      "Genres": [
        1
      ],
      "Regions": [
        "EU",
        "JP"
      ],
      "Languages": [
        "en",
        "ja"
      ]
    },
    {
      "Titles": [
        "Pocket Tennis - Pocket Sports Series"
      ],
      "Sha1s2Md5": "178a488e2a585b6cd9c3d0aca6a0d555",
      "Crcs2Md5": "6610ae335cce31f1b77fda2f4e253d23",
      "Sets": {
        "4": [
          "Pocket Tennis - Pocket Sports Series (1998)(Yumekobo)(en-ja)[a]"
        ],
        "6": [
          "27872"
        ]
      },
      "Overview": {
        "en": [
          5
        ]
      },
      "Size": 524288,
      "Publishers": [
        4,
        0
      ],
      "Developers": [
        5
      ],
      "Tags": [
        5,
        9
      ],
      "ReleaseDate": "1/1/1998",
      "ESRB": "E",
      "Genres": [
        1
      ],
      "Languages": [
        "en",
        "ja"
      ]
    },
    {
      "Titles": [
        "Renketsu Puzzle Tsunagete Pon!"
      ],
      "Serials": [
        "NEOP00120"
      ],
      "Sha1s2Md5": "a9b74d2ba8c79a552b181ecdbbf8f0f2",
      "Crcs2Md5": "20878a49950fab26a46f519e2570f180",
      "Sets": {
        "1": [
          "tsunapn"
        ],
        "2": [
          "Renketsu Puzzle Tsunagete Pon! (Japan)"
        ],
        "4": [
          "Renketsu Puzzle Tsunagete Pon! (1998)(Yumekobo)(JP)"
        ],
        "6": [
          "34148"
        ]
      },
      "Overview": {
        "en": [
          6
        ]
      },
      "Size": 524288,
      "Publishers": [
        0,
        4
      ],
      "Developers": [
        5
      ],
      "Tags": [
        9
      ],
      "ReleaseDate": "1/1/1998",
      "ESRB": "E",
      "Genres": [
        2
      ],
      "Regions": [
        "JP"
      ]
    },
    {
      "Titles": [
        "Renketsu Puzzle Tsunagete Pon!"
      ],
      "Sha1s2Md5": "01fb22fdc1235973d035e6f2e20792e2",
      "Crcs2Md5": "b481201650b2a5f47a2eb2d00046b197",
      "Sets": {
        "4": [
          "Renketsu Puzzle Tsunagete Pon! (1998)(Yumekobo)(JP)[b]"
        ],
        "6": [
          "34148"
        ]
      },
      "Overview": {
        "en": [
          6
        ]
      },
      "Size": 524288,
      "Publishers": [
        4,
        0
      ],
      "Developers": [
        5
      ],
      "Tags": [
        4,
        9
      ],
      "ReleaseDate": "1/1/1998",
      "ESRB": "E",
      "Genres": [
        2
      ],
      "Regions": [
        "JP"
      ]
    },
    {
      "Titles": [
        "Samurai Shodown!",
        "Pocket Fighting Series - Samurai Spirit!  ~ Samurai Shodown!",
        "Samurai Shodown! - Pocket Fighting Series"
      ],
      "Serials": [
        "NEOP00080"
      ],
      "Sha1s2Md5": "cdf3bea6121791c48473900966d40bc7",
      "Crcs2Md5": "6a39cd48dc66c4ed67b4fc8944d8e406",
      "Sets": {
        "1": [
          "samsho"
        ],
        "2": [
          "Samurai Shodown! - Pocket Fighting Series (Japan, Europe) (En,Ja)"
        ],
        "4": [
          "Samurai Shodown! - Pocket Fighting Series (1998)(SNK)(en-ja)"
        ],
        "6": [
          "27583"
        ]
      },
      "Overview": {
        "en": [
          0
        ]
      },
      "Size": 2097152,
      "Publishers": [
        0
      ],
      "Developers": [
        0
      ],
      "Tags": [
        9
      ],
      "ReleaseDate": "1/1/1998",
      "Genres": [
        0
      ],
      "Regions": [
        "JP",
        "EU"
      ],
      "Languages": [
        "en",
        "ja"
      ]
    },
    {
      "Titles": [
        "Samurai Shodown!",
        "Samurai Shodown! - Pocket Fighting Series"
      ],
      "Sha1s2Md5": "98a43c2361b88016051dc6599dd6ead7",
      "Crcs2Md5": "be80525ff4cd6e228515da2951c2fac4",
      "Sets": {
        "4": [
          "Samurai Shodown! - Pocket Fighting Series (1998)(SNK)(en-ja)[t][button to increase blood]"
        ],
        "6": [
          "27583"
        ]
      },
      "Overview": {
        "en": [
          0
        ]
      },
      "Size": 2097152,
      "Publishers": [
        0
      ],
      "Developers": [
        0
      ],
      "Tags": [
        8,
        9
      ],
      "ReleaseDate": "1/1/1998",
      "Genres": [
        0
      ],
      "Languages": [
        "en",
        "ja"
      ]
    },
    {
      "Titles": [
        "Samurai Shodown!",
        "Samurai Shodown! - Pocket Fighting Series"
      ],
      "Sha1s2Md5": "37cd0598073285bd00e9f0e52b8a8077",
      "Crcs2Md5": "254227fe146ddae500fd054ba3f8cd97",
      "Sets": {
        "4": [
          "Samurai Shodown! - Pocket Fighting Series (1998)(SNK)(en-ja)[tr es Max1323]"
        ],
        "6": [
          "27583"
        ]
      },
      "Overview": {
        "en": [
          0
        ]
      },
      "Size": 2097152,
      "Publishers": [
        0
      ],
      "Developers": [
        0
      ],
      "Tags": [
        7,
        9
      ],
      "ReleaseDate": "1/1/1998",
      "Genres": [
        0
      ],
      "Languages": [
        "en",
        "ja"
      ]
    },
    {
      "Titles": [
        "Shougi no Tatsujin",
        "Master of Syougi"
      ],
      "Serials": [
        "NEOP00050"
      ],
      "Sha1s2Md5": "9b77ea0611ea2894323f3bfcb072c8d3",
      "Crcs2Md5": "35a512766d061a4dc1491405c9d09a1c",
      "Sets": {
        "1": [
          "shougi"
        ],
        "2": [
          "Shougi no Tatsujin (Japan)"
        ],
        "4": [
          "Master of Syougi (1998)(ADK)(JP)"
        ]
      },
      "Size": 524288,
      "Publishers": [
        0,
        2
      ],
      "ReleaseDate": "1/1/1998",
      "Regions": [
        "JP"
      ]
    }
  ],
  "Overviews": {
    "en": {
      "0": "Iza To! En Garde! Dude! Twelve of the mightiest samurai, ninja, knights, and warriors from Japan, France, the United States, and China lock swords in NEO GEO's SAMURAI SHODOWN. With blades, bare knuckles, rage, and various Methods of Mayhem, fight your way to the final battle with Satan's Shogun. Use all powers at your disposal to get a head!",
      "1": "Baseball Stars is sports game about baseball. Game is similar to Baseball Stars from NES but has less realistic characters and gameplay's style. You manage own baseball team and play in series of matches. Game has typical baseball rules - one player throws the ball, second hits the ball, someone else grabs it etc. Each character has own statistics, like stamina.",
      "2": "The King of Fighters: R1 marks SNK's first time bringing the KOF series onto a handheld... and what better system than their own Neo Geo Pocket to do just that? 14 of the most well known KOF characters make their appearance in KOF: R-1, along with some recognizable backgrounds and gameplay features based on The King of Fighters '97. Players can choose from \"Extra\" & \"Advance\" play modes similar to KOF '97, and most characters play closely to their original versions.",
      "3": "Neo Cherry Master (or Real Casino Series: Neo Cherry Master) is a fruit machine/\"one-armed bandit\" simulator. Simple - spin the reels and wait for luck - identical fruits in the row. Controls are simple: player push A button to spin the reels and the B button to increase \"credits\". No real gambling – player can't lose real money.",
      "4": "Neo Geo Cup '98 Plus is a soccer game for the Neo Geo Pocket. The game features single match play, head-to-head play (using a link cable), and story mode. You can choose to play one of 16 international teams. Each team has their own collective stats. On the field you can perform passes, shots, dribbles, slidings and charges. In the story mode you have to win as many matches as possible in a series of tournaments. Before and during matches you can change the field formations and switch players. Each won match gives you prize money, this can be used to buy items for your team. These items usually improve one stat, but decrease another.",
      "5": "Pocket Tennis a simple tennis game with two play modes: Exhibition and Tournament.\r\n\r\nExhibition is a single match against computer or human opponent (requires link cable). There do exist eight player characters with different skills (human player must select one of those eight characters too) and four (five in the color version) different courts. Also amount of sets per game can be selected (1, 3 or 5).\r\n\r\nTournament is only against computer. Human player can pick his/her character but not the computer opponent. Also selection of courts and amount of sets is missing. Three games will be played: quarter and semifinals and of course the final.",
      "6": "Renketsu Puzzle Tsunagete Pon! is a game where blocks  have to be dissolved. New blocks constantly scroll into the screen from the top. The game is over when the first blocks reach the bottom of the screen.",
      "7": "Melon Chan's Growth Diary (Japan: Melon-chan no Seichouki) is a Life simulation game it is comparable to Tamagotchi and other virtual life simulations. In Melon Chan's Growth Diary the player raises and nurtures little girl Melon Chan. The games was only released in Japan and was one of the earliest titles released for the Neo Geo Pocket.\r\n\r\nThe game was released for the Neo Geo Pocket and features monochrome graphics; however the Neo Geo Pocket Color is backwards compatible with the game."
    }
  },
  "Genres": {
    "0": "Fighting",
    "1": "Sports",
    "2": "Puzzle",
    "3": "Life Simulation"
  },
  "Companies": {
    "0": "SNK",
    "1": "Saurus",
    "2": "ADK",
    "3": "Dyna",
    "4": "Yumekobo",
    "5": "Yumekobo Co.,"
  },
  "Tags": {
    "0": "Proto",
    "1": "BIOS",
    "2": "Demo",
    "3": "Modified",
    "4": "Bad Dump",
    "5": "Alternate",
    "6": "Hacked",
    "7": "Translated",
    "8": "Trained",
    "9": "2 Player"
  }
}