{
  "PlatformName": "Game Master",
  "LastUpdate": "6/25/2022 4:50:18 AM",
  "Games": [
    {
      "Titles": [
        "[BIOS] Hartung Game Master"
      ],
      "Sha1s2Md5": "e13682b757d75f4ed7fb6c01a882f567",
      "Crcs2Md5": "24b7e8e3cb984a7745f94fe46206b5fb",
      "Sets": {
        "2": [
          "[BIOS] Hartung Game Master (Germany)"
        ]
      },
      "Size": 4096,
      "Tags": [
        0
      ],
      "Regions": [
        "DE"
      ],
      "Languages": [
        "de"
      ]
    },
    {
      "Titles": [
        "3-on-3 Soccer",
        "Fuss-ball"
      ],
      "Sha1s2Md5": "9942a2a97f91b8123a9dab3df8f3be33",
      "Crcs2Md5": "3416b2638519d9421381b4206b12ccf8",
      "Sets": {
        "1": [
          "fussball"
        ],
        "2": [
          "Fuss-ball (Germany)"
        ]
      },
      "Size": 32768,
      "Publishers": [
        0
      ],
      "ReleaseDate": "1/1/1990",
      "Regions": [
        "DE"
      ],
      "Languages": [
        "de"
      ]
    },
    {
      "Titles": [
        "Bubble Boy"
      ],
      "Sha1s2Md5": "9869288bb8570fdf372f389076191d94",
      "Crcs2Md5": "5226ea0bc37f27cc1f0913c214ac1ce8",
      "Sets": {
        "1": [
          "bublboy"
        ],
        "2": [
          "Bubble Boy (Germany)"
        ]
      },
      "Size": 16384,
      "Publishers": [
        0
      ],
      "ReleaseDate": "1/1/1990",
      "Regions": [
        "DE"
      ],
      "Languages": [
        "de"
      ]
    },
    {
      "Titles": [
        "Car Racing"
      ],
      "Sha1s2Md5": "2d30e1689733402c7b51b6b8754969f6",
      "Crcs2Md5": "fb14e63904ee23c3967f77f6eae0b6f5",
      "Sets": {
        "1": [
          "carracing"
        ],
        "2": [
          "Car Racing (Germany)"
        ]
      },
      "Size": 32768,
      "Publishers": [
        0
      ],
      "ReleaseDate": "1/1/1990",
      "Regions": [
        "DE"
      ],
      "Languages": [
        "de"
      ]
    },
    {
      "Titles": [
        "Continental Galaxy 2020"
      ],
      "Sha1s2Md5": "94b70a5c4d5cd8a7358ab039ee0c30d2",
      "Crcs2Md5": "c15c321f749b74200ec4ffd1bfc2a8b2",
      "Sets": {
        "1": [
          "cg2020"
        ],
        "2": [
          "Continental Galaxy 2020 (Germany)"
        ]
      },
      "Size": 16384,
      "Publishers": [
        0
      ],
      "ReleaseDate": "1/1/1990",
      "Regions": [
        "DE"
      ],
      "Languages": [
        "de"
      ]
    },
    {
      "Titles": [
        "Dungeon Adventure"
      ],
      "Sha1s2Md5": "0a8bb680644c38940ca953b22559024e",
      "Crcs2Md5": "6499078493c66135e41ff699f7f957a7",
      "Sets": {
        "1": [
          "dungeon"
        ],
        "2": [
          "Dungeon Adventure (Germany)"
        ]
      },
      "Size": 32768,
      "Publishers": [
        0
      ],
      "ReleaseDate": "1/1/1990",
      "Regions": [
        "DE"
      ],
      "Languages": [
        "de"
      ]
    },
    {
      "Titles": [
        "Falling Block!"
      ],
      "Sha1s2Md5": "85e3d07df7180491540a799648c5ddb6",
      "Crcs2Md5": "28c4949cbb36ded8cd30b7299b5fe5ca",
      "Sets": {
        "1": [
          "fallbloc"
        ],
        "2": [
          "Falling Block! (Germany)"
        ]
      },
      "Size": 8192,
      "Publishers": [
        0
      ],
      "ReleaseDate": "1/1/1990",
      "Regions": [
        "DE"
      ],
      "Languages": [
        "de"
      ]
    },
    {
      "Titles": [
        "Finite Zone"
      ],
      "Sha1s2Md5": "5a00b3360bdf5c028e800bd9d6563aa8",
      "Crcs2Md5": "6c01956beeb152595b9e3285b277f6e6",
      "Sets": {
        "1": [
          "finitezn"
        ]
      },
      "Size": 16384,
      "Publishers": [
        0
      ]
    },
    {
      "Titles": [
        "Go Bang"
      ],
      "Sha1s2Md5": "28dd1ecef4e524ad320c9102cc1ad83f",
      "Crcs2Md5": "1171fea1a5f3a28ccb5fbc60e6c69ee8",
      "Sets": {
        "1": [
          "gobang"
        ],
        "2": [
          "Go Bang (Germany)"
        ]
      },
      "Size": 16384,
      "Publishers": [
        0
      ],
      "ReleaseDate": "1/1/1990",
      "Regions": [
        "DE"
      ],
      "Languages": [
        "de"
      ]
    },
    {
      "Titles": [
        "Hyper Space"
      ],
      "Sha1s2Md5": "2b466be970076f0c7b43a11675e25813",
      "Crcs2Md5": "4e205e1337b4292351b20048fbf69d44",
      "Sets": {
        "1": [
          "hspace"
        ],
        "2": [
          "Hyper Space (Germany)"
        ]
      },
      "Size": 32768,
      "Publishers": [
        0
      ],
      "ReleaseDate": "1/1/1990",
      "Regions": [
        "DE"
      ],
      "Languages": [
        "de"
      ]
    },
    {
      "Titles": [
        "Kung Fu Challenge"
      ],
      "Sha1s2Md5": "344d40cdc0cc3b6b2c37fbf9a3efa09d",
      "Crcs2Md5": "bf3b95f8ebe19190462da9913745a52b",
      "Sets": {
        "1": [
          "kungfu"
        ],
        "2": [
          "Kung Fu Challenge (Germany)"
        ]
      },
      "Size": 32768,
      "Publishers": [
        0
      ],
      "ReleaseDate": "1/1/1990",
      "Regions": [
        "DE"
      ],
      "Languages": [
        "de"
      ]
    },
    {
      "Titles": [
        "Move It"
      ],
      "Sha1s2Md5": "847ebd8aa0538547da6bc62e03a1653c",
      "Crcs2Md5": "23c81308ffe2620aeba914ff71ea8627",
      "Sets": {
        "1": [
          "moveit"
        ],
        "2": [
          "Move It (Germany)"
        ]
      },
      "Size": 32768,
      "Publishers": [
        0
      ],
      "Regions": [
        "DE"
      ],
      "Languages": [
        "de"
      ]
    },
    {
      "Titles": [
        "Pin Ball"
      ],
      "Sha1s2Md5": "977480cae6c8bc4640284ef04e753880",
      "Crcs2Md5": "9f5d8f1ee2ba74dbd78818ef9e6ac595",
      "Sets": {
        "1": [
          "pinball"
        ],
        "2": [
          "Pin Ball (Germany)"
        ]
      },
      "Size": 32768,
      "Publishers": [
        0
      ],
      "ReleaseDate": "1/1/1990",
      "Regions": [
        "DE"
      ],
      "Languages": [
        "de"
      ]
    },
    {
      "Titles": [
        "Space Castle"
      ],
      "Sha1s2Md5": "19a6d58a5c8bf8c9dcf0ea9f259d2bc5",
      "Crcs2Md5": "3ed225a843ec4ea50f0500f70ba1cdd2",
      "Sets": {
        "1": [
          "scastle"
        ],
        "2": [
          "Space Castle (Germany)"
        ]
      },
      "Size": 16384,
      "Publishers": [
        0
      ],
      "ReleaseDate": "1/1/1990",
      "Regions": [
        "DE"
      ],
      "Languages": [
        "de"
      ]
    },
    {
      "Titles": [
        "Space Invader"
      ],
      "Sha1s2Md5": "d010599db10bfb5f44c405512105a47b",
      "Crcs2Md5": "3efedaf53971f06208b685cf9d4791b1",
      "Sets": {
        "1": [
          "spaceinv"
        ]
      },
      "Size": 32768,
      "Publishers": [
        0
      ],
      "ReleaseDate": "1/1/1992"
    },
    {
      "Titles": [
        "Space Warrior"
      ],
      "Sha1s2Md5": "fdd49c7c7d040fb7711645e4170ab1f0",
      "Crcs2Md5": "e1b26c9b10bfb9e40d09dd66cf115a94",
      "Sets": {
        "1": [
          "swarrior"
        ]
      },
      "Size": 32768,
      "Publishers": [
        0
      ]
    },
    {
      "Titles": [
        "Tank War"
      ],
      "Sha1s2Md5": "9c131a4d5fc475f0575f9b55827f0c91",
      "Crcs2Md5": "dc6151f1f74829a7bbb653987d0bb35a",
      "Sets": {
        "1": [
          "tankwar"
        ]
      },
      "Size": 32768,
      "Publishers": [
        0
      ]
    },
    {
      "Titles": [
        "Tennis Master"
      ],
      "Sha1s2Md5": "25869db8aa727bdb8eef9188e8c81a19",
      "Crcs2Md5": "040c1f42db04173012f2246c35c7c6bd",
      "Sets": {
        "1": [
          "tennism"
        ],
        "2": [
          "Tennis Master (Germany)"
        ]
      },
      "Size": 32768,
      "Publishers": [
        0
      ],
      "ReleaseDate": "1/1/1990",
      "Regions": [
        "DE"
      ],
      "Languages": [
        "de"
      ]
    },
    {
      "Titles": [
        "Urban Champion"
      ],
      "Sha1s2Md5": "d1d8aeaf8fbabbd812c374fc5df0a3ab",
      "Crcs2Md5": "ed7b29f3eb889c62ad7b6894de316f07",
      "Sets": {
        "1": [
          "uchamp"
        ],
        "2": [
          "Urban Champion (Germany)"
        ]
      },
      "Size": 32768,
      "Publishers": [
        0
      ],
      "ReleaseDate": "1/1/1990",
      "Regions": [
        "DE"
      ],
      "Languages": [
        "de"
      ]
    }
  ],
  "Overviews": {},
  "Genres": {},
  "Companies": {
    "0": "Hartung"
  },
  "Tags": {
    "0": "BIOS"
  }
}