{
  "PlatformName": "GP32",
  "LastUpdate": "6/25/2022 4:50:20 AM",
  "Games": [
    {
      "Titles": [
        "[BIOS] GamePark GP32"
      ],
      "Sha1s2Md5": "360ca8da0c87ed54d27a8b285106a5c6",
      "Crcs2Md5": "007e5c2afae9b5854511db5a096367a3",
      "Sets": {
        "2": [
          "[BIOS] GamePark GP32 (Europe) (v1.5.7)"
        ]
      },
      "Size": 524288,
      "Tags": [
        0
      ],
      "Regions": [
        "EU"
      ]
    },
    {
      "Titles": [
        "[BIOS] GamePark GP32"
      ],
      "Sha1s2Md5": "e27a538035adee96c3de007650cca812",
      "Crcs2Md5": "3642bb5b2f02c638cc8a4080561932f2",
      "Sets": {
        "2": [
          "[BIOS] GamePark GP32 (Korea) (v1.5.6)"
        ]
      },
      "Size": 524288,
      "Tags": [
        0
      ],
      "Regions": [
        "KR"
      ]
    },
    {
      "Titles": [
        "[BIOS] GamePark GP32"
      ],
      "Sha1s2Md5": "41e71a4ac4eb9a4d13644c83b068c239",
      "Crcs2Md5": "d4074335ad6c61589122a5c2ffacbc19",
      "Sets": {
        "2": [
          "[BIOS] GamePark GP32 (Europe) (v1.6.6) (Beta)"
        ]
      },
      "Size": 524288,
      "Tags": [
        1,
        0
      ],
      "Regions": [
        "EU"
      ]
    },
    {
      "Titles": [
        "[BIOS] GamePark GP32"
      ],
      "Sha1s2Md5": "4258ee9f0d2cac463c49bd3e6c0cba69",
      "Crcs2Md5": "3071e57c28750b107a70c9ab159eda5e",
      "Sets": {
        "2": [
          "[BIOS] GamePark GP32 (Europe) (v1.6.6)"
        ]
      },
      "Size": 524288,
      "Tags": [
        0
      ],
      "Regions": [
        "EU"
      ]
    },
    {
      "Titles": [
        "[BIOS] GamePark GP32"
      ],
      "Sha1s2Md5": "cdb60e2c93f721f1ed0ae7310f07b1ae",
      "Crcs2Md5": "2841773a3b668f197e7973034d69504e",
      "Sets": {
        "2": [
          "[BIOS] GamePark GP32 (Korea) (v1.0.0)"
        ]
      },
      "Size": 524288,
      "Tags": [
        0
      ],
      "Regions": [
        "KR"
      ]
    },
    {
      "Titles": [
        "[BIOS] GamePark GP32"
      ],
      "Sha1s2Md5": "b133c1e0d9eb53dcbe8e9395846387ea",
      "Crcs2Md5": "88a71344d253ba45b1545f981968a7be",
      "Sets": {
        "2": [
          "[BIOS] GamePark GP32 (Europe) (v1.6.6) (2004-10-10)"
        ]
      },
      "Size": 524288,
      "Tags": [
        0
      ],
      "Regions": [
        "EU"
      ]
    },
    {
      "Titles": [
        "[BIOS] GamePark GP32"
      ],
      "Sha1s2Md5": "f08021e5e5b27b32b6e5371c1ca37d5e",
      "Crcs2Md5": "414c1c3aca8b850ec0f490eaf57c64e6",
      "Sets": {
        "2": [
          "[BIOS] GamePark GP32 (Europe) (v1.6.6) (2003-05-21)"
        ]
      },
      "Size": 524288,
      "Tags": [
        0
      ],
      "Regions": [
        "EU"
      ]
    },
    {
      "Titles": [
        "Astonishia Story R"
      ],
      "Sha1s2Md5": "e43792888e45aeda6fb210a2e91a9a19",
      "Crcs2Md5": "be49d717fe4e3e709e7bd3e879f9eb5d",
      "Sets": {
        "1": [
          "astonish"
        ],
        "2": [
          "Astonishia Story R (Korea)"
        ],
        "4": [
          "Astonishia Story R (2002)(Gamepark)(KR)"
        ]
      },
      "Size": 34604032,
      "Publishers": [
        0
      ],
      "ReleaseDate": "1/1/2002",
      "Regions": [
        "KR"
      ]
    },
    {
      "Titles": [
        "Blue Angelo - Angels from the Shrine"
      ],
      "Sha1s2Md5": "b0491e86d44e7c9d57209626400ac977",
      "Crcs2Md5": "f009d3eee0247801a5892f087bae2639",
      "Sets": {
        "1": [
          "blueangl"
        ],
        "2": [
          "Blue Angelo - Angels from the Shrine (Europe) (En,Fr,De,Es,It,Pt)"
        ],
        "4": [
          "Blue Angelo - Angels from the Shrine (2005)(Shibuya Interactive)(EU)(M6)"
        ]
      },
      "Size": 17302528,
      "Publishers": [
        1
      ],
      "ReleaseDate": "1/1/2005",
      "Regions": [
        "EU"
      ],
      "Languages": [
        "en",
        "fr",
        "de",
        "es",
        "it",
        "pt"
      ]
    },
    {
      "Titles": [
        "Dooly Soccer 2002"
      ],
      "Sha1s2Md5": "54ac7cd01052b7190a774a91737e1834",
      "Crcs2Md5": "5e9ddf4eb336fa0e90eedbffb0d649c9",
      "Sets": {
        "1": [
          "doolysoc"
        ],
        "2": [
          "Dooly Soccer 2002 (Korea)"
        ],
        "4": [
          "Dooly Soccer 2002 (2002)(Gamepark)(KR)"
        ]
      },
      "Size": 17302528,
      "Publishers": [
        0
      ],
      "ReleaseDate": "1/1/2002",
      "Regions": [
        "KR"
      ]
    },
    {
      "Titles": [
        "Dungeon & Guarder",
        "Dungeon & Guarder - Dragon Gore"
      ],
      "Sha1s2Md5": "cea9697a4837c647d5605fa7730f9b14",
      "Crcs2Md5": "765c1f7f9dc9b82a71d80e2ae88c635e",
      "Sets": {
        "1": [
          "dunguard"
        ],
        "2": [
          "Dungeon & Guarder - Dragon Gore (Korea)"
        ],
        "4": [
          "Dungeon & Guarder - Dragon Gore (2001)(Gamepark)(KR)"
        ]
      },
      "Size": 17302528,
      "Publishers": [
        0
      ],
      "ReleaseDate": "1/1/2001",
      "Regions": [
        "KR"
      ]
    },
    {
      "Titles": [
        "Dungeon & Guarder",
        "Dungeon & Guarder - Dragon Gore"
      ],
      "Sha1s2Md5": "009cd288f6899a50dcfc5c35aec6bd52",
      "Crcs2Md5": "7a5d862b0346051cceb3ce01cb5509fc",
      "Sets": {
        "1": [
          "dunguarde"
        ],
        "2": [
          "Dungeon & Guarder - Dragon Gore (Europe)"
        ],
        "4": [
          "Dungeon & Guarder - Dragon Gore (2001)(Gamepark)(EU)"
        ]
      },
      "Size": 17302528,
      "Publishers": [
        0
      ],
      "CloneOf": "dunguard",
      "ReleaseDate": "1/1/2001",
      "Regions": [
        "EU"
      ]
    },
    {
      "Titles": [
        "Dyhard - Infinity",
        "Dyhard - With Infinite Stairs"
      ],
      "Sha1s2Md5": "02282defd8f710f3266114ec92dbf757",
      "Crcs2Md5": "6e27427e4f8d6e2fe5d41dfffe6fd640",
      "Sets": {
        "1": [
          "dyhard"
        ],
        "2": [
          "Dyhard - With Infinite Stairs (Korea)"
        ],
        "4": [
          "Dyhard - Infinity (2001)(Gamepark)(KR)"
        ]
      },
      "Size": 17302528,
      "Publishers": [
        0
      ],
      "ReleaseDate": "1/1/2001",
      "Regions": [
        "KR"
      ]
    },
    {
      "Titles": [
        "Dyhard - Infinity",
        "Dyhard - With Infinite Stairs"
      ],
      "Sha1s2Md5": "e63ffa6459b0ac7f8dafcaa766f7005b",
      "Crcs2Md5": "863b293d00b3f47fcb7788a679c3c1d5",
      "Sets": {
        "1": [
          "dyharde"
        ],
        "2": [
          "Dyhard - With Infinite Stairs (Europe)"
        ],
        "4": [
          "Dyhard - Infinity (2001)(Gamepark)(EU)"
        ]
      },
      "Size": 17302528,
      "Publishers": [
        0
      ],
      "CloneOf": "dyhard",
      "ReleaseDate": "1/1/2001",
      "Regions": [
        "EU"
      ]
    },
    {
      "Titles": [
        "DynaMate v1.0"
      ],
      "Sha1s2Md5": "a80e11c82640a6a2f740819079554bda",
      "Crcs2Md5": "8f5c57966c1874581f24a3352e42367b",
      "Sets": {
        "4": [
          "DynaMate v1.0 (200x)(Flavor)(FW)"
        ]
      },
      "Version": "v1.0",
      "Size": 840108,
      "Publishers": [
        6
      ],
      "Languages": [
        "en"
      ]
    },
    {
      "Titles": [
        "Dynamate v2.0"
      ],
      "Sha1s2Md5": "de5b54b97fe0759919dfeff5a7124885",
      "Crcs2Md5": "75c2d176aeb793bb975cd7fdcf480b09",
      "Sets": {
        "4": [
          "Dynamate v2.0 (2003-03-25)(Flavor)(FW)"
        ]
      },
      "Version": "v2.0",
      "Size": 889043,
      "Publishers": [
        6
      ],
      "ReleaseDate": "3/25/2003",
      "Languages": [
        "en"
      ]
    },
    {
      "Titles": [
        "Dynamate v2.0"
      ],
      "Sha1s2Md5": "8a12ae26e07fdc8df88f116bb14821bb",
      "Crcs2Md5": "4c2d3ac7ff2028547f81809f743f88cd",
      "Sets": {
        "4": [
          "Dynamate v2.0 (2003-03-25)(Flavor)(FW)"
        ]
      },
      "Version": "v2.0",
      "Size": 17302528,
      "Publishers": [
        6
      ],
      "ReleaseDate": "3/25/2003",
      "Languages": [
        "en"
      ]
    },
    {
      "Titles": [
        "Eunhaengnamu Sonyeo Mil",
        "Little Girl Mill of a Gingko, The"
      ],
      "Sha1s2Md5": "a00b58b0183e083b2578b7850361fb3d",
      "Crcs2Md5": "76978f9ff4e4b3ca3686d7e96899b7b7",
      "Sets": {
        "1": [
          "mil"
        ],
        "2": [
          "Little Girl Mill of a Gingko, The (Korea)"
        ],
        "4": [
          "Eunhaengnamu Sonyeo Mil (2003)(Gamepark)(KR)"
        ]
      },
      "Size": 17302528,
      "Publishers": [
        0
      ],
      "ReleaseDate": "1/1/2003",
      "Regions": [
        "KR"
      ]
    },
    {
      "Titles": [
        "Funny Soccer 2002"
      ],
      "Sha1s2Md5": "9df9f9aa04448d511333da5f82d57c29",
      "Crcs2Md5": "bc4f216fd69c56bc218b584c19bb8dd3",
      "Sets": {
        "1": [
          "funnysoc"
        ],
        "4": [
          "Funny Soccer 2002 (2002)(Gamepark)"
        ]
      },
      "Size": 34604032,
      "Publishers": [
        0
      ],
      "ReleaseDate": "1/1/2002",
      "Regions": [
        "KR"
      ]
    },
    {
      "Titles": [
        "Geunyeoui Gisadan Ganghaengdolpa",
        "Her Knights - All for Princess - Deadline"
      ],
      "Sha1s2Md5": "849fb2a1600699b114d368fbc54b1772",
      "Crcs2Md5": "e23cca85d10674f880481e256fc815b3",
      "Sets": {
        "1": [
          "herknite"
        ],
        "2": [
          "Her Knights - All for Princess - Deadline (Korea)"
        ],
        "4": [
          "Geunyeoui Gisadan Ganghaengdolpa (2002)(Gamepark)(KR)"
        ]
      },
      "Size": 17302528,
      "Publishers": [
        0
      ],
      "ReleaseDate": "1/1/2002",
      "Regions": [
        "KR"
      ]
    },
    {
      "Titles": [
        "GlooP Deluxe"
      ],
      "Sha1s2Md5": "545b0d44f26b1c5fd1e53123f3870215",
      "Crcs2Md5": "970fd103a36e76d7ead87da4746fa54a",
      "Sets": {
        "1": [
          "gloopdx"
        ],
        "4": [
          "GlooP Deluxe (2003)(Aeon Flame)(EU)"
        ]
      },
      "Size": 17302528,
      "Publishers": [
        2
      ],
      "ReleaseDate": "1/1/2003",
      "Regions": [
        "EU"
      ]
    },
    {
      "Titles": [
        "GP Daenantu ~ GP!!! Dairantou",
        "GP Fight",
        "GP Daenantu - GP!!! Dairantou"
      ],
      "Sha1s2Md5": "f8e5b9cf370a030930faafa6020942bf",
      "Crcs2Md5": "478d6c4892190679abea4edb5fa2f167",
      "Sets": {
        "1": [
          "gpdaenan"
        ],
        "2": [
          "GP Fight (Korea)"
        ],
        "4": [
          "GP Daenantu - GP!!! Dairantou (2003)(Gamepark)(KR)"
        ]
      },
      "Size": 17302528,
      "Publishers": [
        0
      ],
      "ReleaseDate": "1/1/2003",
      "Regions": [
        "KR"
      ]
    },
    {
      "Titles": [
        "Hany Party Game"
      ],
      "Sha1s2Md5": "bdf2852d6f6f602ccab6ecd7925a137f",
      "Crcs2Md5": "23aa7fc7522b85bc21e8b3131cf07b23",
      "Sets": {
        "1": [
          "hanypart"
        ],
        "2": [
          "Hany Party Game (Korea)"
        ],
        "4": [
          "Hany Party Game (2002)(Gamepark)(KR)"
        ]
      },
      "Size": 17302528,
      "Publishers": [
        0
      ],
      "ReleaseDate": "1/1/2002",
      "Regions": [
        "KR"
      ]
    },
    {
      "Titles": [
        "Her Knights - All for the Princess"
      ],
      "Sha1s2Md5": "698171154cc318a89338cc957d75b2f6",
      "Crcs2Md5": "337b532991875b04ad6fdfbe5edf0f40",
      "Sets": {
        "1": [
          "herknitee"
        ],
        "2": [
          "Her Knights - All for the Princess (Europe)"
        ],
        "4": [
          "Her Knights - All for the Princess (2002)(Gamepark)(EU)"
        ]
      },
      "Size": 17302528,
      "Publishers": [
        0
      ],
      "CloneOf": "herknite",
      "ReleaseDate": "1/1/2002",
      "Regions": [
        "EU"
      ]
    },
    {
      "Titles": [
        "Holeman Battle Race 2002"
      ],
      "Sha1s2Md5": "da1194f2a62bc6fd34f2c3cb03ead095",
      "Crcs2Md5": "40b93ddc993961ddc6ede00de23b1aa1",
      "Sets": {
        "1": [
          "holbatra"
        ],
        "4": [
          "Holeman Battle Race 2002 (2002)(MoongKle)(KR)"
        ]
      },
      "Size": 17302528,
      "Publishers": [
        3
      ],
      "ReleaseDate": "1/1/2002",
      "Regions": [
        "KR"
      ]
    },
    {
      "Titles": [
        "Kimchiman GP32"
      ],
      "Sha1s2Md5": "872426fd9d24110be307756f735ecbc9",
      "Crcs2Md5": "c62ba0d8fe3f6c19b5fbdd8b398cd934",
      "Sets": {
        "1": [
          "kimchimn"
        ],
        "2": [
          "Kimchiman GP32 (Korea)"
        ],
        "4": [
          "Kimchiman GP32 (2002)(Gamepark)(KR)"
        ]
      },
      "Size": 17302528,
      "Publishers": [
        0
      ],
      "ReleaseDate": "1/1/2002",
      "Regions": [
        "KR"
      ]
    },
    {
      "Titles": [
        "Little Wizard"
      ],
      "Sha1s2Md5": "cf96578d7d61b8efef235e2760a09d4e",
      "Crcs2Md5": "00b00c0049dbf5d42137a06031c1d88b",
      "Sets": {
        "1": [
          "ltwizard"
        ],
        "2": [
          "Little Wizard (Korea)"
        ],
        "4": [
          "Little Wizard (2001)(Gamepark)(KR)"
        ]
      },
      "Size": 17302528,
      "Publishers": [
        0
      ],
      "ReleaseDate": "1/1/2001",
      "Regions": [
        "KR"
      ]
    },
    {
      "Titles": [
        "Little Wizard"
      ],
      "Sha1s2Md5": "2704a3dbbdbd28f94c1b1c71436e143c",
      "Crcs2Md5": "46d48c0aaee8e39352474bead6ff68f2",
      "Sets": {
        "1": [
          "ltwizarde"
        ],
        "2": [
          "Little Wizard (Europe)"
        ],
        "4": [
          "Little Wizard (2001)(Gamepark)(EU)"
        ]
      },
      "Size": 17302528,
      "Publishers": [
        0
      ],
      "CloneOf": "ltwizard",
      "ReleaseDate": "1/1/2001",
      "Regions": [
        "EU"
      ]
    },
    {
      "Titles": [
        "One-Shot VOCA",
        "OneShot Voca"
      ],
      "Sha1s2Md5": "058a5e94303d68fafb0f25bdf690616f",
      "Crcs2Md5": "08ef658d1f09d03496d54970f3993dff",
      "Sets": {
        "1": [
          "oneshot"
        ],
        "2": [
          "OneShot Voca (Korea)"
        ],
        "4": [
          "One-Shot VOCA (2002)(Gamepark)(KR)"
        ]
      },
      "Size": 17302528,
      "Publishers": [
        0
      ],
      "ReleaseDate": "1/1/2002",
      "Regions": [
        "KR"
      ]
    },
    {
      "Titles": [
        "Pinball Dreams"
      ],
      "Sha1s2Md5": "1ee95764c35de9392038c43a6a7e9724",
      "Crcs2Md5": "780b2fec4c4341241c9e737f0e009331",
      "Sets": {
        "1": [
          "pinbdrea"
        ],
        "4": [
          "Pinball Dreams (2002)(Gamepark)(EU)"
        ]
      },
      "Size": 17302528,
      "Publishers": [
        0
      ],
      "ReleaseDate": "1/1/2002",
      "Regions": [
        "EU"
      ]
    },
    {
      "Titles": [
        "Princess Maker 2"
      ],
      "Sha1s2Md5": "cc0fd99666323f5a077b4d49279d7663",
      "Crcs2Md5": "8d81555615200781ee8bd35208514e63",
      "Sets": {
        "1": [
          "prinmak2"
        ],
        "2": [
          "Princess Maker 2 (Korea)"
        ],
        "4": [
          "Princess Maker 2 (2002)(Gamepark)(KR)"
        ]
      },
      "Size": 17302528,
      "Publishers": [
        0
      ],
      "ReleaseDate": "1/1/2002",
      "Regions": [
        "KR"
      ]
    },
    {
      "Titles": [
        "Rally Pop"
      ],
      "Sha1s2Md5": "60bb295f05c3fcc38854a3da3f9265ae",
      "Crcs2Md5": "79727e7226d5b09df1b10235de31f2de",
      "Sets": {
        "1": [
          "rallypop"
        ],
        "2": [
          "Rally Pop (Korea)"
        ],
        "4": [
          "Rally Pop (2001)(Gamepark)(KR)"
        ]
      },
      "Size": 17302528,
      "Publishers": [
        0
      ],
      "ReleaseDate": "1/1/2001",
      "Regions": [
        "KR"
      ]
    },
    {
      "Titles": [
        "Raphael"
      ],
      "Sha1s2Md5": "f420a477fa74fa6b3128ca002467d779",
      "Crcs2Md5": "a06b1572de6c0ed1bc1ff12957c03b04",
      "Sets": {
        "1": [
          "raphael"
        ],
        "2": [
          "Raphael (Korea)"
        ],
        "4": [
          "Raphael (2002)(Gamepark)(KR)"
        ]
      },
      "Size": 17302528,
      "Publishers": [
        0
      ],
      "ReleaseDate": "1/1/2002",
      "Regions": [
        "KR"
      ]
    },
    {
      "Titles": [
        "SmashGP v0.4c"
      ],
      "Sha1s2Md5": "4336d17428d7a7036a91d6761bd0f4af",
      "Crcs2Md5": "ad9a57c1ba16e02f1b83b01c5fff4566",
      "Sets": {
        "4": [
          "SmashGP v0.4c (2005-08-11)(mATkEUpON)(FR)(FW)"
        ]
      },
      "Version": "v0.4c",
      "Size": 34604032,
      "Publishers": [
        9
      ],
      "ReleaseDate": "8/11/2005",
      "Regions": [
        "FR"
      ],
      "Languages": [
        "fr"
      ]
    },
    {
      "Titles": [
        "Story of Bug eyed Monster"
      ],
      "Sha1s2Md5": "4cb4c3e78bd9f26499d88a123701a868",
      "Crcs2Md5": "820cf6358552b5001f613149d2841692",
      "Sets": {
        "1": [
          "sobemons"
        ],
        "4": [
          "Story of Bug Eyed Monster (2003)(Gamepark)(KR)"
        ]
      },
      "Size": 69207040,
      "Publishers": [
        0
      ],
      "ReleaseDate": "1/1/2003",
      "Regions": [
        "KR"
      ]
    },
    {
      "Titles": [
        "Super Plusha"
      ],
      "Sha1s2Md5": "f6d52c23e1128bfc6dee35bb5b43dd59",
      "Crcs2Md5": "d4a0403d77bc4fe47e539fc1b919c107",
      "Sets": {
        "1": [
          "suplusha"
        ],
        "4": [
          "Super Plusha (2002)(Gamepark)(EU)"
        ]
      },
      "Size": 17302528,
      "Publishers": [
        0
      ],
      "ReleaseDate": "1/1/2002",
      "Regions": [
        "EU"
      ]
    },
    {
      "Titles": [
        "Super Plusha Demo"
      ],
      "Sha1s2Md5": "6007fd7af205a72b234e9998f722c9ac",
      "Crcs2Md5": "e52e91b06bcef0796afa1097e64143ca",
      "Sets": {
        "4": [
          "Super Plusha Demo (2005-04-07)(FaMe Soft)(RU)"
        ]
      },
      "Size": 1690972,
      "Publishers": [
        7
      ],
      "ReleaseDate": "4/7/2005",
      "Regions": [
        "RU"
      ],
      "Languages": [
        "ru"
      ]
    },
    {
      "Titles": [
        "Tales of Windy Land"
      ],
      "Sha1s2Md5": "676f9718726c6f48f5cfc58e553ad43d",
      "Crcs2Md5": "f15db8b26263e063c635f1f2ff59d1a5",
      "Sets": {
        "1": [
          "talowila"
        ],
        "4": [
          "Tales of Windy Land (2003)(AIM Technology)(KR)"
        ]
      },
      "Size": 17302528,
      "Publishers": [
        4
      ],
      "ReleaseDate": "1/1/2003",
      "Regions": [
        "KR"
      ]
    },
    {
      "Titles": [
        "Tanggle's Magic Square"
      ],
      "Sha1s2Md5": "d797233322eeba85e34f5fe870a8bc14",
      "Crcs2Md5": "25fc994c7c5cd3a25d90479a0dbce8cf",
      "Sets": {
        "1": [
          "tanggle"
        ],
        "2": [
          "Tanggle's Magic Square (Korea)"
        ],
        "4": [
          "Tanggle's Magic Square (2001)(Gamepark)(KR)"
        ]
      },
      "Size": 17302528,
      "Publishers": [
        0
      ],
      "ReleaseDate": "1/1/2001",
      "Regions": [
        "KR"
      ]
    },
    {
      "Titles": [
        "Tears - Another Story"
      ],
      "Sha1s2Md5": "4cd536e4f15c7080dabae0f49535a5d3",
      "Crcs2Md5": "a2efc24a0de91751d66705fc7eef6aff",
      "Sets": {
        "1": [
          "tearsast"
        ],
        "4": [
          "Tears - Another Story (2003)(Team D.T.R.)(KR)"
        ]
      },
      "Size": 17302528,
      "Publishers": [
        5
      ],
      "ReleaseDate": "1/1/2003",
      "Regions": [
        "KR"
      ]
    },
    {
      "Titles": [
        "Therapy"
      ],
      "Sha1s2Md5": "ced89156dec2e5c4e06f6e3c60287890",
      "Crcs2Md5": "68360d2abd2ee93ed5e16b19dcc1413c",
      "Sets": {
        "1": [
          "therapy"
        ],
        "2": [
          "Therapy (Korea)"
        ],
        "4": [
          "Therapy (2002)(Gamepark)(KR)"
        ]
      },
      "Size": 17302528,
      "Publishers": [
        0
      ],
      "ReleaseDate": "1/1/2002",
      "Regions": [
        "KR"
      ]
    },
    {
      "Titles": [
        "Tomak - Save the Earth, Again",
        "Again ~ Tomak Jiguleul Jikyeola, Again"
      ],
      "Sha1s2Md5": "ed3452ea33717056bb15845523d96636",
      "Crcs2Md5": "5195eeaf0981abbcd3d55d3a1df20f13",
      "Sets": {
        "1": [
          "tomak"
        ],
        "2": [
          "Tomak - Save the Earth, Again (Korea)"
        ],
        "4": [
          "Again ~ Tomak Jiguleul Jikyeola, Again (2002)(Gamepark)(KR)"
        ]
      },
      "Size": 17302528,
      "Publishers": [
        0
      ],
      "ReleaseDate": "1/1/2002",
      "Regions": [
        "KR"
      ]
    },
    {
      "Titles": [
        "Tomak - Save the Earth, Again",
        "Tomak - Save the Earth, Again v1.0"
      ],
      "Sha1s2Md5": "a238dcd58bd400d38259c4e645d9c78c",
      "Crcs2Md5": "254d8e630ff651cce1a35c5a28f36968",
      "Sets": {
        "1": [
          "tomake"
        ],
        "2": [
          "Tomak - Save the Earth, Again (Europe) (v1.0)"
        ],
        "4": [
          "Tomak - Save the Earth, Again v1.0 (2002)(Gamepark)(EU)"
        ]
      },
      "Version": "v1.0",
      "Size": 17302528,
      "Publishers": [
        0
      ],
      "CloneOf": "tomak",
      "ReleaseDate": "1/1/2002",
      "Regions": [
        "EU"
      ]
    },
    {
      "Titles": [
        "Tomak - Save the Earth, Again",
        "Tomak - Save the Earth, Again v2.0"
      ],
      "Sha1s2Md5": "d24354261aa11640231c7c24e3de9627",
      "Crcs2Md5": "0ec87c63ce4c45f0677ac134e5e44212",
      "Sets": {
        "1": [
          "tomake2"
        ],
        "2": [
          "Tomak - Save the Earth, Again (Europe) (v2.0)"
        ],
        "4": [
          "Tomak - Save the Earth, Again v2.0 (2002)(Gamepark)(EU)"
        ]
      },
      "Version": "v2.0",
      "Size": 17302528,
      "Publishers": [
        0
      ],
      "CloneOf": "tomak",
      "ReleaseDate": "1/1/2002",
      "Regions": [
        "EU"
      ]
    },
    {
      "Titles": [
        "Topy Topy Gogo"
      ],
      "Sha1s2Md5": "425223c7728cf245addbaf6550c54c05",
      "Crcs2Md5": "bb07ecbe01a38abb49ce2b349ad46b38",
      "Sets": {
        "1": [
          "totogogo"
        ],
        "4": [
          "Topy Topy Gogo (2003)(Gamepark)(EU)"
        ]
      },
      "Size": 17302528,
      "Publishers": [
        0
      ],
      "ReleaseDate": "1/1/2003",
      "Regions": [
        "EU"
      ]
    },
    {
      "Titles": [
        "Treasure Island",
        "Woody & Kunta - Treasure Island"
      ],
      "Sha1s2Md5": "363a7f6b2afc8fc51671eddbf1e5b75e",
      "Crcs2Md5": "7b08378f850fab096967494c61ad19af",
      "Sets": {
        "1": [
          "treasisl"
        ],
        "2": [
          "Woody & Kunta - Treasure Island (Korea)"
        ],
        "4": [
          "Woody & Kunta - Treasure Island (2002)(Gamepark)(KR)"
        ]
      },
      "Size": 17302528,
      "Publishers": [
        0
      ],
      "ReleaseDate": "1/1/2002",
      "Regions": [
        "KR"
      ]
    },
    {
      "Titles": [
        "Treasure Island",
        "Woody & Kunta - Treasure Island"
      ],
      "Sha1s2Md5": "5fcaa48ea4ee5a31532204c55b5de443",
      "Crcs2Md5": "0ef873405e9ac8832cfca9dd4036c9b9",
      "Sets": {
        "1": [
          "treasisle"
        ],
        "2": [
          "Woody & Kunta - Treasure Island (Europe)"
        ],
        "4": [
          "Woody & Kunta - Treasure Island (2002)(Gamepark)(EU)"
        ]
      },
      "Size": 17302528,
      "Publishers": [
        0
      ],
      "CloneOf": "treasisl",
      "ReleaseDate": "1/1/2002",
      "Regions": [
        "EU"
      ]
    },
    {
      "Titles": [
        "W.B.W. - Mabeobsaga Doego Sip-eo!",
        "W.B.W. - Wanna Be Wizard!"
      ],
      "Sha1s2Md5": "338d6b202cb70e41ac4d6a838e945e8e",
      "Crcs2Md5": "715985b93e5153f0559ac7dddf2b9bef",
      "Sets": {
        "1": [
          "wbw"
        ],
        "2": [
          "W.B.W. - Wanna Be Wizard! (Korea)"
        ],
        "4": [
          "W.B.W. - Wanna Be Wizard! (2004)(Gamepark)(KR)"
        ]
      },
      "Size": 17302528,
      "Publishers": [
        0
      ],
      "ReleaseDate": "1/1/2004",
      "Regions": [
        "KR"
      ]
    },
    {
      "Titles": [
        "Winter Is"
      ],
      "Sha1s2Md5": "6a6e1019a51ba8d3a4e193720094921f",
      "Crcs2Md5": "3333837c8e44486003210ff2aab6c186",
      "Sets": {
        "1": [
          "winteris"
        ],
        "4": [
          "Winter Is (2003)(Gamepark)(KR)"
        ]
      },
      "Size": 69207040,
      "Publishers": [
        0
      ],
      "ReleaseDate": "1/1/2003",
      "Regions": [
        "KR"
      ]
    },
    {
      "Titles": [
        "WinterSports Eins"
      ],
      "Sha1s2Md5": "5c95f83a46365dab1e5107495cacaa7b",
      "Crcs2Md5": "d71fc2376020b06b4a2f2f6da54ab287",
      "Sets": {
        "4": [
          "WinterSports Eins (2005-05-31)(The Rockin'-B)(DE)(FW)[colorkey version]"
        ]
      },
      "Size": 1512063,
      "Publishers": [
        8
      ],
      "ReleaseDate": "5/31/2005",
      "Regions": [
        "DE"
      ],
      "Languages": [
        "de"
      ]
    },
    {
      "Titles": [
        "WinterSports Eins"
      ],
      "Sha1s2Md5": "a122da35beab533414c5cbc60fae3b19",
      "Crcs2Md5": "8bb1ca37035503586dfb77ae777eadd7",
      "Sets": {
        "4": [
          "WinterSports Eins (2005-06-08)(The Rockin'-B)(DE)(FW)[alpha version]"
        ]
      },
      "Size": 1144581,
      "Publishers": [
        8
      ],
      "ReleaseDate": "6/8/2005",
      "Regions": [
        "DE"
      ],
      "Languages": [
        "de"
      ]
    },
    {
      "Titles": [
        "Wizard Slayer"
      ],
      "Sha1s2Md5": "e319f6e982eeed5afe0be2653657c6c7",
      "Crcs2Md5": "0a8ea70665a62d5d4e8eab8411c350fc",
      "Sets": {
        "1": [
          "wizardsl"
        ],
        "2": [
          "Wizard Slayer (Korea)"
        ],
        "4": [
          "Wizard Slayer (2002)(Gamepark)(KR)"
        ]
      },
      "Size": 17302528,
      "Publishers": [
        0
      ],
      "ReleaseDate": "1/1/2002",
      "Regions": [
        "KR"
      ]
    }
  ],
  "Overviews": {},
  "Genres": {},
  "Companies": {
    "0": "Gamepark",
    "1": "Shibuya Interactive",
    "2": "Aeon Flame",
    "3": "MoongKle",
    "4": "AIM Technology",
    "5": "Team D.T.R",
    "6": "Flavor",
    "7": "FaMe Soft",
    "8": "The Rockin'-B",
    "9": "mATkEUpON"
  },
  "Tags": {
    "0": "BIOS",
    "1": "Beta"
  }
}