{
  "PlatformName": "Supervision",
  "LastUpdate": "6/25/2022 4:53:17 AM",
  "Games": [
    {
      "Titles": [
        "2 in 1 - Block Buster + Cross High"
      ],
      "Serials": [
        "SV10033"
      ],
      "Sha1s2Md5": "f9360d5dca92213dc7273ba18d1b29fe",
      "Crcs2Md5": "502aa085d27195cd2e745afc24e501fa",
      "Sets": {
        "1": [
          "2in1"
        ],
        "2": [
          "2 in 1 - Block Buster + Cross High (USA, Europe)"
        ],
        "4": [
          "2 in 1 - Block Buster + Cross High (199x)(-)"
        ]
      },
      "Size": 65536,
      "Publishers": [
        1,
        12
      ],
      "Regions": [
        "EU",
        "US"
      ],
      "Languages": [
        "en"
      ]
    },
    {
      "Titles": [
        "2 in 1 - Hash Blocks + Eagle Plan"
      ],
      "Serials": [
        "SV10024"
      ],
      "Sha1s2Md5": "591ded370fc7a217e8d4760388130b05",
      "Crcs2Md5": "c95388259ec747a3196e308f900f8ed2",
      "Sets": {
        "1": [
          "2in1a"
        ],
        "2": [
          "2 in 1 - Hash Blocks + Eagle Plan (USA, Europe)"
        ],
        "4": [
          "2 in 1 - Hash Blocks + Eagle Plan (1992)(Bon Treasure)"
        ]
      },
      "Size": 65536,
      "Publishers": [
        2,
        4
      ],
      "ReleaseDate": "1/1/1992",
      "Regions": [
        "EU",
        "US"
      ],
      "Languages": [
        "en"
      ]
    },
    {
      "Titles": [
        "Alien"
      ],
      "Serials": [
        "SV10010"
      ],
      "Sha1s2Md5": "68eb46c4c4aa4ebbf3ce4ab47faf1c90",
      "Crcs2Md5": "7669cbfa455e49ddb149eb2c2e50f5d1",
      "Sets": {
        "1": [
          "alien"
        ],
        "2": [
          "Alien (USA, Europe)"
        ],
        "4": [
          "Alien (199x)(-)"
        ],
        "6": [
          "72153"
        ]
      },
      "Size": 65536,
      "Publishers": [
        1,
        12
      ],
      "ReleaseDate": "1/1/1992",
      "ESRB": "E",
      "Genres": [
        2
      ],
      "Regions": [
        "EU",
        "US"
      ],
      "Languages": [
        "en"
      ]
    },
    {
      "Titles": [
        "Balloon Fight"
      ],
      "Sha1s2Md5": "8ff5a666d23f74b8c9c2ed70bd5a7efe",
      "Crcs2Md5": "012665cab3a65e197b8befe8fa2be524",
      "Sets": {
        "1": [
          "balonfgt"
        ],
        "2": [
          "Balloon Fight (USA, Europe)"
        ],
        "4": [
          "Balloon Fight (1992)(Thin Chen)"
        ],
        "6": [
          "72157"
        ]
      },
      "Size": 65536,
      "Publishers": [
        3,
        13
      ],
      "Developers": [
        7
      ],
      "ReleaseDate": "1/1/1992",
      "ESRB": "E",
      "Genres": [
        2
      ],
      "Regions": [
        "EU",
        "US"
      ],
      "Languages": [
        "en"
      ]
    },
    {
      "Titles": [
        "BEAMGALAXIAN"
      ],
      "Sha1s2Md5": "7d8a1c9f02c500ad6a54cbd1ded56ab9",
      "Crcs2Md5": "46efc1bc28a3cde4357cace088b42171",
      "Sets": {
        "1": [
          "beamgala"
        ]
      },
      "Size": 4096,
      "Publishers": [
        0
      ]
    },
    {
      "Titles": [
        "Block Buster"
      ],
      "Serials": [
        "SV10001"
      ],
      "Sha1s2Md5": "cbf40935239d29d698adb95cd5544329",
      "Crcs2Md5": "eb114d9f6a2e4c1de8a6ee3ed9f19747",
      "Sets": {
        "1": [
          "blockbus"
        ],
        "2": [
          "Block Buster (USA, Europe)"
        ],
        "4": [
          "Block Buster (199x)(-)"
        ]
      },
      "Size": 65536,
      "Publishers": [
        1,
        12
      ],
      "Regions": [
        "EU",
        "US"
      ],
      "Languages": [
        "en"
      ]
    },
    {
      "Titles": [
        "Brain Power"
      ],
      "Serials": [
        "SV10023"
      ],
      "Sha1s2Md5": "9fa9ec176dae40fa8c1144c2de08c8ce",
      "Crcs2Md5": "bd283f97e74bc79cf6d865815f85778b",
      "Sets": {
        "1": [
          "brainpow"
        ],
        "2": [
          "Brain Power (USA, Europe)"
        ],
        "4": [
          "Brain Power (199x)(-)"
        ]
      },
      "Size": 65536,
      "Publishers": [
        1,
        12
      ],
      "Regions": [
        "EU",
        "US"
      ],
      "Languages": [
        "en"
      ]
    },
    {
      "Titles": [
        "Bubble World"
      ],
      "Sha1s2Md5": "c9672933ff253e097bd516fc7163fc56",
      "Crcs2Md5": "5287ef5ea62a1ee90cd18be36f16e303",
      "Sets": {
        "1": [
          "bubbwrld"
        ],
        "2": [
          "Bubble World (USA, Europe)"
        ],
        "4": [
          "Bubble World (1992)(Bon Treasure)"
        ],
        "6": [
          "95674"
        ]
      },
      "Overview": {
        "en": [
          11
        ]
      },
      "Size": 65536,
      "Publishers": [
        4
      ],
      "ReleaseDate": "1/1/1992",
      "ESRB": "E",
      "Genres": [
        6
      ],
      "Regions": [
        "US",
        "EU"
      ],
      "Languages": [
        "en"
      ]
    },
    {
      "Titles": [
        "Carrier"
      ],
      "Serials": [
        "SV10004"
      ],
      "Sha1s2Md5": "9841caafc5fce3f5f30e67069745259b",
      "Crcs2Md5": "6690fda3e162cecf64faef65ba0f8418",
      "Sets": {
        "1": [
          "carrier"
        ],
        "2": [
          "Carrier (USA, Europe)"
        ],
        "4": [
          "Carrier (199x)(-)"
        ],
        "6": [
          "64037"
        ]
      },
      "Size": 32768,
      "Publishers": [
        5,
        12
      ],
      "ReleaseDate": "1/1/1992",
      "Genres": [
        1
      ],
      "Regions": [
        "EU",
        "US"
      ],
      "Languages": [
        "en"
      ]
    },
    {
      "Titles": [
        "Carrier"
      ],
      "Sha1s2Md5": "1001bc30595fdc8aba5d3e0b01dfd33a",
      "Crcs2Md5": "aa26d89a3d764eb36259a4281b620862",
      "Sets": {
        "4": [
          "Carrier (199x)(-)[b]"
        ],
        "6": [
          "64037"
        ]
      },
      "Size": 65536,
      "Publishers": [
        12
      ],
      "Tags": [
        1
      ],
      "ReleaseDate": "1/1/1992",
      "Genres": [
        1
      ],
      "Languages": [
        "en"
      ]
    },
    {
      "Titles": [
        "Cave Wonders"
      ],
      "Sha1s2Md5": "fa6e1ff5d3f09ea9cc566548005870af",
      "Crcs2Md5": "b7ae35cc13afa1375231bdecde88117f",
      "Sets": {
        "1": [
          "cavewond"
        ],
        "2": [
          "Cave Wonders (USA, Europe)"
        ],
        "4": [
          "Cave Wonders (1992)(Bon Treasure)"
        ]
      },
      "Size": 65536,
      "Publishers": [
        4
      ],
      "ReleaseDate": "1/1/1992",
      "Regions": [
        "EU",
        "US"
      ],
      "Languages": [
        "en"
      ]
    },
    {
      "Titles": [
        "Challenger Tank"
      ],
      "Serials": [
        "SV10017"
      ],
      "Sha1s2Md5": "b9ccdb7cdd7713d1a88185b222c76415",
      "Crcs2Md5": "0a3df84f4fe0ea22233274e775c97405",
      "Sets": {
        "1": [
          "challtnk"
        ],
        "2": [
          "Challenger Tank (USA, Europe)"
        ],
        "4": [
          "Challenger Tank (199x)(-)"
        ],
        "6": [
          "64035"
        ]
      },
      "Overview": {
        "en": [
          6
        ]
      },
      "Size": 65536,
      "Publishers": [
        3,
        12
      ],
      "ReleaseDate": "1/1/1992",
      "Genres": [
        2
      ],
      "Regions": [
        "EU",
        "US"
      ],
      "Languages": [
        "en"
      ]
    },
    {
      "Titles": [
        "Chimera"
      ],
      "Serials": [
        "SV10016"
      ],
      "Sha1s2Md5": "f64f9908dfc33ac7d9ec5337e05d0ab8",
      "Crcs2Md5": "30931f88b053e33c63ecbb2a832cefe1",
      "Sets": {
        "1": [
          "chimera"
        ],
        "2": [
          "Chimera (USA, Europe)"
        ],
        "4": [
          "Chimera (199x)(-)"
        ]
      },
      "Size": 65536,
      "Publishers": [
        1,
        12
      ],
      "Regions": [
        "EU",
        "US"
      ],
      "Languages": [
        "en"
      ]
    },
    {
      "Titles": [
        "Chinese Checkers"
      ],
      "Serials": [
        "SV10038"
      ],
      "Sha1s2Md5": "fe69252a3065d6ce7a48df3493bf2f11",
      "Crcs2Md5": "1c4cc82837d755f0915ef5a389ab1018",
      "Sets": {
        "1": [
          "chinesch"
        ],
        "2": [
          "Chinese Checkers (USA, Europe)"
        ],
        "4": [
          "Chinese Checkers (1992)(Sachen)"
        ]
      },
      "Size": 65536,
      "Publishers": [
        6
      ],
      "ReleaseDate": "1/1/1992",
      "Regions": [
        "US",
        "EU"
      ],
      "Languages": [
        "en"
      ]
    },
    {
      "Titles": [
        "Classic Casino"
      ],
      "Sha1s2Md5": "9dbdd2fe35ae2b454b2a0c96be483b5d",
      "Crcs2Md5": "39a7b39c749184f5ed111d3633763800",
      "Sets": {
        "1": [
          "classcas"
        ],
        "2": [
          "Classic Casino (USA, Europe)"
        ],
        "4": [
          "Classic Casino (1993)(Bon Treasure)"
        ]
      },
      "Size": 65536,
      "Publishers": [
        4
      ],
      "ReleaseDate": "1/1/1993",
      "Regions": [
        "US",
        "EU"
      ],
      "Languages": [
        "en"
      ]
    },
    {
      "Titles": [
        "Climber"
      ],
      "Sha1s2Md5": "3cc316c1f827b4d7bfa87e1cf3e64380",
      "Crcs2Md5": "b360144f309aceea71f8d0a7527707c0",
      "Sets": {
        "1": [
          "climber"
        ],
        "2": [
          "Climber (USA, Europe)"
        ],
        "4": [
          "Climber (1992)(Bon Treasure)"
        ],
        "6": [
          "95676"
        ]
      },
      "Overview": {
        "en": [
          13
        ]
      },
      "Size": 32768,
      "Publishers": [
        4
      ],
      "ReleaseDate": "1/1/1992",
      "ESRB": "E",
      "Genres": [
        6
      ],
      "Regions": [
        "US",
        "EU"
      ],
      "Languages": [
        "en"
      ]
    },
    {
      "Titles": [
        "Cross Bomber"
      ],
      "Sha1s2Md5": "b2167a60232e6769772d5a898091d966",
      "Crcs2Md5": "23b4de7b4a7824a9e8753c7658612691",
      "Sets": {
        "4": [
          "Cross Bomber (2020-08-26)(Caruso, Fabrizio)"
        ]
      },
      "Size": 32768,
      "Publishers": [
        14
      ],
      "ReleaseDate": "8/26/2020",
      "Languages": [
        "en"
      ]
    },
    {
      "Titles": [
        "Cross Chase"
      ],
      "Sha1s2Md5": "818b3e64bdee4e1de9d948a19f423d7b",
      "Crcs2Md5": "1d17cf02fd2399aeb3d5125b87452e82",
      "Sets": {
        "4": [
          "Cross Chase (2018-07-19)(Caruso, Fabrizio)"
        ]
      },
      "Size": 32768,
      "Publishers": [
        14
      ],
      "ReleaseDate": "7/19/2018",
      "Languages": [
        "en"
      ]
    },
    {
      "Titles": [
        "Cross Chase"
      ],
      "Sha1s2Md5": "5c10a17eb88c3ef0dd97967955d4f61c",
      "Crcs2Md5": "0176667ee87b4b830746376a42aa2112",
      "Sets": {
        "4": [
          "Cross Chase (2018-08-04)(Caruso, Fabrizio)"
        ]
      },
      "Size": 32768,
      "Publishers": [
        14
      ],
      "ReleaseDate": "8/4/2018",
      "Languages": [
        "en"
      ]
    },
    {
      "Titles": [
        "Cross Chase"
      ],
      "Sha1s2Md5": "b1dbd9f2aee09b4c7a873023fa0389f4",
      "Crcs2Md5": "4f682037d460bd12ce2ca5810cb13dba",
      "Sets": {
        "4": [
          "Cross Chase (2018-10-29)(Caruso, Fabrizio)"
        ]
      },
      "Size": 32768,
      "Publishers": [
        14
      ],
      "ReleaseDate": "10/29/2018",
      "Languages": [
        "en"
      ]
    },
    {
      "Titles": [
        "Cross Chase"
      ],
      "Sha1s2Md5": "924c2ac4a8f05d9c14be2db0c0f0bc93",
      "Crcs2Md5": "50819cf92ebdf652f7c6b0ad9b7cb7a3",
      "Sets": {
        "4": [
          "Cross Chase (2019-09-30)(Caruso, Fabrizio)"
        ]
      },
      "Size": 32768,
      "Publishers": [
        14
      ],
      "ReleaseDate": "9/30/2019",
      "Languages": [
        "en"
      ]
    },
    {
      "Titles": [
        "Cross Chase"
      ],
      "Sha1s2Md5": "c13be883b691768b2704517dcfb36857",
      "Crcs2Md5": "d563451e7b682840a872aa38e0ba9d2a",
      "Sets": {
        "4": [
          "Cross Chase (2020-04-02)(Caruso, Fabrizio)"
        ]
      },
      "Size": 32768,
      "Publishers": [
        14
      ],
      "ReleaseDate": "4/2/2020",
      "Languages": [
        "en"
      ]
    },
    {
      "Titles": [
        "Cross Chase"
      ],
      "Sha1s2Md5": "4ff7cee5d91f0920545578a9dbbf4497",
      "Crcs2Md5": "59a36925acfd23ee9e954972f97c000f",
      "Sets": {
        "4": [
          "Cross Chase (2021-05-13)(Caruso, Fabrizio)"
        ]
      },
      "Size": 32768,
      "Publishers": [
        14
      ],
      "ReleaseDate": "5/13/2021",
      "Languages": [
        "en"
      ]
    },
    {
      "Titles": [
        "Cross High"
      ],
      "Sha1s2Md5": "5a6d01467bf35c3f6a6358eb9f516ebb",
      "Crcs2Md5": "c5ef8e510135726ca1888c5d0d204baa",
      "Sets": {
        "1": [
          "crsshigh"
        ],
        "4": [
          "Cross High (1991)(GTC)"
        ]
      },
      "Size": 65536,
      "Publishers": [
        2
      ],
      "ReleaseDate": "1/1/1991",
      "Regions": [
        "EU",
        "US"
      ],
      "Languages": [
        "en"
      ]
    },
    {
      "Titles": [
        "Cross Horde"
      ],
      "Sha1s2Md5": "ea06e28a9d4aaf40d2e0a08d20e84faa",
      "Crcs2Md5": "f2348eb5c9a87f37394de05dfa7ecc99",
      "Sets": {
        "4": [
          "Cross Horde (2021-04-16)(Caruso, Fabrizio)"
        ]
      },
      "Size": 32768,
      "Publishers": [
        14
      ],
      "ReleaseDate": "4/16/2021",
      "Languages": [
        "en"
      ]
    },
    {
      "Titles": [
        "Cross Horde"
      ],
      "Sha1s2Md5": "ca1607d95efcd5fa90e942fbff8612b4",
      "Crcs2Md5": "b31229e5e031c05932252380c2df324a",
      "Sets": {
        "4": [
          "Cross Horde (2021-04-25)(Caruso, Fabrizio)"
        ]
      },
      "Size": 32768,
      "Publishers": [
        14
      ],
      "ReleaseDate": "4/25/2021",
      "Languages": [
        "en"
      ]
    },
    {
      "Titles": [
        "Cross Horde v1.0"
      ],
      "Sha1s2Md5": "583de57d76f8cf589e339d49d6ae91a2",
      "Crcs2Md5": "a9bd52b3187c3a008fe8e5328f70757a",
      "Sets": {
        "4": [
          "Cross Horde v1.0 (2021-05-01)(Caruso, Fabrizio)"
        ]
      },
      "Version": "v1.0",
      "Size": 32768,
      "Publishers": [
        14
      ],
      "ReleaseDate": "5/1/2021",
      "Languages": [
        "en"
      ]
    },
    {
      "Titles": [
        "Cross Shoot"
      ],
      "Sha1s2Md5": "c5917768d5d5bfff8ecb5477e6f242fe",
      "Crcs2Md5": "b49ca69874ce4cbf73a2c0c20d06bd22",
      "Sets": {
        "4": [
          "Cross Shoot (2020-07-03)(Caruso, Fabrizio)",
          "Cross Shoot (2021-05-13)(Caruso, Fabrizio)"
        ]
      },
      "Size": 32768,
      "Publishers": [
        14
      ],
      "ReleaseDate": "7/3/2020",
      "Languages": [
        "en"
      ]
    },
    {
      "Titles": [
        "Cross Snake v2.0"
      ],
      "Sha1s2Md5": "ba2187cce2ba8f4827ba23667378b251",
      "Crcs2Md5": "a181f15971cfde413b1f2251281bc324",
      "Sets": {
        "4": [
          "Cross Snake v2.0 (2020-12-31)(Caruso, Fabrizio)"
        ]
      },
      "Version": "v2.0",
      "Size": 32768,
      "Publishers": [
        14
      ],
      "ReleaseDate": "12/31/2020",
      "Languages": [
        "en"
      ]
    },
    {
      "Titles": [
        "Crystball"
      ],
      "Sha1s2Md5": "d376b396fb169092b3fe0583c4e4d388",
      "Crcs2Md5": "e46f5195c4389b097bb3624bd246b677",
      "Sets": {
        "1": [
          "crystbal"
        ],
        "2": [
          "Crystball (USA, Europe)"
        ],
        "4": [
          "Crystball (199x)(-)"
        ],
        "6": [
          "64029"
        ]
      },
      "Overview": {
        "en": [
          1
        ]
      },
      "Size": 65536,
      "Publishers": [
        5,
        12
      ],
      "ReleaseDate": "1/1/1991",
      "Genres": [
        1
      ],
      "Regions": [
        "EU",
        "US"
      ],
      "Languages": [
        "en"
      ]
    },
    {
      "Titles": [
        "Dancing Block"
      ],
      "Serials": [
        "SV10030"
      ],
      "Sha1s2Md5": "57bd53b2dbbdc95aa550f7c22c96f0be",
      "Crcs2Md5": "e42b6f2b99b6954c0fb28ef5808c013b",
      "Sets": {
        "1": [
          "danceblk"
        ],
        "2": [
          "Dancing Block (USA, Europe)"
        ],
        "4": [
          "Dancing Block (1992)(Thin Chen)"
        ]
      },
      "Size": 32768,
      "Publishers": [
        7,
        13
      ],
      "ReleaseDate": "1/1/1992",
      "Regions": [
        "US",
        "EU"
      ],
      "Languages": [
        "en"
      ]
    },
    {
      "Titles": [
        "Delta Hero"
      ],
      "Serials": [
        "SV10040"
      ],
      "Sha1s2Md5": "032296b25d5206305bd01a295f165e07",
      "Crcs2Md5": "abef88ee855c4afa81f9afb632865ecb",
      "Sets": {
        "1": [
          "dhero"
        ],
        "2": [
          "Delta Hero (USA, Europe)"
        ],
        "4": [
          "Delta Hero (1992)(Bon Treasure)"
        ],
        "6": [
          "95679"
        ]
      },
      "Overview": {
        "en": [
          16
        ]
      },
      "Size": 65536,
      "Publishers": [
        4
      ],
      "ReleaseDate": "1/1/1992",
      "ESRB": "E",
      "Genres": [
        4
      ],
      "Regions": [
        "EU",
        "US"
      ],
      "Languages": [
        "en"
      ]
    },
    {
      "Titles": [
        "Dream World"
      ],
      "Sha1s2Md5": "848c0bf7d5a88c5f4c9fc8793a1b3c65",
      "Crcs2Md5": "915a42412e7816908a3d354ba5310053",
      "Sets": {
        "1": [
          "dreamwld"
        ],
        "2": [
          "Dream World (USA, Europe)"
        ],
        "4": [
          "Dream World (1992)(Bon Treasure)"
        ]
      },
      "Size": 65536,
      "Publishers": [
        4
      ],
      "ReleaseDate": "1/1/1992",
      "Regions": [
        "US",
        "EU"
      ],
      "Languages": [
        "en"
      ]
    },
    {
      "Titles": [
        "Eagle Plan"
      ],
      "Serials": [
        "SV10005"
      ],
      "Sha1s2Md5": "c6763811743da02019aab238f1bb2b57",
      "Crcs2Md5": "60838c8141a879d2f8bcad039c8725b7",
      "Sets": {
        "1": [
          "eaglplan"
        ],
        "2": [
          "Eagle Plan (USA, Europe)"
        ],
        "4": [
          "Eagle Plan (1991)(GTC)"
        ]
      },
      "Size": 65536,
      "Publishers": [
        2
      ],
      "ReleaseDate": "1/1/1992",
      "Regions": [
        "EU",
        "US"
      ],
      "Languages": [
        "en"
      ]
    },
    {
      "Titles": [
        "Earth Defender"
      ],
      "Sha1s2Md5": "0f79d2a64bca600d8da3d9c2e317e3e4",
      "Crcs2Md5": "96f5a6875dfc5c008284fc6d868a67a1",
      "Sets": {
        "1": [
          "earthdef"
        ],
        "2": [
          "Earth Defender (USA, Europe)"
        ],
        "4": [
          "Earth Defender (1992)(Bon Treasure)"
        ],
        "6": [
          "95683"
        ]
      },
      "Overview": {
        "en": [
          20
        ]
      },
      "Size": 65536,
      "Publishers": [
        4
      ],
      "ReleaseDate": "1/1/1992",
      "ESRB": "E",
      "Genres": [
        2
      ],
      "Regions": [
        "EU",
        "US"
      ],
      "Languages": [
        "en"
      ]
    },
    {
      "Titles": [
        "Fatal Craft"
      ],
      "Sha1s2Md5": "3bb40ac3c1d1e1727b9d6267055b1463",
      "Crcs2Md5": "0b92d3ee5b9acc2c856ea86e0bdef882",
      "Sets": {
        "1": [
          "fatcraft"
        ],
        "2": [
          "Fatal Craft (USA, Europe)"
        ],
        "4": [
          "Fatal Craft (1992)(Bon Treasure)"
        ],
        "6": [
          "95678"
        ]
      },
      "Overview": {
        "en": [
          15
        ]
      },
      "Size": 65536,
      "Publishers": [
        4
      ],
      "ReleaseDate": "1/1/1992",
      "ESRB": "E",
      "Genres": [
        3
      ],
      "Regions": [
        "EU",
        "US"
      ],
      "Languages": [
        "en"
      ]
    },
    {
      "Titles": [
        "Final Combat"
      ],
      "Sha1s2Md5": "41d31e68f1353d548ef473d6057fc5c8",
      "Crcs2Md5": "5efcbeb7e3a9c52a12f1f8c09dadbcb8",
      "Sets": {
        "1": [
          "fcombat"
        ],
        "4": [
          "Final Combat (1992)(Thin Chen)[b]"
        ],
        "6": [
          "64036"
        ]
      },
      "Overview": {
        "en": [
          7
        ]
      },
      "Size": 32768,
      "Publishers": [
        3,
        13
      ],
      "Tags": [
        1
      ],
      "ReleaseDate": "1/1/1992",
      "Genres": [
        2
      ],
      "Regions": [
        "EU",
        "US"
      ],
      "Languages": [
        "en"
      ]
    },
    {
      "Titles": [
        "Final Combat"
      ],
      "Serials": [
        "SV10031"
      ],
      "Sha1s2Md5": "bde30ee379d8659048a98b05d75d1e0a",
      "Crcs2Md5": "87ebc2aeb53e2bb04bf64c4134b2ff39",
      "Sets": {
        "1": [
          "fcombata"
        ],
        "2": [
          "Final Combat (USA, Europe)"
        ],
        "4": [
          "Final Combat (1992)(Thin Chen)"
        ],
        "6": [
          "64036"
        ]
      },
      "Overview": {
        "en": [
          7
        ]
      },
      "Size": 32768,
      "Publishers": [
        7,
        13
      ],
      "Tags": [
        0
      ],
      "CloneOf": "fcombat",
      "ReleaseDate": "1/1/1992",
      "Genres": [
        2
      ],
      "Regions": [
        "US",
        "EU"
      ],
      "Languages": [
        "en"
      ]
    },
    {
      "Titles": [
        "Galactic Crusader"
      ],
      "Serials": [
        "SV10029"
      ],
      "Sha1s2Md5": "19a0d8b09f462a9122c84ec9b0c6c3cb",
      "Crcs2Md5": "b40ecdee3f2ed0befa9457fcf391188f",
      "Sets": {
        "1": [
          "galcrus"
        ],
        "2": [
          "Galactic Crusader (USA, Europe)"
        ],
        "4": [
          "Galactic Crusader (1992)(Sachen)"
        ],
        "6": [
          "64031"
        ]
      },
      "Overview": {
        "en": [
          3
        ]
      },
      "Size": 65536,
      "Publishers": [
        3,
        6
      ],
      "Developers": [
        18
      ],
      "ReleaseDate": "1/1/1992",
      "Genres": [
        2,
        3
      ],
      "Regions": [
        "EU",
        "US"
      ],
      "Languages": [
        "en"
      ]
    },
    {
      "Titles": [
        "Galaxy Fighter"
      ],
      "Sha1s2Md5": "241730943e1cbb4a4545d1664d47d7b4",
      "Crcs2Md5": "35d773e71dda4d690a283c95e9b664eb",
      "Sets": {
        "1": [
          "galaxy"
        ],
        "2": [
          "Galaxy Fighter (USA, Europe)"
        ],
        "4": [
          "Galaxy Fighter (1992)(Thin Chen)"
        ]
      },
      "Size": 65536,
      "Publishers": [
        7,
        13
      ],
      "ReleaseDate": "1/1/1992",
      "Regions": [
        "EU",
        "US"
      ],
      "Languages": [
        "en"
      ]
    },
    {
      "Titles": [
        "Grand Prix"
      ],
      "Serials": [
        "SV10021"
      ],
      "Sha1s2Md5": "6f7fbac0e1e80aac7bee5cbbdc82a701",
      "Crcs2Md5": "0d67147c3e3d75a68a458b38116508cd",
      "Sets": {
        "1": [
          "gp"
        ],
        "2": [
          "Grand Prix (USA, Europe)"
        ],
        "4": [
          "Grand Prix (199x)(Bon Treasure)"
        ]
      },
      "Size": 65536,
      "Publishers": [
        4
      ],
      "ReleaseDate": "1/1/1992",
      "Regions": [
        "EU",
        "US"
      ],
      "Languages": [
        "en"
      ]
    },
    {
      "Titles": [
        "GUNPROFESSIONAL"
      ],
      "Sha1s2Md5": "e1169e7069696d0868f8b76d89e5d95c",
      "Crcs2Md5": "ba82acef0523c2a2efe4225c1e1a7ce3",
      "Sets": {
        "1": [
          "gunprof"
        ]
      },
      "Size": 4096,
      "Publishers": [
        0
      ]
    },
    {
      "Titles": [
        "Happy Pairs"
      ],
      "Serials": [
        "SV10035"
      ],
      "Sha1s2Md5": "5a3bea0e6c8db4b7d9aecdafc0d87236",
      "Crcs2Md5": "ff14b11240d06fc0e16fdef03c96c289",
      "Sets": {
        "1": [
          "happyp"
        ],
        "2": [
          "Happy Pairs (USA, Europe)"
        ],
        "4": [
          "Happy Pairs (1992)(Sachen)"
        ]
      },
      "Size": 65536,
      "Publishers": [
        6
      ],
      "ReleaseDate": "1/1/1992",
      "Regions": [
        "EU",
        "US"
      ],
      "Languages": [
        "en"
      ]
    },
    {
      "Titles": [
        "Happy Race"
      ],
      "Serials": [
        "SV10027"
      ],
      "Sha1s2Md5": "a04afe1c4213cd232c050f6f93240677",
      "Crcs2Md5": "9003c770317d363057bb69b6252607c6",
      "Sets": {
        "1": [
          "happyrac"
        ],
        "2": [
          "Happy Race (USA, Europe)"
        ],
        "4": [
          "Happy Race (1992)(Sachen)"
        ],
        "6": [
          "73860"
        ]
      },
      "Size": 65536,
      "Publishers": [
        6
      ],
      "ReleaseDate": "1/1/1992",
      "ESRB": "E",
      "Genres": [
        5
      ],
      "Regions": [
        "US",
        "EU"
      ],
      "Languages": [
        "en"
      ]
    },
    {
      "Titles": [
        "Hash Blocks"
      ],
      "Serials": [
        "SV10002"
      ],
      "Sha1s2Md5": "f9ef7a6c69d7287ac84a39b60d280867",
      "Crcs2Md5": "261f0f0d8147bfb19275a9d165c7ad03",
      "Sets": {
        "1": [
          "hashbloc"
        ],
        "2": [
          "Hash Blocks (USA, Europe)"
        ],
        "4": [
          "Hash Blocks (1991)(GTC)"
        ]
      },
      "Size": 65536,
      "Publishers": [
        2
      ],
      "ReleaseDate": "1/1/1991",
      "Regions": [
        "EU",
        "US"
      ],
      "Languages": [
        "en"
      ]
    },
    {
      "Titles": [
        "Hero Hawk"
      ],
      "Sha1s2Md5": "9cda21438c07e484559e6d08f6da8146",
      "Crcs2Md5": "2131dd420afde9f3a1055b9dd9951aa9",
      "Sets": {
        "1": [
          "herohawk"
        ],
        "2": [
          "Hero Hawk (USA, Europe)"
        ],
        "4": [
          "Hero Hawk (1992)(Sachen)"
        ],
        "6": [
          "95672"
        ]
      },
      "Overview": {
        "en": [
          9
        ]
      },
      "Size": 65536,
      "Publishers": [
        7,
        6
      ],
      "Developers": [
        7
      ],
      "ReleaseDate": "1/1/1992",
      "ESRB": "E",
      "Genres": [
        2
      ],
      "Regions": [
        "US",
        "EU"
      ],
      "Languages": [
        "en"
      ]
    },
    {
      "Titles": [
        "Hero Kid"
      ],
      "Serials": [
        "SV10011"
      ],
      "Sha1s2Md5": "3cf21c96b66713da3c89547983f47765",
      "Crcs2Md5": "2b293a79835bf5ecebd4167fe0927ddd",
      "Sets": {
        "1": [
          "herokid"
        ],
        "2": [
          "Hero Kid (USA, Europe)"
        ],
        "4": [
          "Hero Kid (199x)(-)"
        ],
        "6": [
          "73854"
        ]
      },
      "Size": 65536,
      "Publishers": [
        8,
        12
      ],
      "ReleaseDate": "1/1/1992",
      "ESRB": "E",
      "Genres": [
        2,
        4
      ],
      "Regions": [
        "EU",
        "US"
      ],
      "Languages": [
        "en"
      ]
    },
    {
      "Titles": [
        "Honey Bee"
      ],
      "Serials": [
        "SV10018"
      ],
      "Sha1s2Md5": "503b6f73e7497e6641f6d4f7cf7c25c1",
      "Crcs2Md5": "363bd90f4f46a6237f27d89ef201ab24",
      "Sets": {
        "1": [
          "honeybee"
        ],
        "2": [
          "Honey Bee (USA, Europe)"
        ],
        "4": [
          "Honey Bee (1992)(Bon Treasure)"
        ]
      },
      "Size": 65536,
      "Publishers": [
        3,
        4
      ],
      "ReleaseDate": "1/1/1992",
      "Regions": [
        "EU",
        "US"
      ],
      "Languages": [
        "en"
      ]
    },
    {
      "Titles": [
        "Jacky Lucky"
      ],
      "Sha1s2Md5": "adab5f5bd253409012eeef92fd2f3f3f",
      "Crcs2Md5": "f3e09b5c2a8ec056151a6bddcc36508d",
      "Sets": {
        "1": [
          "jackyluc"
        ],
        "2": [
          "Jacky Lucky (USA, Europe)"
        ],
        "4": [
          "Jacky Lucky (1992)(Bon Treasure)"
        ]
      },
      "Size": 65536,
      "Publishers": [
        4
      ],
      "ReleaseDate": "1/1/1992",
      "Regions": [
        "EU",
        "US"
      ],
      "Languages": [
        "en"
      ]
    },
    {
      "Titles": [
        "Jaguar Bomber"
      ],
      "Serials": [
        "SV10025"
      ],
      "Sha1s2Md5": "cb33980647dfc7f49b5be0758fa62811",
      "Crcs2Md5": "6ca2c93d52c3874239e0382a38ae3b72",
      "Sets": {
        "1": [
          "jagbombr"
        ],
        "2": [
          "Jaguar Bomber (USA, Europe)"
        ],
        "4": [
          "Jaguar Bomber (1992)(Bon Treasure)"
        ]
      },
      "Size": 65536,
      "Publishers": [
        4
      ],
      "ReleaseDate": "1/1/1992",
      "Regions": [
        "EU",
        "US"
      ],
      "Languages": [
        "en"
      ]
    },
    {
      "Titles": [
        "John Adventure"
      ],
      "Serials": [
        "SV10036"
      ],
      "Sha1s2Md5": "959e6ec997a01949fd7dc8e0f43f3b03",
      "Crcs2Md5": "db4a669435c51f77f72841989cfff63c",
      "Sets": {
        "1": [
          "johnadv"
        ],
        "2": [
          "John Adventure (USA, Europe)"
        ],
        "4": [
          "John Adventure (1992)(Sachen)"
        ]
      },
      "Size": 65536,
      "Publishers": [
        3,
        6
      ],
      "ReleaseDate": "1/1/1992",
      "Regions": [
        "EU",
        "US"
      ],
      "Languages": [
        "en"
      ]
    },
    {
      "Titles": [
        "Journey to the West"
      ],
      "Sha1s2Md5": "d8118bfde6070464b05ed3fa59931bc3",
      "Crcs2Md5": "859541512262e1bc70478b7ad3bd9b00",
      "Sets": {
        "1": [
          "jrnywest"
        ],
        "2": [
          "Journey to the West (USA)"
        ],
        "4": [
          "Journey to the West (199x)(-)"
        ]
      },
      "Size": 524288,
      "Publishers": [
        11,
        12
      ],
      "Regions": [
        "US"
      ],
      "Languages": [
        "en"
      ]
    },
    {
      "Titles": [
        "Juggler"
      ],
      "Serials": [
        "SV10043"
      ],
      "Sha1s2Md5": "f7cf2353de95ed36e9096a525eb04538",
      "Crcs2Md5": "3b5c09fe432d607858ab0e21fcce673d",
      "Sets": {
        "1": [
          "juggler"
        ],
        "2": [
          "Juggler (USA, Europe)"
        ],
        "4": [
          "Juggler (1992)(Bon Treasure)"
        ]
      },
      "Size": 65536,
      "Publishers": [
        4
      ],
      "ReleaseDate": "1/1/1992",
      "Regions": [
        "EU",
        "US"
      ],
      "Languages": [
        "en"
      ]
    },
    {
      "Titles": [
        "Kabi Island - Gold in Island",
        "Kabi Island"
      ],
      "Sha1s2Md5": "fcf008ac9bcc15fe8f8e341fce1aa870",
      "Crcs2Md5": "8c492fdf11921d1f8c35e4b9c9106029",
      "Sets": {
        "1": [
          "kabiisl"
        ],
        "2": [
          "Kabi Island - Gold in Island (USA, Europe)"
        ],
        "4": [
          "Kabi Island (1992)(Sachen)"
        ]
      },
      "Size": 65536,
      "Publishers": [
        3,
        6
      ],
      "ReleaseDate": "1/1/1992",
      "Regions": [
        "EU",
        "US"
      ],
      "Languages": [
        "en"
      ]
    },
    {
      "Titles": [
        "Kitchen War"
      ],
      "Sha1s2Md5": "9b2bdbbbe97e96e713cfd1860f8631d7",
      "Crcs2Md5": "aaaa1b9ff33e00f259e88c7090bd45ef",
      "Sets": {
        "1": [
          "kitchenw"
        ],
        "2": [
          "Kitchen War (USA, Europe)"
        ],
        "4": [
          "Kitchen War (1992)(Bon Treasure)"
        ],
        "6": [
          "72155"
        ]
      },
      "Overview": {
        "en": [
          8
        ]
      },
      "Size": 65536,
      "Publishers": [
        4
      ],
      "ReleaseDate": "1/1/1992",
      "ESRB": "E",
      "Genres": [
        2
      ],
      "Regions": [
        "US",
        "EU"
      ],
      "Languages": [
        "en"
      ]
    },
    {
      "Titles": [
        "Kung-Fu Street"
      ],
      "Sha1s2Md5": "f9a661acab01b9235e368d803c893278",
      "Crcs2Md5": "4a6f632f072e8a01ffc024edc1d00e4b",
      "Sets": {
        "1": [
          "kungfust"
        ],
        "2": [
          "Kung-Fu Street (USA, Europe)"
        ],
        "4": [
          "Kung-Fu Street (1993)(Thin Chen)"
        ],
        "6": [
          "95675"
        ]
      },
      "Overview": {
        "en": [
          12
        ]
      },
      "Size": 65536,
      "Publishers": [
        7,
        13
      ],
      "Developers": [
        7
      ],
      "ReleaseDate": "1/1/1993",
      "ESRB": "E",
      "Genres": [
        7
      ],
      "Regions": [
        "US",
        "EU"
      ],
      "Languages": [
        "en"
      ]
    },
    {
      "Titles": [
        "Linear Racing"
      ],
      "Serials": [
        "SV10007"
      ],
      "Sha1s2Md5": "839d9e646866d80e0913d5d40139f06a",
      "Crcs2Md5": "e108279a99f07db3473c1f69d9dc17f9",
      "Sets": {
        "1": [
          "linear"
        ],
        "2": [
          "Linear Racing (USA, Europe)"
        ],
        "4": [
          "Linear Racing (199x)(-)"
        ],
        "6": [
          "64032"
        ]
      },
      "Overview": {
        "en": [
          4
        ]
      },
      "Size": 65536,
      "Publishers": [
        3,
        12
      ],
      "ReleaseDate": "1/1/1992",
      "Genres": [
        1
      ],
      "Regions": [
        "EU",
        "US"
      ],
      "Languages": [
        "en"
      ]
    },
    {
      "Titles": [
        "Magincross"
      ],
      "Serials": [
        "SV10039"
      ],
      "Sha1s2Md5": "99e52df5d8af620813c92062732ee7bb",
      "Crcs2Md5": "772df1b8408b139251799a47faa15a38",
      "Sets": {
        "1": [
          "maginx"
        ],
        "2": [
          "Magincross (USA, Europe)"
        ],
        "4": [
          "Magincross (1992)(Thin Chen)"
        ],
        "6": [
          "95673"
        ]
      },
      "Overview": {
        "en": [
          10
        ]
      },
      "Size": 65536,
      "Publishers": [
        7,
        13
      ],
      "Developers": [
        7
      ],
      "ReleaseDate": "1/1/1992",
      "ESRB": "E",
      "Genres": [
        3
      ],
      "Regions": [
        "EU",
        "US"
      ],
      "Languages": [
        "en"
      ]
    },
    {
      "Titles": [
        "Mahjang Leitai",
        "Majong"
      ],
      "Serials": [
        "SV10012"
      ],
      "Sha1s2Md5": "602097cc62350af2c94d77221714a7f8",
      "Crcs2Md5": "ac61d9ea2e79f5e6fe68667ccad20c87",
      "Sets": {
        "1": [
          "mjleitai"
        ],
        "2": [
          "Majong (USA, Europe)"
        ],
        "4": [
          "Majong (1992)(Bon Treasure)"
        ]
      },
      "Size": 65536,
      "Publishers": [
        4
      ],
      "ReleaseDate": "1/1/1992",
      "Regions": [
        "US",
        "EU"
      ],
      "Languages": [
        "en"
      ]
    },
    {
      "Titles": [
        "Matta Blatta"
      ],
      "Serials": [
        "SV10020"
      ],
      "Sha1s2Md5": "6476dead60964d97ebb2d68d7f5b6b5b",
      "Crcs2Md5": "6ae950929db04ad4d92f204c3e4143a7",
      "Sets": {
        "1": [
          "mattablt"
        ],
        "2": [
          "Matta Blatta (USA, Europe)"
        ],
        "4": [
          "Matta Blatta (199x)(-)"
        ],
        "6": [
          "95680"
        ]
      },
      "Overview": {
        "en": [
          17
        ]
      },
      "Size": 65536,
      "Publishers": [
        3,
        12
      ],
      "Developers": [
        20
      ],
      "ReleaseDate": "1/1/1992",
      "ESRB": "E",
      "Genres": [
        3
      ],
      "Regions": [
        "EU",
        "US"
      ],
      "Languages": [
        "en"
      ]
    },
    {
      "Titles": [
        "MISSILEVADER"
      ],
      "Sha1s2Md5": "fe10b411e0c56b2b21a89a951220cecc",
      "Crcs2Md5": "354b335471ab262f9a13117fe69c3b1c",
      "Sets": {
        "1": [
          "misvader"
        ]
      },
      "Size": 4096,
      "Publishers": [
        0
      ]
    },
    {
      "Titles": [
        "Olympic Trials"
      ],
      "Serials": [
        "SV10019"
      ],
      "Sha1s2Md5": "b7dd22ace1950ff4712203184a2f767b",
      "Crcs2Md5": "b7099c40fe9920b32ab5a5307f11b7df",
      "Sets": {
        "1": [
          "olympict"
        ],
        "2": [
          "Olympic Trials (USA, Europe)"
        ],
        "4": [
          "Olympic Trials (199x)(-)"
        ],
        "6": [
          "72154"
        ]
      },
      "Size": 65536,
      "Publishers": [
        3,
        12
      ],
      "Developers": [
        19
      ],
      "ReleaseDate": "1/1/1992",
      "ESRB": "E",
      "Genres": [
        0
      ],
      "Regions": [
        "EU",
        "US"
      ],
      "Languages": [
        "en"
      ]
    },
    {
      "Titles": [
        "OTHELLO"
      ],
      "Sha1s2Md5": "ba1468b18d2c4538d4b67b42196e20ed",
      "Crcs2Md5": "8c1de94f1d817254121f2681bd6d8d53",
      "Sets": {
        "1": [
          "othello"
        ]
      },
      "Size": 4096,
      "Publishers": [
        0
      ]
    },
    {
      "Titles": [
        "P52 Sea Battle",
        "P-52 Sea Battle"
      ],
      "Serials": [
        "SV10006"
      ],
      "Sha1s2Md5": "1c1c6a977d13d903a32c7d393fa70689",
      "Crcs2Md5": "c2cae81e78ccbff2b7aba5460d8a4f30",
      "Sets": {
        "1": [
          "p52sea"
        ],
        "2": [
          "P-52 Sea Battle (USA, Europe)"
        ],
        "4": [
          "P-52 Sea Battle (199x)(-)"
        ],
        "6": [
          "73856"
        ]
      },
      "Size": 65536,
      "Publishers": [
        3,
        12
      ],
      "ReleaseDate": "1/1/1992",
      "ESRB": "E",
      "Genres": [
        2,
        4
      ],
      "Regions": [
        "EU",
        "US"
      ],
      "Languages": [
        "en"
      ]
    },
    {
      "Titles": [
        "PacBoy & Mouse"
      ],
      "Serials": [
        "SV10008"
      ],
      "Sha1s2Md5": "7ff14359469dfcdde92d7d989a149e2d",
      "Crcs2Md5": "13f2beae4fb27a161dd3ef743f52d4f2",
      "Sets": {
        "1": [
          "pacboy"
        ],
        "2": [
          "PacBoy & Mouse (USA, Europe)"
        ],
        "4": [
          "PacBoy & Mouse (199x)(-)"
        ]
      },
      "Size": 65536,
      "Publishers": [
        3,
        12
      ],
      "Regions": [
        "EU",
        "US"
      ],
      "Languages": [
        "en"
      ]
    },
    {
      "Titles": [
        "Pacific Battle"
      ],
      "Sha1s2Md5": "d4bddc7a92fa4565c02a5782e2c735bd",
      "Crcs2Md5": "4a0537499bbeec089df6c52473ea9d3e",
      "Sets": {
        "1": [
          "pacificb"
        ],
        "2": [
          "Pacific Battle (USA, Europe)"
        ],
        "4": [
          "Pacific Battle (1992)(Bon Treasure)"
        ]
      },
      "Size": 65536,
      "Publishers": [
        4
      ],
      "ReleaseDate": "1/1/1992",
      "Regions": [
        "US",
        "EU"
      ],
      "Languages": [
        "en"
      ]
    },
    {
      "Titles": [
        "PACPACBIRD"
      ],
      "Sha1s2Md5": "cd1d412ed59ab14ca006fbbfe248ba9a",
      "Crcs2Md5": "9f1a7d2fa2a33242a96e4733915ccdb4",
      "Sets": {
        "1": [
          "pacpac"
        ]
      },
      "Size": 4096,
      "Publishers": [
        0
      ]
    },
    {
      "Titles": [
        "Penguin Hideout"
      ],
      "Serials": [
        "SV10032"
      ],
      "Sha1s2Md5": "0943664465c33ce7c5b52466be56ef48",
      "Crcs2Md5": "2d0eb50b824b80a3ccff577c906c08e9",
      "Sets": {
        "1": [
          "penguinh"
        ],
        "2": [
          "Penguin Hideout (USA, Europe)"
        ],
        "4": [
          "Penguin Hideout (1992)(Thin Chen)"
        ],
        "6": [
          "64033"
        ]
      },
      "Size": 32768,
      "Publishers": [
        7,
        13
      ],
      "ReleaseDate": "1/1/1992",
      "Genres": [
        2
      ],
      "Regions": [
        "EU",
        "US"
      ],
      "Languages": [
        "en"
      ]
    },
    {
      "Titles": [
        "Penguin Hideout"
      ],
      "Sha1s2Md5": "aa821eb4ae9f07f1456667829df57a97",
      "Crcs2Md5": "c694d4767eb2da6f03db2935b4386bc2",
      "Sets": {
        "4": [
          "Penguin Hideout (1992)(Thin Chen)[b]"
        ],
        "6": [
          "64033"
        ]
      },
      "Size": 65536,
      "Publishers": [
        13
      ],
      "Tags": [
        1
      ],
      "ReleaseDate": "1/1/1992",
      "Genres": [
        2
      ],
      "Languages": [
        "en"
      ]
    },
    {
      "Titles": [
        "Police Bust"
      ],
      "Serials": [
        "SV10014"
      ],
      "Sha1s2Md5": "edb4feeae050338e998664ddf8b481e0",
      "Crcs2Md5": "6166108018817a583260ef958d2b4d80",
      "Sets": {
        "1": [
          "policebu"
        ],
        "2": [
          "Police Bust (USA, Europe)"
        ],
        "4": [
          "Police Bust (199x)(Bon Treasure)"
        ]
      },
      "Size": 65536,
      "Publishers": [
        4
      ],
      "Regions": [
        "EU",
        "US"
      ],
      "Languages": [
        "en"
      ]
    },
    {
      "Titles": [
        "Popo Team"
      ],
      "Serials": [
        "SV10037"
      ],
      "Sha1s2Md5": "c4e33ca7c6a10b53bf0d00e85418333d",
      "Crcs2Md5": "895fce34900e34b1e834b13fa266e22b",
      "Sets": {
        "1": [
          "popoteam"
        ],
        "2": [
          "Popo Team (USA, Europe)"
        ],
        "4": [
          "Popo Team (1992)(Sachen)"
        ]
      },
      "Size": 65536,
      "Publishers": [
        6
      ],
      "ReleaseDate": "1/1/1992",
      "Regions": [
        "US",
        "EU"
      ],
      "Languages": [
        "en"
      ]
    },
    {
      "Titles": [
        "Pyramid"
      ],
      "Sha1s2Md5": "449b628dd23130eced3a10faf12b7736",
      "Crcs2Md5": "dd2048e2a2f3d23e610dad6fd7f3b607",
      "Sets": {
        "1": [
          "pyramid"
        ],
        "2": [
          "Pyramid (USA, Europe)"
        ],
        "4": [
          "Pyramid (1992)(Thin Chen)"
        ],
        "6": [
          "95682"
        ]
      },
      "Overview": {
        "en": [
          19
        ]
      },
      "Size": 32768,
      "Publishers": [
        3,
        13
      ],
      "Developers": [
        7
      ],
      "ReleaseDate": "1/1/1992",
      "ESRB": "E",
      "Genres": [
        1
      ],
      "Regions": [
        "EU",
        "US"
      ],
      "Languages": [
        "en"
      ]
    },
    {
      "Titles": [
        "Recycle Design"
      ],
      "Serials": [
        "SV10041"
      ],
      "Sha1s2Md5": "11eb977e9d481679b2c8dcb042dc8f2f",
      "Crcs2Md5": "bb761b9ad294c8d052ed03f119b28284",
      "Sets": {
        "1": [
          "recycled"
        ],
        "2": [
          "Recycle Design (USA, Europe)"
        ],
        "4": [
          "Recycle Design (199x)(Bon Treasure)"
        ]
      },
      "Size": 65536,
      "Publishers": [
        8,
        4
      ],
      "Regions": [
        "US",
        "EU"
      ],
      "Languages": [
        "en"
      ]
    },
    {
      "Titles": [
        "Scaffolder"
      ],
      "Sha1s2Md5": "8511cdfeb6b34a4538d2dc8de99e78ef",
      "Crcs2Md5": "e9fb99ffa499536914dc8f252954b8b6",
      "Sets": {
        "1": [
          "scaffold"
        ],
        "2": [
          "Scaffolder (USA, Europe)"
        ],
        "4": [
          "Scaffolder (1992)(Bon Treasure)"
        ]
      },
      "Size": 65536,
      "Publishers": [
        4
      ],
      "ReleaseDate": "1/1/1992",
      "Regions": [
        "US",
        "EU"
      ],
      "Languages": [
        "en"
      ]
    },
    {
      "Titles": [
        "Soccer Champion"
      ],
      "Serials": [
        "SV10034"
      ],
      "Sha1s2Md5": "70361bd07d14ab1285a7f6a492615820",
      "Crcs2Md5": "c1a408a0896a8f1f6849bf50eefd674e",
      "Sets": {
        "1": [
          "soccerch"
        ],
        "2": [
          "Soccer Champion (USA, Europe)"
        ],
        "4": [
          "Soccer Champion (199x)(-)"
        ],
        "6": [
          "73857"
        ]
      },
      "Size": 65536,
      "Publishers": [
        8,
        12
      ],
      "ReleaseDate": "1/1/1992",
      "ESRB": "E",
      "Genres": [
        0
      ],
      "Regions": [
        "EU",
        "US"
      ],
      "Languages": [
        "en"
      ]
    },
    {
      "Titles": [
        "Sonny X'press",
        "Sonny Xpress!"
      ],
      "Sha1s2Md5": "bfbf46343dd916907652c883b361a7c0",
      "Crcs2Md5": "b8db1bfe0bad70ca693163fb4e066fd5",
      "Sets": {
        "1": [
          "sonnyxpr"
        ],
        "2": [
          "Sonny X'Press (USA, Europe)"
        ],
        "4": [
          "Sonny Xpress! (199x)(-)"
        ]
      },
      "Size": 65536,
      "Publishers": [
        9,
        12
      ],
      "Regions": [
        "US",
        "EU"
      ],
      "Languages": [
        "en"
      ]
    },
    {
      "Titles": [
        "Space Fighter"
      ],
      "Serials": [
        "SV10017"
      ],
      "Sha1s2Md5": "47fc4dd310c810d1b53e9f27bce95c9b",
      "Crcs2Md5": "7e0cc6590c83802bd77c08706e58f142",
      "Sets": {
        "1": [
          "spcfghtr"
        ],
        "2": [
          "Space Fighter (USA, Europe)"
        ],
        "4": [
          "Space Fighter (1992)(Bon Treasure)"
        ],
        "6": [
          "64034"
        ]
      },
      "Overview": {
        "en": [
          5
        ]
      },
      "Size": 65536,
      "Publishers": [
        4
      ],
      "ReleaseDate": "1/1/1992",
      "Genres": [
        2,
        3
      ],
      "Regions": [
        "US",
        "EU"
      ],
      "Languages": [
        "en"
      ]
    },
    {
      "Titles": [
        "SPACEFIRE"
      ],
      "Sha1s2Md5": "506642f43889b9e17fab74d3fc1e0423",
      "Crcs2Md5": "379c5838aac261f10495147b21e299c0",
      "Sets": {
        "1": [
          "spfire"
        ]
      },
      "Size": 4096,
      "Publishers": [
        0
      ]
    },
    {
      "Titles": [
        "SSSnake"
      ],
      "Serials": [
        "SV10009"
      ],
      "Sha1s2Md5": "5c8e2633f779c97991153b0b6881c07f",
      "Crcs2Md5": "e003a990015c065d7fef09ad7b2d6c47",
      "Sets": {
        "1": [
          "sssnake"
        ],
        "2": [
          "SSSnake (USA, Europe)"
        ],
        "4": [
          "SSSnake (1992)(BITS)"
        ],
        "6": [
          "64030"
        ]
      },
      "Overview": {
        "en": [
          2
        ]
      },
      "Size": 65536,
      "Publishers": [
        3,
        15
      ],
      "Developers": [
        17
      ],
      "ReleaseDate": "1/1/1992",
      "Genres": [
        1
      ],
      "Regions": [
        "EU",
        "US"
      ],
      "Languages": [
        "en"
      ]
    },
    {
      "Titles": [
        "SUBMARINE"
      ],
      "Sha1s2Md5": "8eadf9d518ada57846d85d5353d0dcb6",
      "Crcs2Md5": "b1823c1fcfbe6e6afc013cdf3ae118ab",
      "Sets": {
        "1": [
          "submar"
        ]
      },
      "Size": 4096,
      "Publishers": [
        0
      ]
    },
    {
      "Titles": [
        "Super Block"
      ],
      "Serials": [
        "SV10022"
      ],
      "Sha1s2Md5": "4e77da8ee8d76d71553aa445efc826e4",
      "Crcs2Md5": "d3e65a4f72fcb5a61c717ce65ef2f0e3",
      "Sets": {
        "1": [
          "sblock"
        ],
        "2": [
          "Super Block (USA, Europe)"
        ],
        "4": [
          "Super Block (1992)(Bon Treasure)"
        ]
      },
      "Size": 32768,
      "Publishers": [
        4
      ],
      "ReleaseDate": "1/1/1992",
      "Regions": [
        "EU",
        "US"
      ],
      "Languages": [
        "en"
      ]
    },
    {
      "Titles": [
        "Super Block"
      ],
      "Sha1s2Md5": "62dcac46a7ee0d4b5d61ee0db55957be",
      "Crcs2Md5": "133cc06d5c3d6f07129284a609c115e9",
      "Sets": {
        "4": [
          "Super Block (1992)(Bon Treasure)[b]"
        ]
      },
      "Size": 65536,
      "Publishers": [
        4
      ],
      "Tags": [
        1
      ],
      "ReleaseDate": "1/1/1992",
      "Languages": [
        "en"
      ]
    },
    {
      "Titles": [
        "Super Kong"
      ],
      "Serials": [
        "SV10042"
      ],
      "Sha1s2Md5": "42da249a53f25064175fef405e118926",
      "Crcs2Md5": "a91db20419f49ae2798380061a9cf5e7",
      "Sets": {
        "1": [
          "skong"
        ],
        "2": [
          "Super Kong (USA, Europe)"
        ],
        "4": [
          "Super Kong (1992)(Thin Chen)"
        ],
        "6": [
          "72156"
        ]
      },
      "Size": 65536,
      "Publishers": [
        7,
        13
      ],
      "Developers": [
        7
      ],
      "ReleaseDate": "1/1/1992",
      "ESRB": "E",
      "Genres": [
        2
      ],
      "Regions": [
        "EU",
        "US"
      ],
      "Languages": [
        "en"
      ]
    },
    {
      "Titles": [
        "Super Pang"
      ],
      "Serials": [
        "SV10028"
      ],
      "Sha1s2Md5": "afedd4af5ff7cb06d059fab2c84418c9",
      "Crcs2Md5": "cf17be0408c97dca64bae311b7342ed4",
      "Sets": {
        "1": [
          "spang"
        ],
        "2": [
          "Super Pang (USA, Europe)"
        ],
        "4": [
          "Super Pang (1992)(Sachen)"
        ]
      },
      "Size": 65536,
      "Publishers": [
        6
      ],
      "ReleaseDate": "1/1/1992",
      "Regions": [
        "US",
        "EU"
      ],
      "Languages": [
        "en"
      ]
    },
    {
      "Titles": [
        "Tasac 2010"
      ],
      "Serials": [
        "SV10026"
      ],
      "Sha1s2Md5": "033005398fafe960f51521dfd8e6a72d",
      "Crcs2Md5": "880f74a83020ae2241628e145159572d",
      "Sets": {
        "1": [
          "tasac"
        ],
        "2": [
          "Tasac 2010 (USA, Europe)"
        ],
        "4": [
          "Tasac 2010 (1992)(Thin Chen)"
        ],
        "6": [
          "73859"
        ]
      },
      "Size": 65536,
      "Publishers": [
        7,
        13
      ],
      "ReleaseDate": "1/1/1992",
      "ESRB": "E",
      "Genres": [
        3
      ],
      "Regions": [
        "EU",
        "US"
      ],
      "Languages": [
        "en"
      ]
    },
    {
      "Titles": [
        "Tennis Pro 92",
        "Tennis Pro '92"
      ],
      "Serials": [
        "SV10015"
      ],
      "Sha1s2Md5": "9423c93062fb0ab92d8fdb74aa331d4a",
      "Crcs2Md5": "3e4b622a2ae93bf8a6cd15865f00d791",
      "Sets": {
        "1": [
          "tennis92"
        ],
        "2": [
          "Tennis Pro '92 (USA, Europe)"
        ],
        "4": [
          "Tennis Pro '92 (1992)(BITS)"
        ],
        "6": [
          "62981"
        ]
      },
      "Overview": {
        "en": [
          0
        ]
      },
      "Size": 65536,
      "Publishers": [
        10,
        15
      ],
      "Developers": [
        16
      ],
      "ReleaseDate": "1/1/1992",
      "Genres": [
        0
      ],
      "Regions": [
        "EU",
        "US"
      ],
      "Languages": [
        "en"
      ]
    },
    {
      "Titles": [
        "Thunder Shooting"
      ],
      "Sha1s2Md5": "7a5e6a2ae760703314cf250dffcb8386",
      "Crcs2Md5": "af288d182f59f9ee639d213a11036cfd",
      "Sets": {
        "1": [
          "tshoot"
        ],
        "2": [
          "Thunder Shooting (USA, Europe)"
        ],
        "4": [
          "Thunder Shooting (1992)(Thin Chen)"
        ],
        "6": [
          "95677"
        ]
      },
      "Overview": {
        "en": [
          14
        ]
      },
      "Size": 65536,
      "Publishers": [
        7,
        13
      ],
      "Developers": [
        7
      ],
      "ReleaseDate": "1/1/1992",
      "ESRB": "E",
      "Genres": [
        3
      ],
      "Regions": [
        "US",
        "EU"
      ],
      "Languages": [
        "en"
      ]
    },
    {
      "Titles": [
        "Treasure Hunter"
      ],
      "Sha1s2Md5": "64f467fa4ae311bd81e14c849434788a",
      "Crcs2Md5": "2cea939be159674211c868ed7d5465ec",
      "Sets": {
        "1": [
          "thunter"
        ],
        "2": [
          "Treasure Hunter (USA, Europe)"
        ],
        "4": [
          "Treasure Hunter (1992)(Bon Treasure)"
        ],
        "6": [
          "73858"
        ]
      },
      "Size": 65536,
      "Publishers": [
        3,
        4
      ],
      "ReleaseDate": "1/1/1992",
      "ESRB": "E",
      "Genres": [
        2,
        4
      ],
      "Regions": [
        "EU",
        "US"
      ],
      "Languages": [
        "en"
      ]
    },
    {
      "Titles": [
        "TV-Link"
      ],
      "Sha1s2Md5": "03b74c3e1d6403f4dc4334afafc9782b",
      "Crcs2Md5": "4d719fa60480f8d86a2ce4aee70958de",
      "Sets": {
        "1": [
          "tvlink"
        ],
        "2": [
          "TV-Link (USA, Europe)"
        ]
      },
      "Size": 32768,
      "Publishers": [
        3
      ],
      "Regions": [
        "US",
        "EU"
      ],
      "Languages": [
        "en"
      ]
    },
    {
      "Titles": [
        "Untouchable"
      ],
      "Sha1s2Md5": "2460863179a6c1e31ef5af7a776cda5d",
      "Crcs2Md5": "40fe918615a8958120de4d06576028d5",
      "Sets": {
        "1": [
          "untchble"
        ],
        "2": [
          "Untouchable (USA, Europe)"
        ],
        "4": [
          "Untouchable (199x)(Bon Treasure)"
        ],
        "6": [
          "95681"
        ]
      },
      "Overview": {
        "en": [
          18
        ]
      },
      "Size": 65536,
      "Publishers": [
        4
      ],
      "ReleaseDate": "1/1/1992",
      "ESRB": "E",
      "Genres": [
        3
      ],
      "Regions": [
        "US",
        "EU"
      ],
      "Languages": [
        "en"
      ]
    },
    {
      "Titles": [
        "Witty Cat"
      ],
      "Sha1s2Md5": "69dd77ef2ccd3660a5f94b96ddf84722",
      "Crcs2Md5": "4d52c8ab8f94b2a1909457840a791dba",
      "Sets": {
        "1": [
          "wittycat"
        ],
        "2": [
          "Witty Cat (USA, Europe)"
        ],
        "4": [
          "Witty Cat (199x)(Bon Treasure)"
        ]
      },
      "Size": 65536,
      "Publishers": [
        4
      ],
      "Regions": [
        "US",
        "EU"
      ],
      "Languages": [
        "en"
      ]
    }
  ],
  "Overviews": {
    "en": {
      "0": "Tennis Pro '92 is a sports game developed by Bits Studios and was released for Watara Supervision on 12/30/1992",
      "1": "Crystball is a Breakout clone in the tradition of Arkanoid. The player controls a paddle at the bottom of the screen, and must bounce a ball off the bricks on the screen, with the goal of destroying them all. Destroying certain bricks will release power-ups or release enemies that wander the screen. If the ball falls out the bottom of the screen, a life is lost, and if all lives are lost, the game is over.",
      "2": "Sssnake is a basic Snake game. The player controls a snake in a small room filled with food and obstacles. The goal is to eat all the food while avoiding the obstacles, but whenever the snake eats a piece of food, it grows longer, making it more difficult to maneuver. The snake moves forward at a constant speed and can be turned in the four cardinal directions. Holding a button will make the snake move faster, making it harder to control, but increasing the potential for a time bonus.\r\n\r\nIn this particular version, there are a number of apples on each stage. When an apple is eaten, it disappears, and an apple core appears elsewhere on the stage, and when the apple core is eaten, a deadly skull appears somewhere else. The player must eat all of the apples and apple cores in one run; they will all be reset if the snake touches an obstacle. The player will also earn bonus points if all the normal apples are eaten before any apple core is eaten.",
      "3": "Your starship is alive! A metamorphic creature that can transform from a huge flying insect into a metallic destroyer. Face squadron after squadron of alien fighters, marching ever onward towards a final confrontation with an all-powerful enemy.\r\n\r\nThis is basically a scrolling, shoot-it-if-it-moves, action game. As your ship scrolls up the screen, you fire on ships coming from the top of the screen. Occasionally, after ships have been destroyed, you can pick up a power up to increase your firing ability. At the end of each level is a boss you must defeat to move onward.",
      "4": "Linear Racing is a video puzzle game. A short animation is shown, then scrambled into 16 tiles, which must be rearranged to recreate the original image. Tiles may be swapped around, as well as flipped vertically or horizontally, to rebuild the animation. There are six different animations to choose from, and three difficulty settings for each.",
      "5": "Space Fighter is an action shooting game starring a team of three robot soldiers, who must defend their cities from an enemy robot army. Each stage consists of a small scrolling top-down map filled with enemy robots. The player must shoot and destroy a certain number of enemies on each stage in order to move on to the next.\r\n\r\nThere are three different robots to choose from, each with their own different abilities. HUNT is the quickest, but can only shoot straight forward; DALE is the slowest but has a powerful spread shot; and OWEN is average pm speed, but can fire in four directions simultaneously. On each stage, there is also a base that can be used to switch robots and refill their energy.",
      "6": "Challenger Tank is a vertically-scrolling action game similar to Ikari Warriors. The player controls a tank which moves continually forward, and can freely move about the screen firing in any direction; the tank's cannon can be rotated independently of its movement. Enemy tanks appear from all sides, shooting at the player, and must be destroyed or avoided. At the end of each stage, a large boss appears that must be defeated to continue. Power-ups will occasionally appear that will allow the tank to fire in multiple directions simultaneously, but these are lost if the tank takes a hit.",
      "7": "Final Combat is a top-view tank action game similar to Namco's Battle City. Each stage contains a large number of enemy units and other objects to destroy. The goal is to destroy the fortified enemy base in each area, though the base cannot be damaged until enough enemy units -- tanks and turrets -- are destroyed. When the OK is given, destroy the base to complete the stage. If the player's tank takes too much damage, it will be destroyed.",
      "8": "The health organization was launching a cleaning campaign in kitchens.  A cook who was a committed member of this campaign engaged himself in this kitchen war.  Help him to clear the kitchen thoroughly.",
      "9": "Some Anti-government Taiki gangsters had a military centre in an island of South America.  They have been organizing Anti-government riots in various cities.  The International Military Union thus orders a spy coded as \"Hero Hawk\" to ruin the head of the military.",
      "10": "The Sayatians began their invasion of Earth by secretly replacing humans in the military and political posts with Extra Intelligent Beings (EIBs).  To counter this plot, human scientists created a Biochemical Defender whose goal is to eliminate all EIBs.",
      "11": "A little boy is confused in a world of bubbles where he will have to learn to distinguish the edible bubbles from foreign bubbles which can cause damage to the boy.",
      "12": "Little Lap wants to be the number one fighter in the world.  Thus, after he has learned Kung-Fu for thirteen years, he establishes a Kung-Fu platform and invites all fighters to join.",
      "13": "Climbers are always dreaming of climbing the Mount Everest.  If you are one of them, you must enjoy this adventure game which gives you the same feeling as climbing.",
      "14": "The universe armour finds a planet suitable for human beings to live in.  And it is going to transfer some people to this planet.  However, people must successfully avoid the galactic strangers and kill the space creatures before it can aboard.",
      "15": "A space battle breaks out in the galaxy.  You are now engaged in this fast moving, shooting game.  You are the pilot of a fatal craft which may carry a variety of weapons that will boost your confidence in this battle.",
      "16": "Our hero Wei-Wei has taken up the meaningful task to recover a long lost treasure.  Help him to find all hidden money, defeat the enemy, the poisonous spiders, and exit TAIJI alive!",
      "17": "The Matta Blatta warship is about to engage in a seas battle and wipe out the enemy fleet.  Join the challenging mission by going on board.  Be sure to power-up your warship and witness the victory of Matta Blatta!",
      "18": "On the 24th century, a calamity struck as evil spirits, demons, and various monsters appeared from nowhere and started attacking humans.  You, our hero, are our last hope.  Your mission: to defeat these unfriendly hosts and liberate our people from their tyrannical rule.",
      "19": "This is a puzzle game.  Player should arrange the configuration of the falling blocks so as to form a horizontal rectangular block which will disappear automatically.  Otherwise, the blocks will accumulate and increase in height and the game will be over when it reaches the too height limit.",
      "20": "There is always a belief that living creatures exists outside the solar system.  And scientists are afraid that they would invade the earth.  Hence, they have designed a robot in preparation for future attacks.  This robot called Earth Defender is put in action at last and you are invited to defend the earth with the guns provided."
    }
  },
  "Genres": {
    "0": "Sports",
    "1": "Puzzle",
    "2": "Action",
    "3": "Shooter",
    "4": "Adventure",
    "5": "Racing",
    "6": "Platform",
    "7": "Fighting"
  },
  "Companies": {
    "0": "unknown",
    "1": "Supervision",
    "2": "GTC",
    "3": "Watara",
    "4": "Bon Treasure",
    "5": "Travellmate",
    "6": "Sachen",
    "7": "Thin Chen Enterprise",
    "8": "Hartung",
    "9": "Watera",
    "10": "B.I.T.S",
    "11": "Watara?",
    "12": "-",
    "13": "Thin Chen",
    "14": "Caruso, Fabrizio",
    "15": "BITS",
    "16": "Bits Studios",
    "17": "Bits Corporation",
    "18": "Joy Van",
    "19": "Divide By Zero,",
    "20": "B.I.T.S.,"
  },
  "Tags": {
    "0": "Alt",
    "1": "Bad Dump"
  }
}