{
  "PlatformName": "VC 4000",
  "LastUpdate": "6/25/2022 4:53:25 AM",
  "Games": [
    {
      "Titles": [
        "Autorennen",
        "Car Races",
        "Course Automobile"
      ],
      "Serials": [
        "1"
      ],
      "Sha1s2Md5": "60ab13415357708a8587b35d82c5bef1",
      "Crcs2Md5": "f701f76e6337245be696aa1abfdc9649",
      "Sets": {
        "1": [
          "carraces"
        ]
      },
      "Size": 2048,
      "Publishers": [
        0
      ]
    },
    {
      "Titles": [
        "Backgammon",
        "Jacquet"
      ],
      "Serials": [
        "36"
      ],
      "Sha1s2Md5": "32d1bb2a622aa72689d6357f59d4e525",
      "Crcs2Md5": "9d95e667e07a9d4629f9980d1bc77dba",
      "Sets": {
        "1": [
          "backgamm"
        ]
      },
      "Size": 4096,
      "Publishers": [
        0
      ]
    },
    {
      "Titles": [
        "Ballspiele",
        "Paddle Games",
        "Jeux De Balle"
      ],
      "Serials": [
        "3"
      ],
      "Sha1s2Md5": "9efa34b302a5a8065954b473c0d55330",
      "Crcs2Md5": "3c1d76cf147f25e71dfbcfa132349477",
      "Sets": {
        "1": [
          "paddleg"
        ]
      },
      "Size": 2048,
      "Publishers": [
        0
      ]
    },
    {
      "Titles": [
        "Blackjack"
      ],
      "Serials": [
        "2"
      ],
      "Sha1s2Md5": "8dc0e87b661bb2b276628f4ea718f1bd",
      "Crcs2Md5": "b8f8d3d6e015bc3711d5a26f2667a811",
      "Sets": {
        "1": [
          "blckjack"
        ]
      },
      "Size": 2048,
      "Publishers": [
        0
      ]
    },
    {
      "Titles": [
        "Bowling",
        "Kegeln",
        "Ninepins",
        "Yeux Quilles"
      ],
      "Serials": [
        "25"
      ],
      "Sha1s2Md5": "246d476d4fe2916a7a2e2de65494cf84",
      "Crcs2Md5": "4163c3c29a4ac3673f8419b0cf845175",
      "Sets": {
        "1": [
          "bowling"
        ]
      },
      "Size": 2048,
      "Publishers": [
        0
      ]
    },
    {
      "Titles": [
        "Boxkampf",
        "Boxing Match",
        "Match De Boxe"
      ],
      "Serials": [
        "18"
      ],
      "Sha1s2Md5": "8782c7fdfb2d747464387ddac649c8f0",
      "Crcs2Md5": "98b2ff3e9a77829cc6b1676e904463d6",
      "Sets": {
        "1": [
          "boxing"
        ]
      },
      "Size": 4096,
      "Publishers": [
        0
      ]
    },
    {
      "Titles": [
        "Casino"
      ],
      "Serials": [
        "31"
      ],
      "Sha1s2Md5": "aa97348d69f8178a9c3531303204c208",
      "Crcs2Md5": "a9faa2bbfc754bfc1eda971fcd1a9b12",
      "Sets": {
        "1": [
          "casino"
        ]
      },
      "Size": 2048,
      "Publishers": [
        0
      ]
    },
    {
      "Titles": [
        "Circus",
        "Cirque"
      ],
      "Serials": [
        "17"
      ],
      "Sha1s2Md5": "60677b017bd26347ca835093f274914a",
      "Crcs2Md5": "3d4161442a465717aee3c37b751c45b6",
      "Sets": {
        "1": [
          "circus"
        ]
      },
      "Size": 2048,
      "Publishers": [
        0
      ]
    },
    {
      "Titles": [
        "Cockpit"
      ],
      "Serials": [
        "28"
      ],
      "Sha1s2Md5": "6bfc99e3a3258660ad0257a5e11b6b6f",
      "Crcs2Md5": "fd4e3b703dfa2b41183ec9468a7f6e50",
      "Sets": {
        "1": [
          "cockpit"
        ]
      },
      "Size": 4096
    },
    {
      "Titles": [
        "Dame",
        "Draughts",
        "Dames"
      ],
      "Serials": [
        "26"
      ],
      "Sha1s2Md5": "7b1a2f7b2f3b26fc137c08c8a432bd38",
      "Crcs2Md5": "9b773e9b8aa0207293e79388ec9c0b9f",
      "Sets": {
        "1": [
          "draughts"
        ]
      },
      "Size": 4096,
      "Publishers": [
        0
      ]
    },
    {
      "Titles": [
        "Flipper",
        "Pinball"
      ],
      "Serials": [
        "23"
      ],
      "Sha1s2Md5": "d3c4b3154b3deec4bc6e57f8ad281cac",
      "Crcs2Md5": "ccab53b5015fdc4df576d877d9bbec88",
      "Sets": {
        "1": [
          "pinball"
        ]
      },
      "Size": 2048,
      "Publishers": [
        0
      ]
    },
    {
      "Titles": [
        "Fussball",
        "Soccer",
        "Football"
      ],
      "Serials": [
        "24"
      ],
      "Sha1s2Md5": "cfa3dbbcbc93f8eef6e61768f4dd7405",
      "Crcs2Md5": "7c5a0c31e5845a4e6e46aa9f4e83e11f",
      "Sets": {
        "1": [
          "soccer"
        ]
      },
      "Size": 2048,
      "Publishers": [
        0
      ],
      "ReleaseDate": "1/1/1979"
    },
    {
      "Titles": [
        "Golf"
      ],
      "Serials": [
        "27"
      ],
      "Sha1s2Md5": "56e8fdf9c7f3e3b75e62f01ff4daa12a",
      "Crcs2Md5": "2dcd94617af33a3abdbdad3cade42e77",
      "Sets": {
        "1": [
          "golf"
        ]
      },
      "Size": 4096,
      "Publishers": [
        0
      ]
    },
    {
      "Titles": [
        "Hippodrom",
        "Hippodrome"
      ],
      "Serials": [
        "11"
      ],
      "Sha1s2Md5": "5e43127631d92e29c88d2322240b3daf",
      "Crcs2Md5": "285991b87029276c7612cfdd88e3cf17",
      "Sets": {
        "1": [
          "hippodro"
        ]
      },
      "Size": 2048,
      "Publishers": [
        0
      ]
    },
    {
      "Titles": [
        "Hyperspace",
        "Hyperespace"
      ],
      "Serials": [
        "38"
      ],
      "Sha1s2Md5": "94a0a1f5cccfbb146ee486cf691614ff",
      "Crcs2Md5": "c651ad1b5c6917090de3b9a54c3ced5c",
      "Sets": {
        "1": [
          "hyperspa"
        ]
      },
      "Size": 2048,
      "Publishers": [
        0
      ]
    },
    {
      "Titles": [
        "Intelligenz III",
        "Intelligence III"
      ],
      "Serials": [
        "16"
      ],
      "Sha1s2Md5": "547bb441857f8de4463191371b57e8f0",
      "Crcs2Md5": "ec77d916d479afbcf5f48e4675761170",
      "Sets": {
        "1": [
          "intel3"
        ]
      },
      "Size": 2048,
      "Publishers": [
        0
      ]
    },
    {
      "Titles": [
        "Intelligenz IV",
        "Attacke",
        "Intelligence IV",
        "Attack",
        "Attaque"
      ],
      "Serials": [
        "21"
      ],
      "Sha1s2Md5": "15d0737ec87646a37b2ade08b11db93d",
      "Crcs2Md5": "d1a83eda5f2e618c561566c426be420d",
      "Sets": {
        "1": [
          "reversi"
        ]
      },
      "Size": 2048,
      "Publishers": [
        0
      ]
    },
    {
      "Titles": [
        "Jagd",
        "Hunting",
        "Chasse"
      ],
      "Serials": [
        "12"
      ],
      "Sha1s2Md5": "c2d455deacab8dd663417e9485ca7ff5",
      "Crcs2Md5": "b38856e279ed9333276d3199f605995d",
      "Sets": {
        "1": [
          "hunting"
        ]
      },
      "Size": 2048,
      "Publishers": [
        0
      ]
    },
    {
      "Titles": [
        "Krieg im Weltraum",
        "Outer Space Combat",
        "Guerre Dans L'Espace"
      ],
      "Serials": [
        "19"
      ],
      "Sha1s2Md5": "0b6e4e0018482ecd93d5bb9abaaacdc6",
      "Crcs2Md5": "2de99867494f3f7044752f64d0827e42",
      "Sets": {
        "1": [
          "outersc"
        ]
      },
      "Size": 2048,
      "Publishers": [
        0
      ]
    },
    {
      "Titles": [
        "Luftkampf",
        "Seegefecht",
        "Air",
        "Sea Battle",
        "Combat Aerien",
        "Bataile Navale"
      ],
      "Serials": [
        "7"
      ],
      "Sha1s2Md5": "bfc52c251e61cca9a3b9673c7ce5c388",
      "Crcs2Md5": "622036b26baa4de2c7afe9cf08149fe1",
      "Sets": {
        "1": [
          "airseaba"
        ]
      },
      "Size": 2048,
      "Publishers": [
        0
      ]
    },
    {
      "Titles": [
        "Mathematik I",
        "Mathematics I",
        "Mathematique I"
      ],
      "Serials": [
        "5"
      ],
      "Sha1s2Md5": "d25a239b1b5b2b4e2deffcaa8e5f8a18",
      "Crcs2Md5": "cb8f25260d21e91bc3a4e0e3565bd2a6",
      "Sets": {
        "1": [
          "mathema1"
        ]
      },
      "Size": 2048,
      "Publishers": [
        0
      ]
    },
    {
      "Titles": [
        "Mathematik II",
        "Mathematics II",
        "Mathematique II"
      ],
      "Serials": [
        "6"
      ],
      "Sha1s2Md5": "64e6d8ea9a342bcf5de140dbcd0348e3",
      "Crcs2Md5": "2fbdf8e46ef4b39dd95547f4f9c9b197",
      "Sets": {
        "1": [
          "mathema2"
        ]
      },
      "Size": 2048,
      "Publishers": [
        0
      ]
    },
    {
      "Titles": [
        "Memory I",
        "Motivsuche",
        "Flag Capture",
        "Recherche De Motifs"
      ],
      "Serials": [
        "8"
      ],
      "Sha1s2Md5": "47746c22d4cf0232d8ac102443a4d8c9",
      "Crcs2Md5": "f4b14813e041c204a2710d10a134fcb4",
      "Sets": {
        "1": [
          "memory1"
        ]
      },
      "Size": 2048,
      "Publishers": [
        0
      ]
    },
    {
      "Titles": [
        "Memory II",
        "Melodie",
        "Melody",
        "Simon"
      ],
      "Serials": [
        "20"
      ],
      "Sha1s2Md5": "c125467fad74141556572e9162115a6c",
      "Crcs2Md5": "907281b416bf4628152344470d2b4388",
      "Sets": {
        "1": [
          "memory2"
        ]
      },
      "Size": 2048,
      "Publishers": [
        0
      ]
    },
    {
      "Titles": [
        "Metropolis",
        "Hangman"
      ],
      "Serials": [
        "29"
      ],
      "Sha1s2Md5": "90513c34447dfa4eb443c90c25ae7ac7",
      "Crcs2Md5": "1f4415c886e5eb018c4513c0c587c9dd",
      "Sets": {
        "1": [
          "metropol"
        ]
      },
      "Size": 4096,
      "Publishers": [
        0
      ]
    },
    {
      "Titles": [
        "Monster-Man"
      ],
      "Serials": [
        "37"
      ],
      "Sha1s2Md5": "37d7f481a3586aab6055238770165d32",
      "Crcs2Md5": "80986453f7acfaf157dfdbe8cd7dc80c",
      "Sets": {
        "1": [
          "mnstrman"
        ]
      },
      "Size": 4096,
      "Publishers": [
        0
      ]
    },
    {
      "Titles": [
        "Motocross"
      ],
      "Serials": [
        "14"
      ],
      "Sha1s2Md5": "1a9ea90f6eceb428f2ca05f91a5bc59f",
      "Crcs2Md5": "b7b90d357033359a7714c642ac9bc4bc",
      "Sets": {
        "1": [
          "motox"
        ]
      },
      "Size": 4096,
      "Publishers": [
        0
      ]
    },
    {
      "Titles": [
        "Panzerschlacht",
        "Luftkampf",
        "Tank Battle",
        "Air Battle",
        "Bataille De Blindes",
        "Combat Aerien"
      ],
      "Serials": [
        "4"
      ],
      "Sha1s2Md5": "6a22469b1052ded77ad2836d498f0582",
      "Crcs2Md5": "c802a17d2b9c8170cfa48208cb519274",
      "Sets": {
        "1": [
          "tbattle"
        ]
      },
      "Size": 2048,
      "Publishers": [
        0
      ]
    },
    {
      "Titles": [
        "Schach",
        "Chess",
        "Les Echecs"
      ],
      "Serials": [
        "13"
      ],
      "Sha1s2Md5": "988dc64bc205c88416c0d268e25b5b22",
      "Crcs2Md5": "aa74208f9194d0c67a28d65982be1fb1",
      "Sets": {
        "1": [
          "chess"
        ]
      },
      "Size": 4096,
      "Publishers": [
        0
      ]
    },
    {
      "Titles": [
        "Schach II",
        "Chess II",
        "Les Echecs II"
      ],
      "Serials": [
        "22"
      ],
      "Sha1s2Md5": "c93f64b7f1a8f69ce97c3281e127614b",
      "Crcs2Md5": "f7267766c49c61b90b0c2b0279326810",
      "Sets": {
        "1": [
          "chess2"
        ]
      },
      "Size": 6144,
      "Publishers": [
        0
      ]
    },
    {
      "Titles": [
        "Solitär",
        "Solitaire"
      ],
      "Serials": [
        "30"
      ],
      "Sha1s2Md5": "4b9055cd5ff882402f2a05323b72cac1",
      "Crcs2Md5": "285f9e50669c87f5dfd6673b33c6a784",
      "Sets": {
        "1": [
          "solitair"
        ]
      },
      "Size": 2048,
      "Publishers": [
        0
      ]
    },
    {
      "Titles": [
        "Super Invaders",
        "Super Envahisseurs"
      ],
      "Serials": [
        "33"
      ],
      "Sha1s2Md5": "4e63d2fe2b4bdb1d52e93c4c5ff60322",
      "Crcs2Md5": "f79a964525722a0a9af955967f641f6e",
      "Sets": {
        "1": [
          "superinv"
        ]
      },
      "Size": 2048,
      "Publishers": [
        0
      ]
    },
    {
      "Titles": [
        "Super-Space"
      ],
      "Serials": [
        "40"
      ],
      "Sha1s2Md5": "31a794392c88268a03158a21306f6893",
      "Crcs2Md5": "47bc7e97da2f5ef7266d7716817740d0",
      "Sets": {
        "1": [
          "suprspac"
        ]
      },
      "Size": 4096,
      "Publishers": [
        0
      ]
    },
    {
      "Titles": [
        "Weltrauminvasoren",
        "Invaders",
        "Invaseur De L'Espace"
      ],
      "Serials": [
        "32"
      ],
      "Sha1s2Md5": "6bc16768d1bf69b6e0e5099ed8ee199e",
      "Crcs2Md5": "77d7479dadb196eb1a61015c5d4e1112",
      "Sets": {
        "1": [
          "invaders"
        ]
      },
      "Size": 2048,
      "Publishers": [
        0
      ]
    },
    {
      "Titles": [
        "Wintersport",
        "Winter Sports",
        "Sports D'Hiver"
      ],
      "Serials": [
        "10"
      ],
      "Sha1s2Md5": "ae1d4983aad0afa35b8ea77e49698ee1",
      "Crcs2Md5": "5894ed04eefa9f12f1f5bdcee02ad4c0",
      "Sets": {
        "1": [
          "wintersp"
        ]
      },
      "Size": 4096,
      "Publishers": [
        0
      ]
    }
  ],
  "Overviews": {},
  "Genres": {},
  "Companies": {
    "0": "Interton"
  },
  "Tags": {}
}