{
  "PlatformName": "Pippin",
  "LastUpdate": "6/25/2022 4:51:31 AM",
  "Games": [
    {
      "Titles": [
        "Atmark Town"
      ],
      "Sha1s2Md5": "f9702da288dc6d41a507de2f19f9346b",
      "Crcs2Md5": "490de910a71fec77298456ce2ab11117",
      "Sets": {
        "3": [
          "Atmark Town (Japan)"
        ]
      },
      "Size": 752943493,
      "Regions": [
        "JP"
      ]
    },
    {
      "Titles": [
        "Card SD Gundam Gaiden"
      ],
      "Sha1s2Md5": "dd3a068ccec4f5124c3386c28622c468",
      "Crcs2Md5": "2ae6e875545737ff2a4a423b475a8ca8",
      "Sets": {
        "3": [
          "Card SD Gundam Gaiden (Japan)"
        ]
      },
      "Size": 753051695,
      "Regions": [
        "JP"
      ]
    },
    {
      "Titles": [
        "Franky Online"
      ],
      "Sha1s2Md5": "94415105f2cad92f956e7962544dd47d",
      "Crcs2Md5": "d31ea2e06531a5ad7f30408e210afa1b",
      "Sets": {
        "3": [
          "Franky Online (Japan)"
        ]
      },
      "Size": 361601271,
      "Regions": [
        "JP"
      ]
    },
    {
      "Titles": [
        "Gakkou no Kowai Uwasa - Hanako-san ga Kita!!"
      ],
      "Sha1s2Md5": "7fe98f8271d5236d15b75581553bd88b",
      "Crcs2Md5": "4bb0a5eb33c1104a4fd4bad78d5b0729",
      "Sets": {
        "3": [
          "Gakkou no Kowai Uwasa - Hanako-san ga Kita!! (Japan)"
        ]
      },
      "Size": 771020998,
      "Regions": [
        "JP"
      ]
    },
    {
      "Titles": [
        "Gundam Tactics - Mobility Fleet0079"
      ],
      "Sha1s2Md5": "49c46d1d5e4fd4de0204e06dbd291d92",
      "Crcs2Md5": "b764de0d52a2865205c942e044dda285",
      "Sets": {
        "3": [
          "Gundam Tactics - Mobility Fleet0079 (Japan)"
        ]
      },
      "Size": 771020989,
      "Regions": [
        "JP"
      ]
    },
    {
      "Titles": [
        "Hashitte Asobou! Kikansha Thomas"
      ],
      "Sha1s2Md5": "8946e60cdbde38233e7c4aae63161588",
      "Crcs2Md5": "ab3d7e68c4b685c8543d86527dddc5ab",
      "Sets": {
        "3": [
          "Hashitte Asobou! Kikansha Thomas (Japan)"
        ]
      },
      "Size": 241193002,
      "Regions": [
        "JP"
      ]
    },
    {
      "Titles": [
        "Internet Kit"
      ],
      "Sha1s2Md5": "2a395eebd898b27433335451c2dfe659",
      "Crcs2Md5": "747c249f150eb1d2f80c364f19433249",
      "Sets": {
        "3": [
          "Internet Kit (Japan)"
        ]
      },
      "Size": 632765702,
      "Regions": [
        "JP"
      ]
    },
    {
      "Titles": [
        "Pippin Navigator CD"
      ],
      "Sha1s2Md5": "78705149453a0b65f90cb327908abd29",
      "Crcs2Md5": "943b9adb865c93e226d9be16c2177d02",
      "Sets": {
        "3": [
          "Pippin Navigator CD (Japan)"
        ]
      },
      "Size": 490935405,
      "Regions": [
        "JP"
      ]
    },
    {
      "Titles": [
        "Pippin Network CD"
      ],
      "Sha1s2Md5": "eb46cfe03632818448a2e33663a426a3",
      "Crcs2Md5": "dda42a02f839e4140cb0a899e8ae0c27",
      "Sets": {
        "3": [
          "Pippin Network CD (Japan)"
        ]
      },
      "Size": 622315771,
      "Regions": [
        "JP"
      ]
    },
    {
      "Titles": [
        "Pippin Title CD-ROM Catalog - Vol. I - 1996.3"
      ],
      "Sha1s2Md5": "278f84e56f2fe6b91634847e66fb363e",
      "Crcs2Md5": "9eedd7f51c7360e9da0f951246b6539a",
      "Sets": {
        "3": [
          "Pippin Title CD-ROM Catalog - Vol. I - 1996.3 (Japan)"
        ]
      },
      "Size": 301390103,
      "Regions": [
        "JP"
      ]
    },
    {
      "Titles": [
        "Post de Card Light"
      ],
      "Sha1s2Md5": "fbe6e47d46555ddc2dc834e72a20e8c7",
      "Crcs2Md5": "d4dc44993a2b28381ae7b21f695cc315",
      "Sets": {
        "3": [
          "Post de Card Light (Japan)"
        ]
      },
      "Size": 170863484,
      "Regions": [
        "JP"
      ]
    },
    {
      "Titles": [
        "Tunin' Glue"
      ],
      "Sha1s2Md5": "2e1853bcc1f6beff5844752e69b6ebcf",
      "Crcs2Md5": "09dd7945d8002e22aaefbb23c0013d21",
      "Sets": {
        "3": [
          "Tunin' Glue (Japan)"
        ]
      },
      "Size": 320657653,
      "Regions": [
        "JP"
      ]
    },
    {
      "Titles": [
        "TV Works - Word Paint Mail"
      ],
      "Sha1s2Md5": "a0f0e58d10956eddfe89b1b122a39a85",
      "Crcs2Md5": "9701d8ea7b5646b44b00e2a813d6f8c4",
      "Sets": {
        "3": [
          "TV Works - Word Paint Mail (Japan)"
        ]
      },
      "Size": 769837924,
      "Regions": [
        "JP"
      ]
    },
    {
      "Titles": [
        "Ultraman - The Digital Board Game"
      ],
      "Sha1s2Md5": "aa3e773cf38a9c45980f81675f9cc66c",
      "Crcs2Md5": "2342d01b646556961aff1a597bd24f93",
      "Sets": {
        "3": [
          "Ultraman - The Digital Board Game (Japan)"
        ]
      },
      "Size": 753051707,
      "Regions": [
        "JP"
      ]
    }
  ],
  "Overviews": {},
  "Genres": {},
  "Companies": {},
  "Tags": {}
}