{
  "PlatformName": "Camputers Lynx",
  "LastUpdate": "6/25/2022 4:41:39 AM",
  "Games": [
    {
      "Titles": [
        "3D Monster Craze"
      ],
      "Sha1s2Md5": "fc602baf501cca5e98162838735e2e6b",
      "Crcs2Md5": "87fd2ef0c59d0f2c973db9a620fc6ab5",
      "Sets": {
        "4": [
          "3D Monster Craze (1983)(Camsoft)(GB)"
        ]
      },
      "Size": 13207,
      "Publishers": [
        0
      ],
      "ReleaseDate": "1/1/1983",
      "Regions": [
        "GB"
      ],
      "Languages": [
        "en"
      ]
    },
    {
      "Titles": [
        "Air Raid"
      ],
      "Sha1s2Md5": "624deff59fc6aed39e159357953db013",
      "Crcs2Md5": "f2259cb308cec23ef2adb8bd0d23678d",
      "Sets": {
        "4": [
          "Air Raid (1984)(Camputers)(GB)"
        ]
      },
      "Size": 3372,
      "Publishers": [
        1
      ],
      "ReleaseDate": "1/1/1984",
      "Regions": [
        "GB"
      ],
      "Languages": [
        "en"
      ]
    },
    {
      "Titles": [
        "Backgammon"
      ],
      "Sha1s2Md5": "36a0f30575db50179bb0750882ac45a2",
      "Crcs2Md5": "92419df69fe5e37d2b36d8a9e5728d35",
      "Sets": {
        "4": [
          "Backgammon (1983)(Camsoft)(GB)"
        ]
      },
      "Size": 4234,
      "Publishers": [
        0
      ],
      "ReleaseDate": "1/1/1983",
      "Regions": [
        "GB"
      ],
      "Languages": [
        "en"
      ]
    },
    {
      "Titles": [
        "Battlebrick"
      ],
      "Sha1s2Md5": "14055bbcaba5c11fad28bdc414e862af",
      "Crcs2Md5": "e5ddbd044acf4eb42049cb42bf211e52",
      "Sets": {
        "4": [
          "Battlebrick (19xx)(-)"
        ]
      },
      "Size": 2933,
      "Publishers": [
        2
      ],
      "Languages": [
        "en"
      ]
    },
    {
      "Titles": [
        "Centipede"
      ],
      "Sha1s2Md5": "e3cb6d2a0270e2952fe8340b14fef339",
      "Crcs2Md5": "3c39904a7f8975775c95767d02b78ab4",
      "Sets": {
        "4": [
          "Centipede (19xx)(Play It!)"
        ]
      },
      "Size": 11157,
      "Publishers": [
        3
      ],
      "Languages": [
        "en"
      ]
    },
    {
      "Titles": [
        "Colossal Adventure"
      ],
      "Sha1s2Md5": "e6f39d5c54c87801560774ad0691ad77",
      "Crcs2Md5": "6ed4dcc493a7d03031c37fd634417ecb",
      "Sets": {
        "4": [
          "Colossal Adventure (1983)(Level 9 Computing)(Tape 1 of 5)(48K)[welcome]"
        ]
      },
      "PartName": "Tape",
      "Size": 769,
      "PartNum": 1,
      "TotalParts": 5,
      "Publishers": [
        4
      ],
      "ReleaseDate": "1/1/1983",
      "Languages": [
        "en"
      ]
    },
    {
      "Titles": [
        "Colossal Adventure"
      ],
      "Sha1s2Md5": "d73653aa4b2f9cba9c490616a7212ac1",
      "Crcs2Md5": "6f79474faf34ff302cee017008f4f802",
      "Sets": {
        "4": [
          "Colossal Adventure (1983)(Level 9 Computing)(Tape 2 of 5)(48K)[binary loader]"
        ]
      },
      "PartName": "Tape",
      "Size": 2582,
      "PartNum": 2,
      "TotalParts": 5,
      "Publishers": [
        4
      ],
      "ReleaseDate": "1/1/1983",
      "Languages": [
        "en"
      ]
    },
    {
      "Titles": [
        "Colossal Adventure"
      ],
      "Sha1s2Md5": "1f2bc8f04621d9f41a1046a943747ee3",
      "Crcs2Md5": "38896e339f0c8b5c9f1bd5005a0ac635",
      "Sets": {
        "4": [
          "Colossal Adventure (1983)(Level 9 Computing)(Tape 3 of 5)(48K)[adventure data]"
        ]
      },
      "PartName": "Tape",
      "Size": 8208,
      "PartNum": 3,
      "TotalParts": 5,
      "Publishers": [
        4
      ],
      "ReleaseDate": "1/1/1983",
      "Languages": [
        "en"
      ]
    },
    {
      "Titles": [
        "Colossal Adventure"
      ],
      "Sha1s2Md5": "88ce12cca43b6a885e1f09fef6dd227f",
      "Crcs2Md5": "41903f3546e1f6e73d53f705608241f3",
      "Sets": {
        "4": [
          "Colossal Adventure (1983)(Level 9 Computing)(Tape 4 of 5)(48K)[adventure data]"
        ]
      },
      "PartName": "Tape",
      "Size": 8208,
      "PartNum": 4,
      "TotalParts": 5,
      "Publishers": [
        4
      ],
      "ReleaseDate": "1/1/1983",
      "Languages": [
        "en"
      ]
    },
    {
      "Titles": [
        "Colossal Adventure"
      ],
      "Sha1s2Md5": "5d873b3ecb338c751f8e8434ade7e3ce",
      "Crcs2Md5": "d5056a18377cfd45e595ed6ddcd5b49d",
      "Sets": {
        "4": [
          "Colossal Adventure (1983)(Level 9 Computing)(Tape 5 of 5)(48K)[adventure data]"
        ]
      },
      "PartName": "Tape",
      "Size": 10256,
      "PartNum": 5,
      "TotalParts": 5,
      "Publishers": [
        4
      ],
      "ReleaseDate": "1/1/1983",
      "Languages": [
        "en"
      ]
    },
    {
      "Titles": [
        "Cross Chase"
      ],
      "Sha1s2Md5": "a5dfa9989e14c569046064598619cf0c",
      "Crcs2Md5": "a700878ce525e4727142800f81ba4fcc",
      "Sets": {
        "4": [
          "Cross Chase (2018-10-29)(Caruso, Fabrizio)[full]"
        ]
      },
      "Size": 15525,
      "Publishers": [
        5
      ],
      "ReleaseDate": "10/29/2018",
      "Languages": [
        "en"
      ]
    },
    {
      "Titles": [
        "Cross Chase"
      ],
      "Sha1s2Md5": "658792d700976995af8a0b81f1b8a362",
      "Crcs2Md5": "e97e52418f72e793668a466256469c5a",
      "Sets": {
        "4": [
          "Cross Chase (2018-10-29)(Caruso, Fabrizio)[tiny]"
        ]
      },
      "Size": 6905,
      "Publishers": [
        5
      ],
      "ReleaseDate": "10/29/2018",
      "Languages": [
        "en"
      ]
    },
    {
      "Titles": [
        "Cross Chase"
      ],
      "Sha1s2Md5": "bd9373eaf0c8364ef9b568956110e069",
      "Crcs2Md5": "f22220af99edf1d02b6210606a538832",
      "Sets": {
        "4": [
          "Cross Chase (2020-04-02)(Caruso, Fabrizio)[full]"
        ]
      },
      "Size": 15291,
      "Publishers": [
        5
      ],
      "ReleaseDate": "4/2/2020",
      "Languages": [
        "en"
      ]
    },
    {
      "Titles": [
        "Cross Chase"
      ],
      "Sha1s2Md5": "fefbdea2e59e100c4a0e0639b31c3cc5",
      "Crcs2Md5": "e8dd949ca0145721f19b7a4c19165fb9",
      "Sets": {
        "4": [
          "Cross Chase (2020-04-02)(Caruso, Fabrizio)[tiny]"
        ]
      },
      "Size": 6846,
      "Publishers": [
        5
      ],
      "ReleaseDate": "4/2/2020",
      "Languages": [
        "en"
      ]
    },
    {
      "Titles": [
        "Cross Chase"
      ],
      "Sha1s2Md5": "253dbf4ba5babdc0f0b2593e94224957",
      "Crcs2Md5": "4653b63584f19a8acc28093b3e5c310b",
      "Sets": {
        "4": [
          "Cross Chase (2021-05-13)(Caruso, Fabrizio)"
        ]
      },
      "Size": 14879,
      "Publishers": [
        5
      ],
      "ReleaseDate": "5/13/2021",
      "Languages": [
        "en"
      ]
    },
    {
      "Titles": [
        "Dam Busters"
      ],
      "Sha1s2Md5": "0c84669365776d6ea345df1457fd68b8",
      "Crcs2Md5": "afa4d4bd431320f249f5844b14bac5ad",
      "Sets": {
        "4": [
          "Dam Busters (1983)(Camsoft)(96K)(GB)(fr)"
        ]
      },
      "Size": 8674,
      "Publishers": [
        0
      ],
      "ReleaseDate": "1/1/1983",
      "Regions": [
        "GB"
      ],
      "Languages": [
        "fr"
      ]
    },
    {
      "Titles": [
        "Dam Busters"
      ],
      "Sha1s2Md5": "f94b721f3177f292ed9a8b5dbdce32f8",
      "Crcs2Md5": "d9bdc246ee29c9dad29d4d5788801b4a",
      "Sets": {
        "4": [
          "Dam Busters (1983)(Camsoft)(GB)"
        ]
      },
      "Size": 11341,
      "Publishers": [
        0
      ],
      "ReleaseDate": "1/1/1983",
      "Regions": [
        "GB"
      ],
      "Languages": [
        "en"
      ]
    },
    {
      "Titles": [
        "Deathball"
      ],
      "Sha1s2Md5": "e3bf9170ee2488b9d55984f27e07b45f",
      "Crcs2Md5": "0688e73255b0c2f623d4d6831c00524f",
      "Sets": {
        "4": [
          "Deathball (1983)(Miller, A.)(GB)"
        ]
      },
      "Size": 2566,
      "Publishers": [
        6
      ],
      "ReleaseDate": "1/1/1983",
      "Regions": [
        "GB"
      ],
      "Languages": [
        "en"
      ]
    },
    {
      "Titles": [
        "Diggerman"
      ],
      "Sha1s2Md5": "f94a6f0572e43b007d569aad8e4bf235",
      "Crcs2Md5": "cd388836acb6eb690f63d53a3f324bd5",
      "Sets": {
        "4": [
          "Diggerman (19xx)(Gem Software)(GB)"
        ]
      },
      "Size": 10727,
      "Publishers": [
        7
      ],
      "Regions": [
        "GB"
      ],
      "Languages": [
        "en"
      ]
    },
    {
      "Titles": [
        "Dungeon Adventure"
      ],
      "Sha1s2Md5": "cf7ef7856b8e4c74af27d034eb69c8c7",
      "Crcs2Md5": "0f206371978a2810589cd94b569544cf",
      "Sets": {
        "4": [
          "Dungeon Adventure (1983)(Level 9 Computing)(Tape 1 of 5)[welcome]"
        ]
      },
      "PartName": "Tape",
      "Size": 767,
      "PartNum": 1,
      "TotalParts": 5,
      "Publishers": [
        4
      ],
      "ReleaseDate": "1/1/1983",
      "Languages": [
        "en"
      ]
    },
    {
      "Titles": [
        "Dungeon Adventure"
      ],
      "Sha1s2Md5": "f6ca22f3399928ed4c5d593d19147614",
      "Crcs2Md5": "8716414a3968677ea069408b8dc5bf24",
      "Sets": {
        "4": [
          "Dungeon Adventure (1983)(Level 9 Computing)(Tape 2 of 5)[binary loader]"
        ]
      },
      "PartName": "Tape",
      "Size": 2581,
      "PartNum": 2,
      "TotalParts": 5,
      "Publishers": [
        4
      ],
      "ReleaseDate": "1/1/1983",
      "Languages": [
        "en"
      ]
    },
    {
      "Titles": [
        "Dungeon Adventure"
      ],
      "Sha1s2Md5": "169ccc6a75f1e9553789a2353c73f3c6",
      "Crcs2Md5": "380638878b52fe1c77da01ea6d39c2f4",
      "Sets": {
        "4": [
          "Dungeon Adventure (1983)(Level 9 Computing)(Tape 3 of 5)[adventure data]"
        ]
      },
      "PartName": "Tape",
      "Size": 8210,
      "PartNum": 3,
      "TotalParts": 5,
      "Publishers": [
        4
      ],
      "ReleaseDate": "1/1/1983",
      "Languages": [
        "en"
      ]
    },
    {
      "Titles": [
        "Dungeon Adventure"
      ],
      "Sha1s2Md5": "4ddf0d713e6415db69e4cde8dc9b586d",
      "Crcs2Md5": "8cce2a9cced3f944686d0b03dab1d8f6",
      "Sets": {
        "4": [
          "Dungeon Adventure (1983)(Level 9 Computing)(Tape 4 of 5)[adventure data]"
        ]
      },
      "PartName": "Tape",
      "Size": 8210,
      "PartNum": 4,
      "TotalParts": 5,
      "Publishers": [
        4
      ],
      "ReleaseDate": "1/1/1983",
      "Languages": [
        "en"
      ]
    },
    {
      "Titles": [
        "Dungeon Adventure"
      ],
      "Sha1s2Md5": "4420ddc1002b631567aa7801bbbc0b5a",
      "Crcs2Md5": "91660cfa9ec815ae3d4aca6f90fb74ca",
      "Sets": {
        "4": [
          "Dungeon Adventure (1983)(Level 9 Computing)(Tape 5 of 5)[adventure data]"
        ]
      },
      "PartName": "Tape",
      "Size": 10258,
      "PartNum": 5,
      "TotalParts": 5,
      "Publishers": [
        4
      ],
      "ReleaseDate": "1/1/1983",
      "Languages": [
        "en"
      ]
    },
    {
      "Titles": [
        "Floyds Bank"
      ],
      "Sha1s2Md5": "6679699d76fb6bfda329853d40bf3465",
      "Crcs2Md5": "d56adcd36488edfb6f190827f97f8f00",
      "Sets": {
        "4": [
          "Floyds Bank (1983)(Romik Software)(GB)"
        ]
      },
      "Size": 5678,
      "Publishers": [
        8
      ],
      "ReleaseDate": "1/1/1983",
      "Regions": [
        "GB"
      ],
      "Languages": [
        "en"
      ]
    },
    {
      "Titles": [
        "Gobble de Spook"
      ],
      "Sha1s2Md5": "bcce8c4a77dc9929c3e53a58d4fb7be8",
      "Crcs2Md5": "3326b3e9cc4ab942269063687410f869",
      "Sets": {
        "4": [
          "Gobble de Spook (1983)(Camsoft)(GB)"
        ]
      },
      "Size": 13330,
      "Publishers": [
        0
      ],
      "ReleaseDate": "1/1/1983",
      "Regions": [
        "GB"
      ],
      "Languages": [
        "en"
      ]
    },
    {
      "Titles": [
        "Gridtrap"
      ],
      "Sha1s2Md5": "670fb569ad71aff6d94b3c2fd1e37903",
      "Crcs2Md5": "029bc0a9c208ea1c73c519abe69da719",
      "Sets": {
        "4": [
          "Gridtrap (19xx)(-)(FR)"
        ]
      },
      "Size": 4708,
      "Publishers": [
        2
      ],
      "Regions": [
        "FR"
      ],
      "Languages": [
        "fr"
      ]
    },
    {
      "Titles": [
        "Labyrinthe"
      ],
      "Sha1s2Md5": "8d099234116968745a56dc79f8c956eb",
      "Crcs2Md5": "15d82f0ddb5252125f0c105a39c6f9e9",
      "Sets": {
        "4": [
          "Labyrinthe (19xx)(Quazar Computing)(48K-96K-128K)(GB)(fr)"
        ]
      },
      "Size": 10468,
      "Publishers": [
        9
      ],
      "Regions": [
        "GB"
      ],
      "Languages": [
        "fr"
      ]
    },
    {
      "Titles": [
        "Logichess v2.2"
      ],
      "Sha1s2Md5": "5fef3c2f13e26655e92c693d6e12ed39",
      "Crcs2Md5": "2c9bf3859b938961e4d1b2645b608d8f",
      "Sets": {
        "4": [
          "Logichess v2.2 (1983)(Danielsen, Kaare - Ekner, Hartvig)(96K)"
        ]
      },
      "Version": "v2.2",
      "Size": 20499,
      "Publishers": [
        10,
        11
      ],
      "ReleaseDate": "1/1/1983",
      "Languages": [
        "en"
      ]
    },
    {
      "Titles": [
        "Lynx Hangman"
      ],
      "Sha1s2Md5": "89fd418c89bdc942516102daccffb19c",
      "Crcs2Md5": "4943fed666af1126c7b23e0bad8379c9",
      "Sets": {
        "4": [
          "Lynx Hangman (1983)(French, Steven B.)"
        ]
      },
      "Size": 10404,
      "Publishers": [
        12
      ],
      "ReleaseDate": "1/1/1983",
      "Languages": [
        "en"
      ]
    },
    {
      "Titles": [
        "Lynx Invaders"
      ],
      "Sha1s2Md5": "8c570ab28b9dca87bd97853fde5e126d",
      "Crcs2Md5": "c348bcbaa00f320c8c21d21f0dc4fdf2",
      "Sets": {
        "4": [
          "Lynx Invaders (1983)(Camsoft)(GB)"
        ]
      },
      "Size": 12309,
      "Publishers": [
        0
      ],
      "ReleaseDate": "1/1/1983",
      "Regions": [
        "GB"
      ],
      "Languages": [
        "en"
      ]
    },
    {
      "Titles": [
        "Mastermind"
      ],
      "Sha1s2Md5": "0ea17f375eab3a513c2b5143883d9660",
      "Crcs2Md5": "6aaff30245eab2e459aed17d4fe5c6a0",
      "Sets": {
        "4": [
          "Mastermind (19xx)(-)(96K)(FR)"
        ]
      },
      "Size": 7463,
      "Publishers": [
        2
      ],
      "Regions": [
        "FR"
      ],
      "Languages": [
        "fr"
      ]
    },
    {
      "Titles": [
        "Mazeman"
      ],
      "Sha1s2Md5": "52dd35e0da658c9acd5a2eda18eb264e",
      "Crcs2Md5": "ecc36806273372695fec76d9e4a95a66",
      "Sets": {
        "4": [
          "Mazeman (1983)(Abersoft)(GB)"
        ]
      },
      "Size": 14029,
      "Publishers": [
        13
      ],
      "ReleaseDate": "1/1/1983",
      "Regions": [
        "GB"
      ],
      "Languages": [
        "en"
      ]
    },
    {
      "Titles": [
        "Mined Out"
      ],
      "Sha1s2Md5": "edc8f6f030119b11b3369df55b19e281",
      "Crcs2Md5": "73f48839fc3a8da29cafdbe03f02c029",
      "Sets": {
        "4": [
          "Mined Out (1983)(Camsoft)(GB)"
        ]
      },
      "Size": 11670,
      "Publishers": [
        0
      ],
      "ReleaseDate": "1/1/1983",
      "Regions": [
        "GB"
      ],
      "Languages": [
        "en"
      ]
    },
    {
      "Titles": [
        "Moonfall"
      ],
      "Sha1s2Md5": "a3e84bb355f0f922f646d2e321cd7782",
      "Crcs2Md5": "d7bfb7af13edf751392eddfb5734970f",
      "Sets": {
        "4": [
          "Moonfall (1983)(Camsoft)(GB)"
        ]
      },
      "Size": 12373,
      "Publishers": [
        0
      ],
      "ReleaseDate": "1/1/1983",
      "Regions": [
        "GB"
      ],
      "Languages": [
        "en"
      ]
    },
    {
      "Titles": [
        "Moonfall"
      ],
      "Sha1s2Md5": "b8e2a8d8000e3301b927d8119f70a6a9",
      "Crcs2Md5": "8e04326db37537a7e75d91b08989548b",
      "Sets": {
        "4": [
          "Moonfall (1983)(Camsoft)(GB)(fr)"
        ]
      },
      "Size": 12711,
      "Publishers": [
        0
      ],
      "ReleaseDate": "1/1/1983",
      "Regions": [
        "GB"
      ],
      "Languages": [
        "fr"
      ]
    },
    {
      "Titles": [
        "Moonfall"
      ],
      "Sha1s2Md5": "b1ba14c6f920d48c4af3db8f74867bc3",
      "Crcs2Md5": "3a5045f24e0b7da0c8e759554bf11ba6",
      "Sets": {
        "4": [
          "Moonfall (1983)(Camsoft)(GB)[instructions only]"
        ]
      },
      "Size": 4117,
      "Publishers": [
        0
      ],
      "ReleaseDate": "1/1/1983",
      "Regions": [
        "GB"
      ],
      "Languages": [
        "en"
      ]
    },
    {
      "Titles": [
        "Muncher"
      ],
      "Sha1s2Md5": "06cff207cdd4db40b1dbf5915e599480",
      "Crcs2Md5": "0385db70e2fd2a77dc55cdbc8c8c8c07",
      "Sets": {
        "4": [
          "Muncher (1983-06-09)(Gordon, Robert)"
        ]
      },
      "Size": 7052,
      "Publishers": [
        14
      ],
      "ReleaseDate": "6/9/1983",
      "Languages": [
        "en"
      ]
    },
    {
      "Titles": [
        "Odysee d'Asterix, L'"
      ],
      "Sha1s2Md5": "d4a2ebf74788a1f8114dbfbb67924ca8",
      "Crcs2Md5": "de535435771b00109c4852dc98fc6b87",
      "Sets": {
        "4": [
          "Odysee d'Asterix, L' (19xx)(La Bibliotheque de Cintre)(96K)(FR)"
        ]
      },
      "Size": 27551,
      "Publishers": [
        15
      ],
      "Regions": [
        "FR"
      ],
      "Languages": [
        "fr"
      ]
    },
    {
      "Titles": [
        "Oh Mummy!!"
      ],
      "Sha1s2Md5": "f7b25b8a02458a4a1ada2e6371a9bd4b",
      "Crcs2Md5": "6c61e59018df75732d7caecfeb9d690f",
      "Sets": {
        "4": [
          "Oh Mummy!! (1983)(Gem Software)(GB)"
        ]
      },
      "Size": 11797,
      "Publishers": [
        7
      ],
      "ReleaseDate": "1/1/1983",
      "Regions": [
        "GB"
      ],
      "Languages": [
        "en"
      ]
    },
    {
      "Titles": [
        "Panik"
      ],
      "Sha1s2Md5": "fc4083c87565db270494e887b9a749cb",
      "Crcs2Md5": "970349cca39c4da3d9f40d2c0768912c",
      "Sets": {
        "4": [
          "Panik (19xx)(Judd, M.D.)(96K)(Tape 1 of 2)[cr T.A.G.][b]"
        ]
      },
      "PartName": "Tape",
      "Size": 14275,
      "PartNum": 1,
      "TotalParts": 2,
      "Publishers": [
        16
      ],
      "Tags": [
        0,
        1
      ],
      "Languages": [
        "en"
      ]
    },
    {
      "Titles": [
        "Panik"
      ],
      "Sha1s2Md5": "e192c65007b7a3dd09c004e91919efd0",
      "Crcs2Md5": "55b2198de6de560b0318c97233715d65",
      "Sets": {
        "4": [
          "Panik (19xx)(Judd, M.D.)(96K)(Tape 2 of 2)[cr T.A.G.][b]"
        ]
      },
      "PartName": "Tape",
      "Size": 1511,
      "PartNum": 2,
      "TotalParts": 2,
      "Publishers": [
        16
      ],
      "Tags": [
        0,
        1
      ],
      "Languages": [
        "en"
      ]
    },
    {
      "Titles": [
        "Panik"
      ],
      "Sha1s2Md5": "1c6d974ff5cb0f411a42bda544adf66a",
      "Crcs2Md5": "75fc6ee6b68475c7591922f8f0359f8a",
      "Sets": {
        "4": [
          "Panik (19xx)(Judd, M.D.)[b]"
        ]
      },
      "Size": 202,
      "Publishers": [
        16
      ],
      "Tags": [
        1
      ],
      "Languages": [
        "en"
      ]
    },
    {
      "Titles": [
        "Pengo"
      ],
      "Sha1s2Md5": "cb9a6aceddadc972aadfc45efccb176f",
      "Crcs2Md5": "f3d74fa0eb2ac8c3d442b3d29faf2d18",
      "Sets": {
        "4": [
          "Pengo (1984)(Play It!)"
        ]
      },
      "Size": 10385,
      "Publishers": [
        3
      ],
      "ReleaseDate": "1/1/1984",
      "Languages": [
        "en"
      ]
    },
    {
      "Titles": [
        "Play Your Cards Right"
      ],
      "Sha1s2Md5": "fd94f700c40823bace3ed83093cc7ff6",
      "Crcs2Md5": "d84774b026f453389ede2f1404013723",
      "Sets": {
        "4": [
          "Play Your Cards Right (19xx)(-)(96K)"
        ]
      },
      "Size": 7190,
      "Publishers": [
        2
      ],
      "Languages": [
        "en"
      ]
    },
    {
      "Titles": [
        "Pontoon"
      ],
      "Sha1s2Md5": "c4c84bc5c110a5aba25337b67ea73db5",
      "Crcs2Md5": "d5e9ceca1589d7fa7ec98297f2c28857",
      "Sets": {
        "4": [
          "Pontoon (1983)(Gem Software)(48K-96K-128K)(GB)"
        ]
      },
      "Size": 12196,
      "Publishers": [
        7
      ],
      "ReleaseDate": "1/1/1983",
      "Regions": [
        "GB"
      ],
      "Languages": [
        "en"
      ]
    },
    {
      "Titles": [
        "Power Blaster"
      ],
      "Sha1s2Md5": "8db12dba62eaae61004841717adbcde3",
      "Crcs2Md5": "d47fe73fbab2a1f783a37a7ae9de018a",
      "Sets": {
        "4": [
          "Power Blaster (1983)(Camsoft)(GB)"
        ]
      },
      "Size": 6250,
      "Publishers": [
        0
      ],
      "ReleaseDate": "1/1/1983",
      "Regions": [
        "GB"
      ],
      "Languages": [
        "en"
      ]
    },
    {
      "Titles": [
        "Quest"
      ],
      "Sha1s2Md5": "fdb5b392224f6a02af8e9251bc756304",
      "Crcs2Md5": "2873bc8a4616029d06226fad2c740cb0",
      "Sets": {
        "4": [
          "Quest (19xx)(-)[b]"
        ]
      },
      "Size": 29202,
      "Publishers": [
        2
      ],
      "Tags": [
        1
      ],
      "Languages": [
        "en"
      ]
    },
    {
      "Titles": [
        "Racer"
      ],
      "Sha1s2Md5": "fa2764788a5a439a43b09d7320c9295f",
      "Crcs2Md5": "775598f00cbd27d09e4b646a9904480c",
      "Sets": {
        "4": [
          "Racer (1983)(Camsoft)(GB)"
        ]
      },
      "Size": 7800,
      "Publishers": [
        0
      ],
      "ReleaseDate": "1/1/1983",
      "Regions": [
        "GB"
      ],
      "Languages": [
        "en"
      ]
    },
    {
      "Titles": [
        "Reversi"
      ],
      "Sha1s2Md5": "c97e0b6d900fbfe4b6995c259656aca3",
      "Crcs2Md5": "0dca825e7a19acd2a54f2dc4bc0aef5e",
      "Sets": {
        "4": [
          "Reversi (1983)(Hunt, C.)(Tape 1 of 2)[loader]"
        ]
      },
      "PartName": "Tape",
      "Size": 2919,
      "PartNum": 1,
      "TotalParts": 2,
      "Publishers": [
        17
      ],
      "ReleaseDate": "1/1/1983",
      "Languages": [
        "en"
      ]
    },
    {
      "Titles": [
        "Reversi"
      ],
      "Sha1s2Md5": "fa3238e6c63d57bf6b382fada41c86a1",
      "Crcs2Md5": "0a50d6a1432c91c3800201303186fa38",
      "Sets": {
        "4": [
          "Reversi (1983)(Hunt, C.)(Tape 2 of 2)[game]"
        ]
      },
      "PartName": "Tape",
      "Size": 12012,
      "PartNum": 2,
      "TotalParts": 2,
      "Publishers": [
        17
      ],
      "ReleaseDate": "1/1/1983",
      "Languages": [
        "en"
      ]
    },
    {
      "Titles": [
        "Reversi"
      ],
      "Sha1s2Md5": "3c355a21140ed2efe6d4087c0bf4b1b4",
      "Crcs2Md5": "4cdf841d17553ffa200411c5c69d3799",
      "Sets": {
        "4": [
          "Reversi (1983)(Hunt, C.)"
        ]
      },
      "Size": 12449,
      "Publishers": [
        17
      ],
      "ReleaseDate": "1/1/1983",
      "Languages": [
        "en"
      ]
    },
    {
      "Titles": [
        "Scrablynx"
      ],
      "Sha1s2Md5": "5c02be3550fc4e7d5f86609bcd945bef",
      "Crcs2Md5": "04e4253f3691470ce96cbcd62608d34c",
      "Sets": {
        "4": [
          "Scrablynx (1985)(Sauget, Alain)(96K)(FR)"
        ]
      },
      "Size": 16794,
      "Publishers": [
        18
      ],
      "ReleaseDate": "1/1/1985",
      "Regions": [
        "FR"
      ],
      "Languages": [
        "fr"
      ]
    },
    {
      "Titles": [
        "Snake"
      ],
      "Sha1s2Md5": "7afc94122c5cde0291afc36e8ec50e78",
      "Crcs2Md5": "3260dbbb0f0886b5e3985f2f7776aea7",
      "Sets": {
        "4": [
          "Snake (1983)(Hunt, C.)"
        ]
      },
      "Size": 9506,
      "Publishers": [
        17
      ],
      "ReleaseDate": "1/1/1983",
      "Languages": [
        "en"
      ]
    },
    {
      "Titles": [
        "Snake"
      ],
      "Sha1s2Md5": "e332cf7d9936127f6ef5c33cc305e287",
      "Crcs2Md5": "5d78da09028921992ed54fcb5e4302f0",
      "Sets": {
        "4": [
          "Snake (1983)(Hunt, C.)[a]"
        ]
      },
      "Size": 9506,
      "Publishers": [
        17
      ],
      "Tags": [
        2
      ],
      "ReleaseDate": "1/1/1983",
      "Languages": [
        "en"
      ]
    },
    {
      "Titles": [
        "Space Trek"
      ],
      "Sha1s2Md5": "20f1093d50ad8efc564853323cfc6203",
      "Crcs2Md5": "e4f2463c413eccaea612c3e164277292",
      "Sets": {
        "4": [
          "Space Trek (1983)(Quazar Computing)(GB)"
        ]
      },
      "Size": 10916,
      "Publishers": [
        9
      ],
      "ReleaseDate": "1/1/1983",
      "Regions": [
        "GB"
      ],
      "Languages": [
        "en"
      ]
    },
    {
      "Titles": [
        "Star Rover"
      ],
      "Sha1s2Md5": "0cb83ca4d859b771dfda48ba9bc3ac19",
      "Crcs2Md5": "fdb5729f703fc1e8deb9561e54bd5af2",
      "Sets": {
        "4": [
          "Star Rover (1983-06)(Lynx User)(48K-96K-128K)"
        ]
      },
      "Size": 2689,
      "Publishers": [
        19
      ],
      "ReleaseDate": "6/1/1983",
      "Languages": [
        "en"
      ]
    },
    {
      "Titles": [
        "Treasure Island"
      ],
      "Sha1s2Md5": "0e622b5ea43ef33e944d907ce1c47e2d",
      "Crcs2Md5": "b0d716ddae4fef9897b7639ec64d4644",
      "Sets": {
        "4": [
          "Treasure Island (1983)(Higgins, Neil)(Tape 1 of 2)[loader]"
        ]
      },
      "PartName": "Tape",
      "Size": 11248,
      "PartNum": 1,
      "TotalParts": 2,
      "Publishers": [
        20
      ],
      "ReleaseDate": "1/1/1983",
      "Languages": [
        "en"
      ]
    },
    {
      "Titles": [
        "Treasure Island"
      ],
      "Sha1s2Md5": "1b737807a809475c35e2003889e6ddc3",
      "Crcs2Md5": "19779c811225976943b2df3814a7aaaa",
      "Sets": {
        "4": [
          "Treasure Island (1983)(Higgins, Neil)(Tape 2 of 2)[game]"
        ]
      },
      "PartName": "Tape",
      "Size": 13587,
      "PartNum": 2,
      "TotalParts": 2,
      "Publishers": [
        20
      ],
      "ReleaseDate": "1/1/1983",
      "Languages": [
        "en"
      ]
    },
    {
      "Titles": [
        "Tron Blocker"
      ],
      "Sha1s2Md5": "0ad1e887f32a2df869de7a2c84b76714",
      "Crcs2Md5": "67d66448803dbbb470586a11941c7106",
      "Sets": {
        "4": [
          "Tron Blocker (198x)(Sawyer, Stephen)(96K)(GB)(fr)"
        ]
      },
      "Size": 3816,
      "Publishers": [
        21
      ],
      "Regions": [
        "GB"
      ],
      "Languages": [
        "fr"
      ]
    },
    {
      "Titles": [
        "Twinkle"
      ],
      "Sha1s2Md5": "b983c4e17e1cc8edd9192d52488028ea",
      "Crcs2Md5": "fbd1254160ca838ed85e1b988cbe26b7",
      "Sets": {
        "4": [
          "Twinkle (1983)(Gem Software)"
        ]
      },
      "Size": 13001,
      "Publishers": [
        7
      ],
      "ReleaseDate": "1/1/1983",
      "Languages": [
        "en"
      ]
    },
    {
      "Titles": [
        "Worm, The"
      ],
      "Sha1s2Md5": "498a34ee188ede68d047caaf804a268c",
      "Crcs2Md5": "99e7738ae197e247f9135a1f9cc83145",
      "Sets": {
        "4": [
          "Worm, The (1983)(Quazar Computing)(96K)(GB)(fr)"
        ]
      },
      "Size": 12562,
      "Publishers": [
        9
      ],
      "ReleaseDate": "1/1/1983",
      "Regions": [
        "GB"
      ],
      "Languages": [
        "fr"
      ]
    },
    {
      "Titles": [
        "Worm, The"
      ],
      "Sha1s2Md5": "8dcc966c82304d21095faf3a4f6c424c",
      "Crcs2Md5": "81036a39414ea67a90fa634e54fa9bf6",
      "Sets": {
        "4": [
          "Worm, The (1983)(Quazar Computing)(GB)"
        ]
      },
      "Size": 11946,
      "Publishers": [
        9
      ],
      "ReleaseDate": "1/1/1983",
      "Regions": [
        "GB"
      ],
      "Languages": [
        "en"
      ]
    },
    {
      "Titles": [
        "Zombie Panic"
      ],
      "Sha1s2Md5": "8829e2b6b4e5d02595d8663c7f4cc73d",
      "Crcs2Md5": "056dae6ec4a756f33e94ff968bc96000",
      "Sets": {
        "4": [
          "Zombie Panic (19xx)(-)(FR)"
        ]
      },
      "Size": 5066,
      "Publishers": [
        2
      ],
      "Regions": [
        "FR"
      ],
      "Languages": [
        "fr"
      ]
    }
  ],
  "Overviews": {},
  "Genres": {},
  "Companies": {
    "0": "Camsoft",
    "1": "Camputers",
    "2": "-",
    "3": "Play It!",
    "4": "Level 9 Computing",
    "5": "Caruso, Fabrizio",
    "6": "Miller, A",
    "7": "Gem Software",
    "8": "Romik Software",
    "9": "Quazar Computing",
    "10": "Danielsen, Kaare",
    "11": "Ekner, Hartvig",
    "12": "French, Steven B",
    "13": "Abersoft",
    "14": "Gordon, Robert",
    "15": "La Bibliotheque de Cintre",
    "16": "Judd, M.D",
    "17": "Hunt, C",
    "18": "Sauget, Alain",
    "19": "Lynx User",
    "20": "Higgins, Neil",
    "21": "Sawyer, Stephen"
  },
  "Tags": {
    "0": "Cracked",
    "1": "Bad Dump",
    "2": "Alternate"
  }
}