{
  "PlatformName": "VIS",
  "LastUpdate": "6/25/2022 4:53:26 AM",
  "Games": [
    {
      "Titles": [
        "Title Sampler"
      ],
      "Sha1s2Md5": "548045d01fa4b63efd877dc5b777613b",
      "Crcs2Md5": "93cf1508c3faa38a302484071f704790",
      "Sets": {
        "3": [
          "Title Sampler (USA)"
        ]
      },
      "Size": 64122661,
      "Regions": [
        "US"
      ],
      "Languages": [
        "en"
      ]
    },
    {
      "Titles": [
        "Wild Animals!"
      ],
      "Sha1s2Md5": "71240fb8829e8b16e75d013e1270d4ca",
      "Crcs2Md5": "da3a23b557f4f89b3099f6fb1569fecc",
      "Sets": {
        "3": [
          "Wild Animals! (USA)"
        ]
      },
      "Size": 112421004,
      "Regions": [
        "US"
      ],
      "Languages": [
        "en"
      ]
    }
  ],
  "Overviews": {},
  "Genres": {},
  "Companies": {},
  "Tags": {}
}