{
  "PlatformName": "Arcadia 2001",
  "LastUpdate": "6/25/2022 5:09:46 AM",
  "Games": [
    {
      "Titles": [
        "3D Bowling"
      ],
      "Sha1s2Md5": "95393a4e044525c092601042b2bc0676",
      "Crcs2Md5": "d011fe5a9cee45b1b2d0ac8085d0219d",
      "Sets": {
        "1": [
          "3dbowl"
        ],
        "2": [
          "3D Bowling (USA, Europe)"
        ],
        "4": [
          "3D Bowling (1982)(UA)(EU-US)"
        ],
        "6": [
          "76634"
        ]
      },
      "Overview": {
        "en": [
          10
        ]
      },
      "Size": 4096,
      "Publishers": [
        0,
        4
      ],
      "Developers": [
        4
      ],
      "Tags": [
        5
      ],
      "ReleaseDate": "1/1/1982",
      "Score": 4.5,
      "Reviewer": 5,
      "Genres": [
        2
      ],
      "Regions": [
        "US",
        "EU",
        "UA"
      ],
      "Languages": [
        "en"
      ]
    },
    {
      "Titles": [
        "3D Soccer"
      ],
      "Sha1s2Md5": "fc6cd3273e4dbe9f1f852f9d4c6e7d26",
      "Crcs2Md5": "efc6e3274d6155d2c178d44fcfc7c4c0",
      "Sets": {
        "1": [
          "3dsoccera"
        ],
        "4": [
          "3D Soccer (1983)(UA)(DE)"
        ],
        "6": [
          "76636"
        ]
      },
      "Size": 8192,
      "Publishers": [
        0,
        4
      ],
      "Developers": [
        4
      ],
      "Tags": [
        0,
        5
      ],
      "CloneOf": "3dsoccer",
      "ReleaseDate": "1/1/1983",
      "Score": 2.33,
      "Reviewer": 5,
      "Genres": [
        2
      ],
      "Regions": [
        "UA",
        "DE"
      ],
      "Languages": [
        "ru"
      ]
    },
    {
      "Titles": [
        "3D Soccer"
      ],
      "Sha1s2Md5": "518b7bcff5a417dcaae1f0670b088e26",
      "Crcs2Md5": "d5b94bb849c79cba22ba60d04f96db24",
      "Sets": {
        "1": [
          "3dsoccer"
        ],
        "2": [
          "3D Soccer (Europe)"
        ],
        "4": [
          "3D Soccer (1983)(UA)(EU)"
        ],
        "6": [
          "76636"
        ]
      },
      "Size": 8192,
      "Publishers": [
        0,
        4
      ],
      "Developers": [
        4
      ],
      "Tags": [
        5
      ],
      "ReleaseDate": "1/1/1983",
      "Score": 2.33,
      "Reviewer": 5,
      "Genres": [
        2
      ],
      "Regions": [
        "EU",
        "UA"
      ],
      "Languages": [
        "ru"
      ]
    },
    {
      "Titles": [
        "Alien Invaders"
      ],
      "Sha1s2Md5": "c4401162be00aeb5cfb93ff95674a16f",
      "Crcs2Md5": "2f0f30205923a4793c624847cb4b2a7a",
      "Sets": {
        "1": [
          "alieninv"
        ],
        "2": [
          "Alien Invaders (USA, Europe)"
        ],
        "4": [
          "Alien Invaders (1983)(UA)(EU-US)"
        ],
        "6": [
          "62114"
        ]
      },
      "Size": 4096,
      "Publishers": [
        0,
        4
      ],
      "ReleaseDate": "1/1/1983",
      "ESRB": "E",
      "Score": 3.25,
      "Reviewer": 5,
      "Genres": [
        0
      ],
      "Regions": [
        "US",
        "EU",
        "UA"
      ],
      "Languages": [
        "en"
      ]
    },
    {
      "Titles": [
        "American Football"
      ],
      "Sha1s2Md5": "dee371004ed4e799ea4df20ebbcbb0d8",
      "Crcs2Md5": "b0308f38e1559298287a1f79cd15613c",
      "Sets": {
        "1": [
          "football"
        ],
        "4": [
          "American Football (1982)(UA)(EU-US)[o]"
        ],
        "6": [
          "55869"
        ]
      },
      "Overview": {
        "en": [
          4
        ]
      },
      "Size": 8192,
      "Publishers": [
        0,
        4
      ],
      "Tags": [
        2,
        5
      ],
      "ReleaseDate": "1/1/1982",
      "Score": 2.66,
      "Reviewer": 5,
      "Genres": [
        2
      ],
      "Regions": [
        "UA",
        "EU",
        "US"
      ],
      "Languages": [
        "en"
      ]
    },
    {
      "Titles": [
        "American Football"
      ],
      "Sha1s2Md5": "cd2bceda455b811e7bfe48e8aff83e2b",
      "Crcs2Md5": "50c2fdc2161865683070c54b8c506893",
      "Sets": {
        "2": [
          "American Football (USA, Europe)"
        ],
        "4": [
          "American Football (1982)(UA)(EU-US)"
        ],
        "6": [
          "55869"
        ]
      },
      "Overview": {
        "en": [
          4
        ]
      },
      "Size": 6144,
      "Publishers": [
        0,
        4
      ],
      "Tags": [
        5
      ],
      "ReleaseDate": "1/1/1982",
      "Score": 2.66,
      "Reviewer": 5,
      "Genres": [
        2
      ],
      "Regions": [
        "US",
        "EU",
        "UA"
      ],
      "Languages": [
        "en"
      ]
    },
    {
      "Titles": [
        "Astro Invader",
        "Astro Invaders"
      ],
      "Sha1s2Md5": "a7710572faf82481dcea691c65bb8ea0",
      "Crcs2Md5": "4ddc36ac922b9982e52f2c02d9df2124",
      "Sets": {
        "2": [
          "Astro Invader (Europe)"
        ],
        "4": [
          "Astro Invaders (1980)(UA)(EU)[o]"
        ],
        "6": [
          "76637"
        ]
      },
      "Size": 8192,
      "Publishers": [
        0,
        4
      ],
      "Developers": [
        4
      ],
      "Tags": [
        2,
        5
      ],
      "ReleaseDate": "1/1/1980",
      "Score": 3.25,
      "Reviewer": 5,
      "Genres": [
        0
      ],
      "Regions": [
        "EU",
        "UA"
      ],
      "Languages": [
        "ru"
      ]
    },
    {
      "Titles": [
        "Astro Invaders"
      ],
      "Sha1s2Md5": "2239369f3c77c27cd5bc61f11726fb2e",
      "Crcs2Md5": "eee497c6305924e070f11b39350a91ce",
      "Sets": {
        "1": [
          "astroinv"
        ],
        "4": [
          "Astro Invaders (1980)(UA)(EU)"
        ]
      },
      "Size": 4096,
      "Publishers": [
        0
      ],
      "ReleaseDate": "1/1/1980",
      "Regions": [
        "UA",
        "EU"
      ],
      "Languages": [
        "ru"
      ]
    },
    {
      "Titles": [
        "Auto Race"
      ],
      "Sha1s2Md5": "cdf0e85dfd85451b23d873e44d2b53ef",
      "Crcs2Md5": "4436b713369ed74d39aaec9cf74b68a4",
      "Sets": {
        "1": [
          "autorace"
        ],
        "4": [
          "Auto Race (198x)(UA)(EU)"
        ],
        "6": [
          "76638"
        ]
      },
      "Size": 4096,
      "Publishers": [
        0,
        4
      ],
      "Developers": [
        0
      ],
      "Tags": [
        5
      ],
      "ReleaseDate": "5/1/1982",
      "Score": 3.25,
      "Reviewer": 5,
      "Genres": [
        5
      ],
      "Regions": [
        "UA",
        "EU"
      ],
      "Languages": [
        "ru"
      ]
    },
    {
      "Titles": [
        "Autorace",
        "Auto Race"
      ],
      "Sha1s2Md5": "cfd8750a978c24a0594ab889a9a5ea66",
      "Crcs2Md5": "f42fd80fb1dbfefb1dd0df071316b283",
      "Sets": {
        "2": [
          "Autorace (Europe)"
        ],
        "4": [
          "Auto Race (198x)(UA)(EU)[o]"
        ],
        "6": [
          "76638"
        ]
      },
      "Size": 8192,
      "Publishers": [
        0,
        4
      ],
      "Developers": [
        0
      ],
      "Tags": [
        2,
        5
      ],
      "ReleaseDate": "5/1/1982",
      "Score": 3.25,
      "Reviewer": 5,
      "Genres": [
        5
      ],
      "Regions": [
        "EU",
        "UA"
      ],
      "Languages": [
        "ru"
      ]
    },
    {
      "Titles": [
        "Baseball"
      ],
      "Sha1s2Md5": "e942a5a956176daa5e1a2676d57d53b9",
      "Crcs2Md5": "1cb6e3c49b23f2c359fa534eec4560c0",
      "Sets": {
        "1": [
          "baseball"
        ],
        "2": [
          "Baseball (USA, Europe)"
        ],
        "4": [
          "Baseball (1982)(UA)(EU-US)"
        ],
        "6": [
          "62113"
        ]
      },
      "Size": 4096,
      "Publishers": [
        0,
        4
      ],
      "Tags": [
        5
      ],
      "ReleaseDate": "1/1/1983",
      "ESRB": "E",
      "Score": 1.33,
      "Reviewer": 5,
      "Genres": [
        2
      ],
      "Regions": [
        "US",
        "EU",
        "UA"
      ],
      "Languages": [
        "en"
      ]
    },
    {
      "Titles": [
        "Basketball"
      ],
      "Sha1s2Md5": "bd6a41075e366d9c2f5d0bebb67e7696",
      "Crcs2Md5": "fb4879412c5c3738d6e20eb689c5d923",
      "Sets": {
        "1": [
          "bsktball"
        ],
        "2": [
          "Basketball (Europe)"
        ],
        "4": [
          "Basketball (198x)(UA)(EU)"
        ],
        "6": [
          "76643"
        ]
      },
      "Size": 4096,
      "Publishers": [
        0,
        4
      ],
      "Developers": [
        4
      ],
      "Tags": [
        5
      ],
      "ReleaseDate": "1/1/1982",
      "Genres": [
        2
      ],
      "Regions": [
        "EU",
        "UA"
      ],
      "Languages": [
        "ru"
      ]
    },
    {
      "Titles": [
        "Blackjack & Poker",
        "Blackjack and Poker"
      ],
      "Sha1s2Md5": "e77776d8e5795eb59c55f1f01ea23ce7",
      "Crcs2Md5": "2258278a61aca105bb0625909f809d97",
      "Sets": {
        "1": [
          "blckjack"
        ],
        "2": [
          "Blackjack and Poker (Europe)"
        ],
        "4": [
          "Blackjack & Poker (198x)(UA)(EU)"
        ]
      },
      "Size": 4096,
      "Publishers": [
        0
      ],
      "Regions": [
        "EU",
        "UA"
      ],
      "Languages": [
        "ru"
      ]
    },
    {
      "Titles": [
        "Boxing"
      ],
      "Sha1s2Md5": "3fad06c607f2d996e63f60deccf88e35",
      "Crcs2Md5": "d769d6f09da63631835d094f00b36c30",
      "Sets": {
        "1": [
          "boxing"
        ],
        "2": [
          "Boxing (Europe)"
        ],
        "4": [
          "Boxing (198x)(UA)(EU)"
        ],
        "6": [
          "76641"
        ]
      },
      "Size": 4096,
      "Publishers": [
        0,
        4
      ],
      "Developers": [
        4
      ],
      "Tags": [
        5
      ],
      "ReleaseDate": "1/1/1982",
      "Score": 2.33,
      "Reviewer": 5,
      "Genres": [
        6
      ],
      "Regions": [
        "EU",
        "UA"
      ],
      "Languages": [
        "ru"
      ]
    },
    {
      "Titles": [
        "Brain Quiz"
      ],
      "Sha1s2Md5": "4fe4abc94bca8c33e08c1dd6c9fee04e",
      "Crcs2Md5": "1283f7854eaad5ce7c28307081b15773",
      "Sets": {
        "1": [
          "brainqz"
        ],
        "2": [
          "Brain Quiz (USA, Europe)"
        ],
        "6": [
          "76642"
        ]
      },
      "Size": 4096,
      "Publishers": [
        0,
        4
      ],
      "Developers": [
        4
      ],
      "Tags": [
        5
      ],
      "ReleaseDate": "1/1/1982",
      "Genres": [
        1
      ],
      "Regions": [
        "US",
        "EU"
      ],
      "Languages": [
        "en"
      ]
    },
    {
      "Titles": [
        "Breakaway"
      ],
      "Sha1s2Md5": "eb1a425b520502045bc37fbc2cd60e40",
      "Crcs2Md5": "c12bfa6cefb4c04535e0fca6e8456d36",
      "Sets": {
        "1": [
          "breakawy"
        ],
        "2": [
          "Breakaway (USA, Europe)"
        ],
        "4": [
          "Breakaway (1982)(UA)(EU-US)[aka Evasion]"
        ],
        "6": [
          "62115"
        ]
      },
      "Size": 4096,
      "Publishers": [
        0,
        4
      ],
      "Tags": [
        6
      ],
      "ReleaseDate": "1/1/1982",
      "ESRB": "E",
      "Score": 4.0,
      "Reviewer": 5,
      "Genres": [
        4
      ],
      "Regions": [
        "US",
        "EU",
        "UA"
      ],
      "Languages": [
        "en"
      ]
    },
    {
      "Titles": [
        "Capture"
      ],
      "Sha1s2Md5": "4d18a01638e5fca976be75fd2048d7de",
      "Crcs2Md5": "d4e2600b2074254032c0fd0a1def6c62",
      "Sets": {
        "1": [
          "capture"
        ],
        "2": [
          "Capture (USA, Europe)"
        ],
        "4": [
          "Capture (1982)(UA)(EU-US)"
        ],
        "6": [
          "76319"
        ]
      },
      "Size": 2048,
      "Publishers": [
        0,
        4
      ],
      "Developers": [
        4
      ],
      "Tags": [
        6,
        5
      ],
      "ReleaseDate": "1/1/1982",
      "Genres": [
        1
      ],
      "Regions": [
        "US",
        "EU",
        "UA"
      ],
      "Languages": [
        "en"
      ]
    },
    {
      "Titles": [
        "Cat Trax"
      ],
      "Sha1s2Md5": "9726af3a8328cf9b7dbf9df70b4d0e72",
      "Crcs2Md5": "37fcfd804a585a30f6fec9f9af9e02e5",
      "Sets": {
        "1": [
          "cattrax"
        ],
        "2": [
          "Cat Trax (USA, Europe)"
        ],
        "4": [
          "Cat Trax (1982)(UA)(EU-US)"
        ],
        "6": [
          "55872"
        ]
      },
      "Overview": {
        "en": [
          7
        ]
      },
      "Size": 4096,
      "Publishers": [
        0,
        4
      ],
      "ReleaseDate": "1/1/1982",
      "Score": 4.5,
      "Reviewer": 5,
      "Regions": [
        "US",
        "EU",
        "UA"
      ],
      "Languages": [
        "en"
      ]
    },
    {
      "Titles": [
        "Choujikuu Yousai Macross",
        "Super Dimension Fortress Macross"
      ],
      "Sha1s2Md5": "945e97f13abbda02e8f38377ecea3b8f",
      "Crcs2Md5": "6d29489e7a0d152b3c9f90df42d1b990",
      "Sets": {
        "1": [
          "macross"
        ],
        "4": [
          "Super Dimension Fortress Macross (1983)(Bandai)(JP)"
        ],
        "6": [
          "76710"
        ]
      },
      "Size": 8192,
      "Publishers": [
        1,
        6
      ],
      "Developers": [
        6
      ],
      "ReleaseDate": "1/1/1983",
      "Genres": [
        0
      ],
      "Regions": [
        "JP"
      ]
    },
    {
      "Titles": [
        "Circus"
      ],
      "Sha1s2Md5": "1865928d3f89492ebb319afc0aa66cf3",
      "Crcs2Md5": "63a3779ce887ed716a082c1abb3ee499",
      "Sets": {
        "1": [
          "circus"
        ],
        "2": [
          "Circus (Europe)"
        ],
        "4": [
          "Circus (1983)(UA)(EU)[aka Acrobat]"
        ],
        "6": [
          "76645"
        ]
      },
      "Size": 4096,
      "Publishers": [
        0,
        4
      ],
      "Developers": [
        4
      ],
      "Tags": [
        5
      ],
      "ReleaseDate": "1/1/1983",
      "Score": 1.33,
      "Reviewer": 5,
      "Genres": [
        4
      ],
      "Regions": [
        "EU",
        "UA"
      ],
      "Languages": [
        "ru"
      ]
    },
    {
      "Titles": [
        "Combat"
      ],
      "Sha1s2Md5": "8cd81f21c903c06111ccfccc69bc4625",
      "Crcs2Md5": "899c58d9dcbfb0e14fd6c7bb6e590eb3",
      "Sets": {
        "1": [
          "combat"
        ],
        "4": [
          "Combat (198x)(UA)(EU)[aka Combat Zone]"
        ],
        "6": [
          "76646"
        ]
      },
      "Size": 4096,
      "Publishers": [
        0,
        4
      ],
      "Developers": [
        0
      ],
      "Tags": [
        5
      ],
      "ReleaseDate": "1/1/1982",
      "Score": 3.25,
      "Reviewer": 5,
      "Genres": [
        0
      ],
      "Regions": [
        "UA",
        "EU"
      ],
      "Languages": [
        "ru"
      ]
    },
    {
      "Titles": [
        "Combat"
      ],
      "Sha1s2Md5": "ea44ce7734e358f9935fb2e2fdab5f6e",
      "Crcs2Md5": "8c8386c2eeb62031e298cce42f1608e5",
      "Sets": {
        "2": [
          "Combat (Europe)"
        ],
        "4": [
          "Combat (198x)(UA)(EU)[o][aka Combat Zone]"
        ],
        "6": [
          "76646"
        ]
      },
      "Size": 8192,
      "Publishers": [
        0,
        4
      ],
      "Developers": [
        0
      ],
      "Tags": [
        2,
        5
      ],
      "ReleaseDate": "1/1/1982",
      "Score": 3.25,
      "Reviewer": 5,
      "Genres": [
        0
      ],
      "Regions": [
        "EU",
        "UA"
      ],
      "Languages": [
        "ru"
      ]
    },
    {
      "Titles": [
        "Crazy Climber"
      ],
      "Sha1s2Md5": "363af5792117282c1fd5ac3f2f7caa9b",
      "Crcs2Md5": "0809ac2888497a76f113c4e488a92a78",
      "Sets": {
        "1": [
          "cclimber"
        ],
        "2": [
          "Crazy Climber (Europe)"
        ],
        "4": [
          "Crazy Climber (1982)(UA)(EU)[aka Crazy Wall]"
        ],
        "6": [
          "76644"
        ]
      },
      "Size": 4096,
      "Publishers": [
        0,
        4
      ],
      "Developers": [
        4
      ],
      "ReleaseDate": "1/1/1982",
      "Score": 3.25,
      "Reviewer": 5,
      "Genres": [
        4
      ],
      "Regions": [
        "EU",
        "UA"
      ],
      "Languages": [
        "ru"
      ]
    },
    {
      "Titles": [
        "Crazy Climber"
      ],
      "Sha1s2Md5": "63dff8da91e948ecb29ad2159130a94a",
      "Crcs2Md5": "eb0d5243823b8d888839f119ec7188a9",
      "Sets": {
        "4": [
          "Crazy Climber (1982)(UA)(EU)[b][aka Crazy Wall]"
        ],
        "6": [
          "76644"
        ]
      },
      "Size": 3517,
      "Publishers": [
        0,
        4
      ],
      "Developers": [
        4
      ],
      "Tags": [
        2
      ],
      "ReleaseDate": "1/1/1982",
      "Score": 3.25,
      "Reviewer": 5,
      "Genres": [
        4
      ],
      "Regions": [
        "UA",
        "EU"
      ],
      "Languages": [
        "ru"
      ]
    },
    {
      "Titles": [
        "Doraemon"
      ],
      "Sha1s2Md5": "4a690623097e789345ed85d0a3591533",
      "Crcs2Md5": "c618c6d0933c2368e0e3629ad1ca7ce3",
      "Sets": {
        "1": [
          "doraemon"
        ],
        "4": [
          "Doraemon (1983)(Bandai)(JP)"
        ],
        "6": [
          "76686"
        ]
      },
      "Size": 8192,
      "Publishers": [
        1,
        6
      ],
      "Developers": [
        6
      ],
      "Tags": [
        5
      ],
      "ReleaseDate": "1/1/1983",
      "Score": 2.66,
      "Reviewer": 5,
      "Genres": [
        4
      ],
      "Regions": [
        "JP"
      ]
    },
    {
      "Titles": [
        "Dr. Slump: Arale",
        "Dr. Slump"
      ],
      "Sha1s2Md5": "f6a0689ee66f1262449e277339ba0b46",
      "Crcs2Md5": "c5226dfdfa436a7ae8e4a05e261f1e71",
      "Sets": {
        "1": [
          "drslump"
        ],
        "4": [
          "Dr. Slump (1983)(Bandai)(JP)"
        ],
        "6": [
          "76687"
        ]
      },
      "Size": 8192,
      "Publishers": [
        1,
        6
      ],
      "Developers": [
        6
      ],
      "Tags": [
        5
      ],
      "ReleaseDate": "1/1/1983",
      "Score": 1.33,
      "Reviewer": 5,
      "Genres": [
        4
      ],
      "Regions": [
        "JP"
      ]
    },
    {
      "Titles": [
        "Escape"
      ],
      "Sha1s2Md5": "22c291366906574fb3df30ac9aace2df",
      "Crcs2Md5": "08125451c4159926d2ffa18774f29bdb",
      "Sets": {
        "1": [
          "escape"
        ],
        "2": [
          "Escape (USA, Europe)"
        ],
        "4": [
          "Escape (1982)(UA)(EU-US)"
        ],
        "6": [
          "55863"
        ]
      },
      "Overview": {
        "en": [
          1
        ]
      },
      "Size": 4096,
      "Publishers": [
        0,
        4
      ],
      "ReleaseDate": "1/1/1982",
      "ESRB": "E",
      "Score": 1.33,
      "Reviewer": 5,
      "Genres": [
        1
      ],
      "Regions": [
        "US",
        "EU",
        "UA"
      ],
      "Languages": [
        "en"
      ]
    },
    {
      "Titles": [
        "Frogger v1.03"
      ],
      "Sha1s2Md5": "2ef01ec5fe6117e984330e6e6f09224d",
      "Crcs2Md5": "ca06885d997f56bc3136a30c70253ac7",
      "Sets": {
        "4": [
          "Frogger v1.03 (200x)(Amigan Software)"
        ]
      },
      "Version": "v1.03",
      "Size": 4096,
      "Publishers": [
        2
      ],
      "Languages": [
        "en"
      ]
    },
    {
      "Titles": [
        "Funky Fish"
      ],
      "Sha1s2Md5": "30497538b1972d972081bf78d43ac9f0",
      "Crcs2Md5": "9e040b9acdc96d647add6829bf0eb747",
      "Sets": {
        "1": [
          "funkyfsh"
        ],
        "2": [
          "Funky Fish (Europe)"
        ],
        "4": [
          "Funky Fish (1983)(UA)(EU)"
        ],
        "6": [
          "76688"
        ]
      },
      "Size": 8192,
      "Publishers": [
        0,
        4
      ],
      "Developers": [
        0
      ],
      "Tags": [
        5
      ],
      "ReleaseDate": "1/1/1983",
      "Score": 3.0,
      "Reviewer": 5,
      "Genres": [
        4
      ],
      "Regions": [
        "EU",
        "UA"
      ],
      "Languages": [
        "ru"
      ]
    },
    {
      "Titles": [
        "Golf"
      ],
      "Sha1s2Md5": "11d8f27b1b6c4221b3f2309d61d1ab02",
      "Crcs2Md5": "1ee40a6395ac355f54a6c3f981019b89",
      "Sets": {
        "1": [
          "golf"
        ],
        "4": [
          "Golf (198x)(UA)(EU)"
        ],
        "6": [
          "76689"
        ]
      },
      "Size": 6144,
      "Publishers": [
        0,
        4
      ],
      "Developers": [
        4
      ],
      "Tags": [
        5
      ],
      "ReleaseDate": "1/1/1983",
      "Score": 3.0,
      "Reviewer": 5,
      "Genres": [
        2
      ],
      "Regions": [
        "UA",
        "EU"
      ],
      "Languages": [
        "ru"
      ]
    },
    {
      "Titles": [
        "Golf"
      ],
      "Sha1s2Md5": "cb5c386ce6d931acf46aa63edf7b3286",
      "Crcs2Md5": "843c85de1067b6fc6f31319a66bc90f0",
      "Sets": {
        "2": [
          "Golf (Europe)"
        ],
        "4": [
          "Golf (198x)(UA)(EU)[o]"
        ],
        "6": [
          "76689"
        ]
      },
      "Size": 8192,
      "Publishers": [
        0,
        4
      ],
      "Developers": [
        4
      ],
      "Tags": [
        2,
        5
      ],
      "ReleaseDate": "1/1/1983",
      "Score": 3.0,
      "Reviewer": 5,
      "Genres": [
        2
      ],
      "Regions": [
        "EU",
        "UA"
      ],
      "Languages": [
        "ru"
      ]
    },
    {
      "Titles": [
        "Grand Prix de Monaco",
        "Monaco Grand Prix"
      ],
      "Sha1s2Md5": "ef0da1b9805497be495bc1486f10c3cb",
      "Crcs2Md5": "a7f0ddc0267d59a67f8d4aa3e4f90cb7",
      "Sets": {
        "1": [
          "gpmonaco"
        ],
        "2": [
          "Monaco Grand Prix (Europe)"
        ],
        "4": [
          "Grand Prix de Monaco (1982)(UA)(EU)"
        ],
        "6": [
          "76700"
        ]
      },
      "Size": 4096,
      "Publishers": [
        0,
        4
      ],
      "Developers": [
        4
      ],
      "Tags": [
        5
      ],
      "ReleaseDate": "1/1/1982",
      "Score": 1.33,
      "Reviewer": 5,
      "Genres": [
        5
      ],
      "Regions": [
        "EU",
        "UA"
      ],
      "Languages": [
        "ru"
      ]
    },
    {
      "Titles": [
        "Grand Slam Tennis"
      ],
      "Sha1s2Md5": "5ca8836dc0b6e3d6b4205d0081f3af57",
      "Crcs2Md5": "ef2d411a237165b6c4c7061d080ff756",
      "Sets": {
        "1": [
          "gstennis"
        ],
        "2": [
          "Grand Slam Tennis (USA, Europe)"
        ],
        "4": [
          "Grand Slam Tennis (1982)(UA)(EU-US)[aka Tennis Yannick Noah]"
        ],
        "6": [
          "76701"
        ]
      },
      "Size": 8192,
      "Publishers": [
        0,
        4
      ],
      "Developers": [
        0
      ],
      "Tags": [
        5
      ],
      "ReleaseDate": "1/1/1982",
      "Genres": [
        2
      ],
      "Regions": [
        "US",
        "EU",
        "UA"
      ],
      "Languages": [
        "en"
      ]
    },
    {
      "Titles": [
        "Hobo"
      ],
      "Sha1s2Md5": "5be0062f3ab44df6df058440bfc1b340",
      "Crcs2Md5": "1b6cb00e8a8fe3538b974b8f864a98c8",
      "Sets": {
        "1": [
          "hobo"
        ],
        "2": [
          "Hobo (Europe)"
        ],
        "4": [
          "Hobo (1983)(UA)(EU)"
        ],
        "6": [
          "76702"
        ]
      },
      "Size": 8192,
      "Publishers": [
        0,
        4
      ],
      "Developers": [
        0
      ],
      "Tags": [
        5
      ],
      "ReleaseDate": "1/1/1983",
      "Score": 2.33,
      "Reviewer": 5,
      "Genres": [
        4
      ],
      "Regions": [
        "EU",
        "UA"
      ],
      "Languages": [
        "ru"
      ]
    },
    {
      "Titles": [
        "Horse Racing"
      ],
      "Sha1s2Md5": "b013de32e603a8795b6644fd3f158c66",
      "Crcs2Md5": "744e51db1e63e1fd3fec9dd4167e00cc",
      "Sets": {
        "1": [
          "horserac"
        ],
        "2": [
          "Horse Racing (Europe)"
        ],
        "4": [
          "Horse Racing (198x)(UA)(EU)"
        ],
        "6": [
          "76704"
        ]
      },
      "Size": 4096,
      "Publishers": [
        0,
        4
      ],
      "Developers": [
        4
      ],
      "ReleaseDate": "1/1/1983",
      "Genres": [
        5,
        2
      ],
      "Regions": [
        "EU",
        "UA"
      ],
      "Languages": [
        "ru"
      ]
    },
    {
      "Titles": [
        "JTron v1.0"
      ],
      "Sha1s2Md5": "21d1b1074a1cb368506f4353d55bb463",
      "Crcs2Md5": "3e2483e8fc699807c95548fa1bbfd0df",
      "Sets": {
        "4": [
          "JTron v1.0 (2003)(Amigan Software)"
        ]
      },
      "Version": "v1.0",
      "Size": 2048,
      "Publishers": [
        2
      ],
      "ReleaseDate": "1/1/2003",
      "Languages": [
        "en"
      ]
    },
    {
      "Titles": [
        "JTron v1.1"
      ],
      "Sha1s2Md5": "31727afb703d7abd9027f1b211785732",
      "Crcs2Md5": "e746bc12dce971b8cceece2416b0a976",
      "Sets": {
        "4": [
          "JTron v1.1 (2003)(Amigan Software)"
        ]
      },
      "Version": "v1.1",
      "Size": 2048,
      "Publishers": [
        2
      ],
      "ReleaseDate": "1/1/2003",
      "Languages": [
        "en"
      ]
    },
    {
      "Titles": [
        "Jump Bug"
      ],
      "Sha1s2Md5": "7f3b09911bd9337cded243f0f69a133c",
      "Crcs2Md5": "8f99febb05fddb340d6778a7a7b20992",
      "Sets": {
        "1": [
          "jumpbug"
        ],
        "2": [
          "Jump Bug (Europe)"
        ],
        "4": [
          "Jump Bug (1982)(UA)(EU)"
        ],
        "6": [
          "65904"
        ]
      },
      "Size": 8192,
      "Publishers": [
        0,
        5
      ],
      "ReleaseDate": "1/1/1982",
      "ESRB": "E",
      "Score": 3.75,
      "Reviewer": 5,
      "Genres": [
        4
      ],
      "Regions": [
        "EU",
        "UA"
      ],
      "Languages": [
        "ru"
      ]
    },
    {
      "Titles": [
        "Jump Bug"
      ],
      "Sha1s2Md5": "8babb966885fe25ef57855a9e3cb2b30",
      "Crcs2Md5": "8d7743e0c3f98b1459e579bbd6a4fbfc",
      "Sets": {
        "1": [
          "jumpbuga"
        ],
        "4": [
          "Jump Bug (1982)(UA)(DE)"
        ],
        "6": [
          "65904"
        ]
      },
      "Size": 8192,
      "Publishers": [
        0,
        5
      ],
      "Tags": [
        0
      ],
      "CloneOf": "jumpbug",
      "ReleaseDate": "1/1/1982",
      "ESRB": "E",
      "Score": 3.75,
      "Reviewer": 5,
      "Genres": [
        4
      ],
      "Regions": [
        "UA",
        "DE"
      ],
      "Languages": [
        "ru"
      ]
    },
    {
      "Titles": [
        "Jungler"
      ],
      "Sha1s2Md5": "f50a2191d7425593fa4867ddc8387adf",
      "Crcs2Md5": "e4f5cabb13fd59404de8a84e275ab599",
      "Sets": {
        "1": [
          "jungler"
        ],
        "2": [
          "Jungler (USA, Europe)"
        ],
        "4": [
          "Jungler (1982)(UA)(EU-US)"
        ],
        "6": [
          "76707"
        ]
      },
      "Size": 8192,
      "Publishers": [
        0,
        4
      ],
      "Developers": [
        0
      ],
      "ReleaseDate": "1/1/1982",
      "Score": 3.25,
      "Reviewer": 5,
      "Genres": [
        0
      ],
      "Regions": [
        "US",
        "EU",
        "UA"
      ],
      "Languages": [
        "en"
      ]
    },
    {
      "Titles": [
        "Kidou Senshi Gundam",
        "Mobile Soldier Gundam"
      ],
      "Sha1s2Md5": "c1652de54d9256ea2a0327d06e5c0526",
      "Crcs2Md5": "7ec19b07dc94138779d19ea2a6aae38e",
      "Sets": {
        "1": [
          "gundam"
        ],
        "4": [
          "Mobile Soldier Gundam (1983)(Bandai)(JP)"
        ],
        "6": [
          "76703"
        ]
      },
      "Overview": {
        "en": [
          11
        ]
      },
      "Size": 8192,
      "Publishers": [
        1,
        6
      ],
      "Developers": [
        6
      ],
      "Tags": [
        5
      ],
      "ReleaseDate": "1/1/1983",
      "Genres": [
        0
      ],
      "Regions": [
        "JP"
      ]
    },
    {
      "Titles": [
        "Missile War"
      ],
      "Sha1s2Md5": "a3ba415c503c52d576d40f4ecaceb04f",
      "Crcs2Md5": "da65397fa5eac3f9eb9d392cb68b4de5",
      "Sets": {
        "1": [
          "misslwar"
        ],
        "2": [
          "Missile War (USA, Europe)"
        ],
        "4": [
          "Missile War (1982)(UA)(EU-US)"
        ],
        "6": [
          "55867"
        ]
      },
      "Overview": {
        "en": [
          3
        ]
      },
      "Size": 4096,
      "Publishers": [
        0,
        4
      ],
      "ReleaseDate": "1/1/1982",
      "Score": 2.0,
      "Reviewer": 5,
      "Regions": [
        "US",
        "EU",
        "UA"
      ],
      "Languages": [
        "en"
      ]
    },
    {
      "Titles": [
        "Mobile Soldier Gundam"
      ],
      "Sha1s2Md5": "58fde0e72e7d714b76f51b6c315927be",
      "Crcs2Md5": "16543361392c0d57793bfb2a9573c521",
      "Sets": {
        "4": [
          "Mobile Soldier Gundam (1983)(Bandai)(JP)[b]"
        ]
      },
      "Size": 8192,
      "Publishers": [
        1
      ],
      "Tags": [
        2
      ],
      "ReleaseDate": "1/1/1983",
      "Regions": [
        "JP"
      ]
    },
    {
      "Titles": [
        "Nibblemen"
      ],
      "Sha1s2Md5": "7925b990b9d2699fb9fadb0e5a38faab",
      "Crcs2Md5": "190adf1c217d8c19addbd0a999f7b133",
      "Sets": {
        "1": [
          "nibblem"
        ],
        "2": [
          "Nibblemen (Europe)"
        ],
        "4": [
          "Nibblemen (1982)(UA)(EU)[aka Devilman - The Dot Muncher]"
        ]
      },
      "Size": 4096,
      "Publishers": [
        0
      ],
      "ReleaseDate": "1/1/1982",
      "Score": 2.66,
      "Reviewer": 5,
      "Regions": [
        "EU",
        "UA"
      ],
      "Languages": [
        "ru"
      ]
    },
    {
      "Titles": [
        "Nibblemen",
        "Super Gobbler"
      ],
      "Sha1s2Md5": "2f514c3ed629b011d1767f7c0d2c954a",
      "Crcs2Md5": "7af0f50f011e9ccfd29c32b63b82e66b",
      "Sets": {
        "1": [
          "nibblema"
        ],
        "2": [
          "Super Gobbler (Europe)"
        ],
        "4": [
          "Super Gobbler (1982)(UA)(EU)"
        ],
        "6": [
          "62112"
        ]
      },
      "Size": 4096,
      "Publishers": [
        0,
        4
      ],
      "Tags": [
        0
      ],
      "CloneOf": "nibblem",
      "ReleaseDate": "1/1/1982",
      "ESRB": "E",
      "Score": 2.66,
      "Reviewer": 5,
      "Genres": [
        1
      ],
      "Regions": [
        "EU",
        "UA"
      ],
      "Languages": [
        "ru"
      ]
    },
    {
      "Titles": [
        "Ocean Battle"
      ],
      "Sha1s2Md5": "83e5ccf6b4bc04c98e014e02e6fce18f",
      "Crcs2Md5": "0fee4ebd6c4875b05944e8243a5d722b",
      "Sets": {
        "1": [
          "oceanbat"
        ],
        "2": [
          "Ocean Battle (USA, Europe)"
        ],
        "4": [
          "Ocean Battle (1982)(UA)(EU-US)[aka Sea Battle]"
        ],
        "6": [
          "61582"
        ]
      },
      "Overview": {
        "en": [
          8
        ]
      },
      "Size": 4096,
      "Publishers": [
        0,
        4
      ],
      "Developers": [
        4
      ],
      "ReleaseDate": "1/1/1982",
      "Score": 2.0,
      "Reviewer": 5,
      "Genres": [
        4
      ],
      "Regions": [
        "US",
        "EU",
        "UA"
      ],
      "Languages": [
        "en"
      ]
    },
    {
      "Titles": [
        "Parashooter"
      ],
      "Sha1s2Md5": "c23e3ed64fffd5650fec355291434b0d",
      "Crcs2Md5": "bb6baaf1fa0c2f5ee4490397b9609702",
      "Sets": {
        "1": [
          "parashtr"
        ],
        "2": [
          "Parashooter (Europe)"
        ],
        "4": [
          "Parashooter (1982)(UA)(EU)[aka Parachute]"
        ],
        "6": [
          "76714"
        ]
      },
      "Size": 4096,
      "Publishers": [
        0,
        4
      ],
      "Developers": [
        4
      ],
      "ReleaseDate": "1/1/1982",
      "Score": 2.33,
      "Reviewer": 5,
      "Genres": [
        0
      ],
      "Regions": [
        "EU",
        "UA"
      ],
      "Languages": [
        "ru"
      ]
    },
    {
      "Titles": [
        "Pleiades"
      ],
      "Sha1s2Md5": "52ee01596f6519aebf38f75d6e4a369a",
      "Crcs2Md5": "c324b8216a0538069a10ef61586a4fa7",
      "Sets": {
        "1": [
          "pleiades"
        ],
        "2": [
          "Pleiades (Europe)"
        ],
        "4": [
          "Pleiades (1983)(UA)(EU)"
        ],
        "6": [
          "76717"
        ]
      },
      "Size": 8192,
      "Publishers": [
        0,
        4
      ],
      "Developers": [
        0
      ],
      "ReleaseDate": "1/1/1983",
      "Score": 2.66,
      "Reviewer": 5,
      "Genres": [
        0
      ],
      "Regions": [
        "EU",
        "UA"
      ],
      "Languages": [
        "ru"
      ]
    },
    {
      "Titles": [
        "R2D Tank"
      ],
      "Sha1s2Md5": "5f310440d709c717a6057d12740de21f",
      "Crcs2Md5": "4fe3a4747e6553a118ca97b38615cc38",
      "Sets": {
        "1": [
          "r2dtank"
        ],
        "2": [
          "R2D Tank (Europe)"
        ],
        "4": [
          "R2D Tank (1982)(UA)(EU)"
        ],
        "6": [
          "76741"
        ]
      },
      "Size": 4096,
      "Publishers": [
        0,
        4
      ],
      "Developers": [
        0
      ],
      "ReleaseDate": "1/1/1981",
      "Genres": [
        0
      ],
      "Regions": [
        "EU",
        "UA"
      ],
      "Languages": [
        "ru"
      ]
    },
    {
      "Titles": [
        "Red Clash"
      ],
      "Sha1s2Md5": "39b6474683a16349a038ccbd6e15848e",
      "Crcs2Md5": "79897af43c732857e25b23e2b86e7213",
      "Sets": {
        "1": [
          "redclash"
        ],
        "4": [
          "Red Clash (1982)(UA)(EU-US)"
        ],
        "6": [
          "76742"
        ]
      },
      "Size": 4096,
      "Publishers": [
        0,
        4
      ],
      "Developers": [
        0
      ],
      "ReleaseDate": "1/1/1982",
      "Genres": [
        0
      ],
      "Regions": [
        "UA",
        "EU",
        "US"
      ],
      "Languages": [
        "en"
      ]
    },
    {
      "Titles": [
        "Red Clash"
      ],
      "Sha1s2Md5": "e05f605cd24011d3512d53142abf8716",
      "Crcs2Md5": "95ed6ae829dfec1c9520d31d8dc9642a",
      "Sets": {
        "2": [
          "Red Clash (USA, Europe)"
        ],
        "4": [
          "Red Clash (1982)(UA)(EU-US)[o]"
        ],
        "6": [
          "76742"
        ]
      },
      "Size": 8192,
      "Publishers": [
        0,
        4
      ],
      "Developers": [
        0
      ],
      "Tags": [
        2
      ],
      "ReleaseDate": "1/1/1982",
      "Genres": [
        0
      ],
      "Regions": [
        "US",
        "EU",
        "UA"
      ],
      "Languages": [
        "en"
      ]
    },
    {
      "Titles": [
        "Robot Killer"
      ],
      "Sha1s2Md5": "517edff4241b3ef0a1c41216669a513c",
      "Crcs2Md5": "9395ac7d7ccc2f882bfa2b8c568b29fd",
      "Sets": {
        "1": [
          "robtkllr"
        ],
        "2": [
          "Robot Killer (Europe)"
        ],
        "4": [
          "Robot Killer (1982)(UA)(EU)"
        ],
        "6": [
          "76743"
        ]
      },
      "Size": 4096,
      "Publishers": [
        0,
        4
      ],
      "Developers": [
        0
      ],
      "ReleaseDate": "1/1/1982",
      "Score": 1.33,
      "Reviewer": 5,
      "Genres": [
        0
      ],
      "Regions": [
        "EU",
        "UA"
      ],
      "Languages": [
        "ru"
      ]
    },
    {
      "Titles": [
        "Route 16"
      ],
      "Sha1s2Md5": "2137601b7f437cdbb25153ef25203fc0",
      "Crcs2Md5": "a08bb73aadf10da702e2f46e4cf601d4",
      "Sets": {
        "1": [
          "route16"
        ],
        "2": [
          "Route 16 (Europe)"
        ],
        "4": [
          "Route 16 (1983)(UA)(EU)"
        ],
        "6": [
          "76744"
        ]
      },
      "Size": 8192,
      "Publishers": [
        0,
        4
      ],
      "Developers": [
        0
      ],
      "ReleaseDate": "1/1/1983",
      "Score": 4.5,
      "Reviewer": 5,
      "Genres": [
        4
      ],
      "Regions": [
        "EU",
        "UA"
      ],
      "Languages": [
        "ru"
      ]
    },
    {
      "Titles": [
        "Soccer"
      ],
      "Sha1s2Md5": "f074239aea87612ae50dbc8f41fb53ac",
      "Crcs2Md5": "007553d2baed24ec00a9c5fd1b0fb639",
      "Sets": {
        "1": [
          "soccer"
        ],
        "4": [
          "Soccer (1982)(UA)(EU-US)[aka Football]"
        ],
        "6": [
          "76745"
        ]
      },
      "Size": 4096,
      "Publishers": [
        0,
        4
      ],
      "Developers": [
        4
      ],
      "Tags": [
        5
      ],
      "ReleaseDate": "1/1/1982",
      "Genres": [
        2
      ],
      "Regions": [
        "UA",
        "EU",
        "US"
      ],
      "Languages": [
        "en"
      ]
    },
    {
      "Titles": [
        "Soccer"
      ],
      "Sha1s2Md5": "83fb0b33a3228abbc6c1f48bbf4123f8",
      "Crcs2Md5": "fc499988587f2947c60ee8ce2a21cd77",
      "Sets": {
        "2": [
          "Soccer (USA, Europe)"
        ],
        "4": [
          "Soccer (1982)(UA)(EU-US)[b][aka Football]"
        ],
        "6": [
          "76745"
        ]
      },
      "Size": 8192,
      "Publishers": [
        0,
        4
      ],
      "Developers": [
        4
      ],
      "Tags": [
        2,
        5
      ],
      "ReleaseDate": "1/1/1982",
      "Genres": [
        2
      ],
      "Regions": [
        "US",
        "EU",
        "UA"
      ],
      "Languages": [
        "en"
      ]
    },
    {
      "Titles": [
        "Space Attack"
      ],
      "Sha1s2Md5": "c635c7b8045eeb2aadab3fc513e9b0a6",
      "Crcs2Md5": "b3e5f9665dc1752bd1fb031dc8875004",
      "Sets": {
        "1": [
          "spaceatta"
        ],
        "4": [
          "Space Attack (1982)(UA)(EU-US)[a]"
        ],
        "6": [
          "55862"
        ]
      },
      "Overview": {
        "en": [
          0
        ]
      },
      "Size": 2048,
      "Publishers": [
        0,
        4
      ],
      "Tags": [
        0,
        3
      ],
      "CloneOf": "spaceatt",
      "ReleaseDate": "1/1/1982",
      "ESRB": "E",
      "Score": 3.5,
      "Reviewer": 5,
      "Genres": [
        0
      ],
      "Regions": [
        "UA",
        "EU",
        "US"
      ],
      "Languages": [
        "en"
      ]
    },
    {
      "Titles": [
        "Space Attack"
      ],
      "Sha1s2Md5": "1d47a4d66b9c33e770219ef286cf656e",
      "Crcs2Md5": "d43d696d524dcde8bcdceafda18b9199",
      "Sets": {
        "1": [
          "spaceatt"
        ],
        "2": [
          "Space Attack (USA, Europe)"
        ],
        "4": [
          "Space Attack (1982)(UA)(EU-US)"
        ],
        "6": [
          "55862"
        ]
      },
      "Overview": {
        "en": [
          0
        ]
      },
      "Size": 4096,
      "Publishers": [
        0,
        4
      ],
      "ReleaseDate": "1/1/1982",
      "ESRB": "E",
      "Score": 3.5,
      "Reviewer": 5,
      "Genres": [
        0
      ],
      "Regions": [
        "US",
        "EU",
        "UA"
      ],
      "Languages": [
        "en"
      ]
    },
    {
      "Titles": [
        "Space Mission"
      ],
      "Sha1s2Md5": "8e73e33de8f6bef00df9cfb4d9a3109d",
      "Crcs2Md5": "da2c02f04ccfddc19f374f5b41750313",
      "Sets": {
        "1": [
          "spcemssn"
        ],
        "2": [
          "Space Mission (USA, Europe)"
        ],
        "4": [
          "Space Mission (1982)(UA)(EU-US)"
        ],
        "6": [
          "69913"
        ]
      },
      "Overview": {
        "en": [
          9
        ]
      },
      "Size": 4096,
      "Publishers": [
        0
      ],
      "Developers": [
        4
      ],
      "ReleaseDate": "1/1/1982",
      "ESRB": "E",
      "Genres": [
        0
      ],
      "Regions": [
        "US",
        "EU",
        "UA"
      ],
      "Languages": [
        "en"
      ]
    },
    {
      "Titles": [
        "Space Raiders"
      ],
      "Sha1s2Md5": "5c54d6cf5b66643c2dcfdaaf66ee02a9",
      "Crcs2Md5": "64d15fc47bee56d5ea6d5f74e115fc44",
      "Sets": {
        "1": [
          "spcerdrs"
        ],
        "2": [
          "Space Raiders (USA, Europe)"
        ],
        "4": [
          "Space Raiders (1982)(UA)(EU-US)"
        ],
        "6": [
          "55865"
        ]
      },
      "Overview": {
        "en": [
          2
        ]
      },
      "Size": 4096,
      "Publishers": [
        0,
        4
      ],
      "ReleaseDate": "1/1/1982",
      "ESRB": "E",
      "Score": 3.75,
      "Reviewer": 5,
      "Genres": [
        0
      ],
      "Regions": [
        "US",
        "EU",
        "UA"
      ],
      "Languages": [
        "en"
      ]
    },
    {
      "Titles": [
        "Space Squadron"
      ],
      "Sha1s2Md5": "4b96468fd5bd65493dc68d7cb537a5dc",
      "Crcs2Md5": "63cbda24dd910499997c98ae2111ca9f",
      "Sets": {
        "1": [
          "spcesqdn"
        ],
        "2": [
          "Space Squadron (Europe)"
        ],
        "4": [
          "Space Squadron (1982)(UA)(EU)"
        ],
        "6": [
          "76746"
        ]
      },
      "Size": 4096,
      "Publishers": [
        0,
        4
      ],
      "Developers": [
        0
      ],
      "ReleaseDate": "1/1/1982",
      "Score": 3.25,
      "Reviewer": 5,
      "Genres": [
        0
      ],
      "Regions": [
        "EU",
        "UA"
      ],
      "Languages": [
        "ru"
      ]
    },
    {
      "Titles": [
        "Space Vultures"
      ],
      "Sha1s2Md5": "05d395443230bb228230fcd789421a83",
      "Crcs2Md5": "c209d339a873445f743ce778d5754d86",
      "Sets": {
        "1": [
          "spcevult"
        ],
        "2": [
          "Space Vultures (USA, Europe)"
        ],
        "4": [
          "Space Vultures (1982)(UA)(EU-US)"
        ],
        "6": [
          "76318"
        ]
      },
      "Size": 6144,
      "Publishers": [
        0,
        4
      ],
      "Developers": [
        4
      ],
      "ReleaseDate": "1/1/1982",
      "Score": 2.33,
      "Reviewer": 5,
      "Genres": [
        4,
        0
      ],
      "Regions": [
        "US",
        "EU",
        "UA"
      ],
      "Languages": [
        "en"
      ]
    },
    {
      "Titles": [
        "Space War",
        "Space Attack"
      ],
      "Sha1s2Md5": "a71305e32fde14f152ecd4443ed2be5e",
      "Crcs2Md5": "104c2908acd17cc365d36dadbce51868",
      "Sets": {
        "1": [
          "spacewar"
        ],
        "4": [
          "Space Attack (1982)(UA)(proto)"
        ],
        "6": [
          "55862"
        ]
      },
      "Overview": {
        "en": [
          0
        ]
      },
      "Size": 2048,
      "Publishers": [
        0,
        4
      ],
      "Tags": [
        1
      ],
      "CloneOf": "spaceatt",
      "ReleaseDate": "1/1/1982",
      "ESRB": "E",
      "Score": 3.5,
      "Reviewer": 5,
      "Genres": [
        0
      ],
      "Regions": [
        "UA"
      ],
      "Languages": [
        "ru"
      ]
    },
    {
      "Titles": [
        "Spiders"
      ],
      "Sha1s2Md5": "2a9ca6b571455cae83db1991f760724d",
      "Crcs2Md5": "c187c43473f9af03453126a8b8477f58",
      "Sets": {
        "1": [
          "spiders"
        ],
        "4": [
          "Spiders (1982)(UA)(EU-US)"
        ],
        "6": [
          "76747"
        ]
      },
      "Size": 4096,
      "Publishers": [
        0,
        7
      ],
      "Developers": [
        0
      ],
      "ReleaseDate": "1/1/1982",
      "Score": 2.33,
      "Reviewer": 5,
      "Genres": [
        0
      ],
      "Regions": [
        "UA",
        "EU",
        "US"
      ],
      "Languages": [
        "en"
      ]
    },
    {
      "Titles": [
        "Spiders"
      ],
      "Sha1s2Md5": "2f0e893e997327375f7c27f99a5467b6",
      "Crcs2Md5": "83c5d334cb0a145f3b4973be32f99b1f",
      "Sets": {
        "2": [
          "Spiders (USA, Europe)"
        ],
        "4": [
          "Spiders (1982)(UA)(EU-US)[o]"
        ],
        "6": [
          "76747"
        ]
      },
      "Size": 8192,
      "Publishers": [
        0,
        7
      ],
      "Developers": [
        0
      ],
      "Tags": [
        2
      ],
      "ReleaseDate": "1/1/1982",
      "Score": 2.33,
      "Reviewer": 5,
      "Genres": [
        0
      ],
      "Regions": [
        "US",
        "EU",
        "UA"
      ],
      "Languages": [
        "en"
      ]
    },
    {
      "Titles": [
        "Star Chess"
      ],
      "Sha1s2Md5": "c41b742b5b2955e4b23a2f337298779c",
      "Crcs2Md5": "f2d1293cbdaa27c6cc51c50e43cf4e2c",
      "Sets": {
        "1": [
          "starchss"
        ],
        "2": [
          "Star Chess (USA, Europe)"
        ],
        "4": [
          "Star Chess (1982)(UA)(EU-US)[aka Video Chess]"
        ],
        "6": [
          "55870"
        ]
      },
      "Overview": {
        "en": [
          5
        ]
      },
      "Size": 4096,
      "Publishers": [
        0,
        4
      ],
      "Tags": [
        5
      ],
      "ReleaseDate": "1/1/1982",
      "Score": 1.33,
      "Reviewer": 5,
      "Genres": [
        3
      ],
      "Regions": [
        "US",
        "EU",
        "UA"
      ],
      "Languages": [
        "en"
      ]
    },
    {
      "Titles": [
        "Super Bug"
      ],
      "Sha1s2Md5": "13c101f96fa8c5afd0b8f90324084f9c",
      "Crcs2Md5": "6df4cce74eb9440bd7b7d0c1da287cc1",
      "Sets": {
        "1": [
          "superbuga"
        ],
        "4": [
          "Super Bug (1983)(UA)(EU)[h]"
        ]
      },
      "Size": 4096,
      "Publishers": [
        0
      ],
      "Tags": [
        0,
        4
      ],
      "CloneOf": "superbug",
      "ReleaseDate": "1/1/1983",
      "Score": 4.0,
      "Reviewer": 5,
      "Regions": [
        "UA",
        "EU"
      ],
      "Languages": [
        "ru"
      ]
    },
    {
      "Titles": [
        "Super Bug"
      ],
      "Sha1s2Md5": "5eb31e49d154491636e1c4206791a2ad",
      "Crcs2Md5": "5d4d9cefb4e660cac6988795abc5b67a",
      "Sets": {
        "1": [
          "superbug"
        ],
        "4": [
          "Super Bug (1983)(UA)(EU)"
        ]
      },
      "Size": 4096,
      "Publishers": [
        0
      ],
      "ReleaseDate": "1/1/1983",
      "Score": 4.0,
      "Reviewer": 5,
      "Regions": [
        "UA",
        "EU"
      ],
      "Languages": [
        "ru"
      ]
    },
    {
      "Titles": [
        "Super Gobbler",
        "Crazy Gobbler"
      ],
      "Sha1s2Md5": "4f7d24264c6ea555b448da00a7bf6351",
      "Crcs2Md5": "eafe20206f808391baa9ad3c44cd7048",
      "Sets": {
        "1": [
          "crzygblr"
        ],
        "2": [
          "Crazy Gobbler (Europe)"
        ],
        "4": [
          "Crazy Gobbler (1982)(UA)(EU)"
        ],
        "6": [
          "62112"
        ]
      },
      "Size": 2048,
      "Publishers": [
        0,
        4
      ],
      "ReleaseDate": "1/1/1982",
      "ESRB": "E",
      "Score": 2.33,
      "Reviewer": 5,
      "Genres": [
        1
      ],
      "Regions": [
        "EU",
        "UA"
      ],
      "Languages": [
        "ru"
      ]
    },
    {
      "Titles": [
        "Super Gobbler",
        "Crazy Gobbler"
      ],
      "Sha1s2Md5": "99b1f4fafb624d071ec65dbf6e6754a5",
      "Crcs2Md5": "e9100b4b1b2815e5708f9cf030cd73b8",
      "Sets": {
        "4": [
          "Crazy Gobbler (1982)(UA)(EU)[o]"
        ],
        "6": [
          "62112"
        ]
      },
      "Size": 4096,
      "Publishers": [
        0,
        4
      ],
      "Tags": [
        2
      ],
      "ReleaseDate": "1/1/1982",
      "ESRB": "E",
      "Score": 2.33,
      "Reviewer": 5,
      "Genres": [
        1
      ],
      "Regions": [
        "UA",
        "EU"
      ],
      "Languages": [
        "ru"
      ]
    },
    {
      "Titles": [
        "Tanks a Lot"
      ],
      "Sha1s2Md5": "fe7bfd0e0b79870364e4cbfa011e2829",
      "Crcs2Md5": "f8b3b93326e717f1266df429253135ce",
      "Sets": {
        "1": [
          "tnksalot"
        ],
        "2": [
          "Tanks a Lot (USA, Europe)"
        ],
        "4": [
          "Tanks a Lot (1982)(UA)(EU-US)"
        ],
        "6": [
          "55871"
        ]
      },
      "Overview": {
        "en": [
          6
        ]
      },
      "Size": 4096,
      "Publishers": [
        0,
        4
      ],
      "ReleaseDate": "1/1/1982",
      "ESRB": "E",
      "Score": 3.75,
      "Reviewer": 5,
      "Genres": [
        0
      ],
      "Regions": [
        "US",
        "EU",
        "UA"
      ],
      "Languages": [
        "en"
      ]
    },
    {
      "Titles": [
        "Tetris"
      ],
      "Sha1s2Md5": "3c5b2a60eb333302669aac5c31cee5fe",
      "Crcs2Md5": "fefdc5009cac381fe89ab34f35231ba2",
      "Sets": {
        "4": [
          "Tetris (2003)(Trauner, Peter)"
        ]
      },
      "Size": 3858,
      "Publishers": [
        3
      ],
      "ReleaseDate": "1/1/2003",
      "Languages": [
        "en"
      ]
    },
    {
      "Titles": [
        "The End",
        "End, The"
      ],
      "Sha1s2Md5": "0fc665a77418a68c4e975588a1c76260",
      "Crcs2Md5": "d48820ad34a48bc7190fcf909d5ee353",
      "Sets": {
        "1": [
          "theend"
        ],
        "2": [
          "The End (Europe)"
        ],
        "4": [
          "End, The (1982)(UA)(EU)[aka Space Pirates]"
        ],
        "6": [
          "76749"
        ]
      },
      "Size": 4096,
      "Publishers": [
        0,
        4
      ],
      "Developers": [
        0
      ],
      "ReleaseDate": "1/1/1982",
      "Genres": [
        4
      ],
      "Regions": [
        "EU",
        "UA"
      ],
      "Languages": [
        "ru"
      ]
    },
    {
      "Titles": [
        "Turtles Turpin",
        "Turtles"
      ],
      "Sha1s2Md5": "6c718fb2f4558bf53a958e50bc776691",
      "Crcs2Md5": "a6713ed530467e5baf24c8ee6849832b",
      "Sets": {
        "1": [
          "turtles"
        ],
        "2": [
          "Turtles (Europe)"
        ],
        "4": [
          "Turtles Turpin (1982)(UA)(EU)"
        ],
        "6": [
          "76750"
        ]
      },
      "Size": 8192,
      "Publishers": [
        0,
        4
      ],
      "Developers": [
        0
      ],
      "Tags": [
        5
      ],
      "ReleaseDate": "1/1/1982",
      "Score": 4.0,
      "Reviewer": 5,
      "Genres": [
        4
      ],
      "Regions": [
        "EU",
        "UA"
      ],
      "Languages": [
        "ru"
      ]
    },
    {
      "Titles": [
        "Video-Lexikon: English to German"
      ],
      "Sha1s2Md5": "e50f020f690e2426dd00fe103e4b0ca3",
      "Crcs2Md5": "349fa00e86fa287b98d4907c3380ef53",
      "Sets": {
        "1": [
          "vidlexeg"
        ]
      },
      "Size": 12288,
      "Publishers": [
        0
      ],
      "CloneOf": "vidlex"
    },
    {
      "Titles": [
        "Video-Lexikon: German to English"
      ],
      "Sha1s2Md5": "3516166b4df847a8466c42a9a002c3cd",
      "Crcs2Md5": "4df7087cddad59c6ade1251d64496076",
      "Sets": {
        "1": [
          "vidlexge"
        ]
      },
      "Size": 12288,
      "Publishers": [
        0
      ],
      "CloneOf": "vidlex"
    },
    {
      "Titles": [
        "Video-Lexikon: German to English to German"
      ],
      "Sha1s2Md5": "2f75a41d3b18f9f2d429bfe73d86dea2",
      "Crcs2Md5": "f7cd0ea3cf69eaafae6c1040e93ac23f",
      "Sets": {
        "1": [
          "vidlex"
        ]
      },
      "Size": 12288,
      "Publishers": [
        0
      ]
    },
    {
      "Titles": [
        "Video-Panzerspiel",
        "Battle"
      ],
      "Sha1s2Md5": "20a757af0edf6296d23920b7dbfdb27d",
      "Crcs2Md5": "bcf9190712bafacae9829daeda131f0c",
      "Sets": {
        "1": [
          "vidpanz"
        ],
        "4": [
          "Battle (198x)(UA)(EU)"
        ]
      },
      "Size": 4096,
      "Publishers": [
        0
      ],
      "Score": 2.33,
      "Reviewer": 5,
      "Regions": [
        "UA",
        "EU"
      ],
      "Languages": [
        "ru"
      ]
    }
  ],
  "Overviews": {
    "en": {
      "0": "Try your evasive action skill to stop the space craft rocketing to destroy you.\r\n\r\nYou have three missile launchers to \"wipe\" them out.\r\n\r\nDifferent Skill Levels.\r\n\r\nSee the space craft \"peel off\" and zero onto your missile launcher.\r\n\r\nAlso you must avoid a \"rain\" of rockets\r\n\r\nBe hurry to destroy all enemy space craft in each armada as you will be running out of fuel, watch the fuel gauge.\r\n\r\nDestroy all the space craft and another faster armada appears.\r\n\r\nA bonus missile launcher to be granted for scoring reaches 5000 points.\r\n\r\nGreat action - Color - Sound Effects.\r\n\r\nHighest score remains on screen so next player can challenge.\r\n\r\nFun for all the family.",
      "1": "You are caught in a maze and must get out before \"they\" get you.\r\n\r\nWatch out for the \"electric\" walls.\r\n\r\nWatch out as \"they\" shoot at you.\r\n\r\nWatch out for the \"spinner.\"\r\n\r\nRun for you life and shoot from the hip.\r\n\r\nDestroy \"them\" and you will get points.\r\n\r\nEscape after destroying all of \"them\" and get a bonus.\r\n\r\nThen another more difficult maze appears.\r\n\r\n\"Freeze\" the game whenever it is necessary to hold action as long as you \"unfreeze\" the game to resume the action.\r\n\r\nHighest score remains on screen so next player can challenge.\r\n\r\nGreat sound and color.\r\n\r\nFun for all the family.",
      "2": "Your mission:  destroy the intruders.\r\n\r\nDrop your bombs to knock out the ground based missiles.\r\n\r\nThis will allow you to land for re-energizing.\r\n\r\nWatch out for the \"flying saucers\", \"mutants\" and also the \"missiles\" from the launching bases.\r\n\r\nDestroy them for points.\r\n\r\nYou can maneuver your spacefighter in any direction.\r\n\r\nBe careful you don't run out of fuel.\r\n\r\n\"Freeze\" the game whenever it is necessary to hold action as long as you \"unfreeze\" the game to resume the action.\r\n\r\nHighest score remains on screen so next player can challenge.\r\n\r\nGreat sound and color.\r\n\r\nFun for all the family.",
      "3": "One controller overlay guides play.\r\n\r\nThe enemy is descending on you city.  You can launch missiles from the east or west to destroy the enemy.\r\n\r\nYou must be quick to locate enemy and launch your defensive missiles.\r\n\r\nAfter missiles have been fired and enemy have attacked, your score will appear on the screen.\r\n\r\nHighest score remains on screen so next player can challenge.\r\n\r\nGreat sound effects and color.\r\n\r\nFun for all the family.",
      "4": "National anthem song opens game.\r\n\r\nRealistic kickoff and runback.\r\n\r\nAny and all of the 11 players on each side can be moved.\r\n\r\nOffensive player selects his play.  Run-pass-field goal (2nd scene appears).\r\n\r\nDefense can move any or all players to stop offense.\r\n\r\n\"Offside\" penalty is called.\r\n\r\nInterceptions are possible.\r\n\r\nA portion of field is always in view for most realistic action.\r\n\r\nThe \"roar of the crowd\" makes this a most realistic game of skill.\r\n\r\nSend out \"decoy receiver\" to fool the defense.\r\n\r\nFun for all the family.",
      "5": "It plays like chess in a space environment.\r\n\r\nYour chessman can have more than 1 life.\r\n\r\nYou can make your endangered chessman disappear (\"warp\") then appear again at random.\r\n\r\nYou can shoot at your opponent's chessman in case you don't want to move to his box or you can \"take him\" in his box.\r\n\r\nThis is a very exciting game of wits and concentration.\r\n\r\nThis is an excellent 2 player game.\r\n\r\nHours of fun for all the family.",
      "6": "The enemy tanks are approaching.\r\n\r\nYou are armed with a bazooka.\r\n\r\n\"Crouch\", \"Aim\" - Fire!  You got him and more points.\r\n\r\nWatch out for his shells.\r\n\r\nClose the gates to block the enemy tanks.\r\n\r\nProtect your commanding base vehicle.\r\n\r\nYou must penetrate his barricade.\r\n\r\n\"Warp\" yourself or your commanding base vehicle for safe.\r\n\r\nLots of action and fun.\r\n\r\nDestroy all tanks and a second more difficult scene appears.\r\n\r\n\"Freeze\" the game whenever it is necessary to hold action as long as you \"unfreeze\" the game to resume the action.\r\n\r\nHighest score remains on screen so next player can challenge.\r\n\r\nGreat sound and color.\r\n\r\nFun for all the family.",
      "7": "It's a dog gone \"cat chasing.\"\r\n\r\nThe cat will turn the tables and become a \"dog catcher\" when he east the object.\r\n\r\nWhen caught the dog is sent to the dog house.\r\n\r\nHurry and clean up the catnip while the dogs are in the doghouse.\r\n\r\nGet extra points by eating the apple when it appears.\r\n\r\nEat all the catnip and a second, more difficult game reappears.\r\n\r\nHighest score remains on screen so next player can challenge.\r\n\r\nGreat sound and color.\r\n\r\nFun for all the family.",
      "8": "Ocean Battle is an Action game, developed and published by Emerson Radio Corp., which was released in 1982.",
      "9": "In this timed game, you have two minutes to build a space station from four pieces that are floating around in space.",
      "10": "* Two controller overlays guide players\r\n\r\n* \"Exploded\" view of alley makes game realistic\r\n\r\n* Ball can \"hook\" left or right\r\n\r\n* Foul is called if bowler crosses line\r\n\r\n* Scoring shows 4 frames or all frames at the touch of a button\r\n\r\n* Good color graphics\r\n\r\n* Plays single bowler or two players\r\n\r\n* Realistic graphics\r\n\r\n* Bowling league time at home\r\n\r\n* Fun for all the family",
      "11": "Mobile Suit Gundam, also known as First Gundam, Gundam 0079, or simply Gundam 79 is a televised anime series, created by Sunrise. Created and directed by Yoshiyuki Tomino, it premiered in Japan on Nagoya Broadcasting Network between April 7, 1979, and lasted until January 26, 1980, spanning 43 episodes. It was the very first Gundam series, which has subsequently been adapted into numerous sequels and spin-offs. It has been almost 80 years since the plan of space colonization began. During that time, many colony clusters were established. Side 3, the farthest one from Earth, became a Republic, led by Zeon Daikun, whose ideals included the independence of the colonists and the final emigration of all mankind to space. Eventually, Side 3 declares itself independent and, with Zeon dead, goes under the control of the Zabi family, who created the \"Duchy of Zeon\". Zeon&#039;s gigantic industrial output is only matched by Earth&#039;s resources, and tensions escalate. Eventually, this leads to the declaring of war from the Duchy, in the year of Universal Century 0079. Zeon&#039;ssuperior technology allows them to have the upper hand, with their powerful Mobile Suits, which the Federation lacks... for now. Mobile Suit Gundam is a first-person action game that puts you in the shoes of Amuro Ray, pilot of the RX-78 Gundam, and has you play through the events of the original 1979 animated television show. You view the game from the cockpit of the RX-78, which has a variety of displays to show the condition of your mobile suit. In each stage, you must eliminate all the enemies to clear the stage."
    }
  },
  "Genres": {
    "0": "Shooter",
    "1": "Puzzle",
    "2": "Sports",
    "3": "Strategy",
    "4": "Action",
    "5": "Racing",
    "6": "Fighting"
  },
  "Companies": {
    "0": "UA",
    "1": "Bandai",
    "2": "Amigan Software",
    "3": "Trauner, Peter",
    "4": "Emerson Radio",
    "5": "Coreland",
    "6": "Bandai Co.,",
    "7": "Sigma Ent."
  },
  "Tags": {
    "0": "Alt",
    "1": "Proto",
    "2": "Bad Dump",
    "3": "Alternate",
    "4": "Hacked",
    "5": "2 Player",
    "6": "Co-Op"
  }
}