{
  "PlatformName": "Loopy",
  "LastUpdate": "6/25/2022 4:50:25 AM",
  "Games": [
    {
      "Titles": [
        "[BIOS] Internal Thermal Printer"
      ],
      "Sha1s2Md5": "664b8468d98e64670e0d16f40562ac4b",
      "Crcs2Md5": "237a8a3bdc94149c7045a8ee8047df62",
      "Sets": {
        "2": [
          "[BIOS] Internal Thermal Printer (Japan)"
        ]
      },
      "Size": 524288,
      "Tags": [
        0
      ],
      "Regions": [
        "JP"
      ]
    },
    {
      "Titles": [
        "Anime Land"
      ],
      "Serials": [
        "XK401"
      ],
      "Sha1s2Md5": "4ef978dea5b01ffa8f44bb58c884c4c0",
      "Crcs2Md5": "fe7d253add0c6005907212c15525b0ec",
      "Sets": {
        "1": [
          "animelnd"
        ],
        "2": [
          "Anime Land (Japan)"
        ],
        "4": [
          "Anime Land (1994)(Casio)(JP)"
        ]
      },
      "Size": 2097152,
      "Publishers": [
        0
      ],
      "ReleaseDate": "1/1/1994",
      "Regions": [
        "JP"
      ]
    },
    {
      "Titles": [
        "Dream Change - Kogane-chan no Fashion Party"
      ],
      "Serials": [
        "XK403"
      ],
      "Sha1s2Md5": "0be6abc6540bfff3397c756d8cc34f88",
      "Crcs2Md5": "975f29ccba6f86527ef54e601c642487",
      "Sets": {
        "1": [
          "dreamchg"
        ],
        "2": [
          "Dream Change - Kogane-chan no Fashion Party (Japan)"
        ],
        "4": [
          "Dream Change - Kogane-chan no Fashion Party (1995)(Casio)(JP)"
        ]
      },
      "Size": 2097152,
      "Publishers": [
        0
      ],
      "ReleaseDate": "1/1/1995",
      "Regions": [
        "JP"
      ]
    },
    {
      "Titles": [
        "HariHari Seal Paradise"
      ],
      "Serials": [
        "XK402"
      ],
      "Sha1s2Md5": "b66703451e8ed9ab64c5e71b786d588c",
      "Crcs2Md5": "869106338b274ed1f74be0a305efb80a",
      "Sets": {
        "1": [
          "harihari"
        ],
        "2": [
          "HARIHARI Seal Paradise (Japan)"
        ],
        "4": [
          "HariHari Seal Paradise (1995)(Casio)(JP)"
        ]
      },
      "Size": 2097152,
      "Publishers": [
        0
      ],
      "ReleaseDate": "1/1/1995",
      "Regions": [
        "JP"
      ]
    },
    {
      "Titles": [
        "Little Romance"
      ],
      "Serials": [
        "XK503"
      ],
      "Sha1s2Md5": "63a355ded56b2daf85854d5cbcecdb49",
      "Crcs2Md5": "aab81bbba3f208f921ca173e98fe906f",
      "Sets": {
        "1": [
          "ltlromance"
        ],
        "4": [
          "Little Romance (1996)(Casio)(JP)[XK-503]"
        ]
      },
      "Size": 3145728,
      "Publishers": [
        0
      ],
      "ReleaseDate": "1/1/1996",
      "Regions": [
        "JP"
      ]
    },
    {
      "Titles": [
        "Loopy Town no Oheya ga Hoshii!"
      ],
      "Serials": [
        "XK504"
      ],
      "Sha1s2Md5": "9ba9a110ea5d6417345cede9b60462ad",
      "Crcs2Md5": "91e107e23bfb051cb6a2bfdbbf488e83",
      "Sets": {
        "1": [
          "loopytwn"
        ],
        "4": [
          "Loopy Town no Oheya ga Hoshii! (1996)(Casio)(JP)[XK-504]"
        ]
      },
      "Size": 3145728,
      "Publishers": [
        0
      ],
      "ReleaseDate": "1/1/1996",
      "Regions": [
        "JP"
      ]
    },
    {
      "Titles": [
        "Lupiton no Wonder Palette"
      ],
      "Serials": [
        "XK701"
      ],
      "Sha1s2Md5": "11f42f898bed42eb8d81a7679e90b196",
      "Crcs2Md5": "d3164398910922e5e2c80a7fe3448687",
      "Sets": {
        "1": [
          "lupiton"
        ],
        "2": [
          "Lupiton no Wonder Palette (Japan)"
        ],
        "4": [
          "Lupiton no Wonder Palette (1995)(Casio)(JP)[XK-701]"
        ]
      },
      "Size": 2097152,
      "Publishers": [
        0
      ],
      "ReleaseDate": "1/1/1995",
      "Regions": [
        "JP"
      ]
    },
    {
      "Titles": [
        "Nigaoe Artist"
      ],
      "Serials": [
        "XK404"
      ],
      "Sha1s2Md5": "faafe70b09d9c4f80cd8841a547738af",
      "Crcs2Md5": "0bf37147ed7c082d2a2c7f4a47efe746",
      "Sets": {
        "1": [
          "nigaoart"
        ],
        "2": [
          "Nigaoe Artist (Japan)"
        ],
        "4": [
          "Nigaoe Artist (1995)(Casio)(JP)"
        ]
      },
      "Size": 2097152,
      "Publishers": [
        0
      ],
      "ReleaseDate": "1/1/1995",
      "Regions": [
        "JP"
      ]
    },
    {
      "Titles": [
        "Pasokon Collection",
        "Pasocom Collection"
      ],
      "Serials": [
        "XK502"
      ],
      "Sha1s2Md5": "01b5765f68fc70929c335282579d72e2",
      "Crcs2Md5": "f64d93b01fc8593ac838950fef19e07c",
      "Sets": {
        "1": [
          "pccllect"
        ],
        "2": [
          "Pasocom Collection (Japan)"
        ],
        "4": [
          "Pasokon Collection (1995)(Casio)(JP)"
        ]
      },
      "Size": 2097152,
      "Publishers": [
        0
      ],
      "ReleaseDate": "1/1/1995",
      "Regions": [
        "JP"
      ]
    },
    {
      "Titles": [
        "Video Seal Wordprocessor"
      ],
      "Serials": [
        "XK700"
      ],
      "Sha1s2Md5": "8f1be6b9481125dc011eaaee22f570f6",
      "Crcs2Md5": "e28a2ebe3fc732fdf389a3604c7438e2",
      "Sets": {
        "1": [
          "vswordp"
        ]
      },
      "Size": 1048576,
      "Publishers": [
        0
      ],
      "ReleaseDate": "1/1/1995"
    },
    {
      "Titles": [
        "Wanwan Aijou Monogatari"
      ],
      "Serials": [
        "XK501"
      ],
      "Sha1s2Md5": "134af928eab3f53b3c1b95b1f4913c19",
      "Crcs2Md5": "c99440e8eef6bb72abed69f13788c95e",
      "Sets": {
        "1": [
          "wanwanam"
        ],
        "2": [
          "Wanwan Aijou Monogatari (Japan)"
        ],
        "4": [
          "Wanwan Aijou Monogatari (1995)(Casio)(JP)"
        ]
      },
      "Size": 2097152,
      "Publishers": [
        0
      ],
      "ReleaseDate": "1/1/1995",
      "Regions": [
        "JP"
      ]
    }
  ],
  "Overviews": {},
  "Genres": {},
  "Companies": {
    "0": "Casio"
  },
  "Tags": {
    "0": "BIOS"
  }
}