{
  "PlatformName": "Sord M5",
  "LastUpdate": "6/25/2022 4:53:16 AM",
  "Games": [
    {
      "Titles": [
        "[BIOS] Boot for Brno ramdisk"
      ],
      "Sha1s2Md5": "c964dad4c7cc6ece8559ba6a5c01131d",
      "Crcs2Md5": "045a9eea89ad5fab1515c23c45e67f9b",
      "Sets": {
        "1": [
          "brno_con"
        ]
      },
      "Size": 3456,
      "Publishers": [
        9
      ],
      "Tags": [
        1
      ],
      "ReleaseDate": "1/1/1989"
    },
    {
      "Titles": [
        "[BIOS] Boot for Brno ramdisk"
      ],
      "Sha1s2Md5": "d6170b25807db0a7ff21b498b3777f10",
      "Crcs2Md5": "668205ecb96879acf2a1a085cfc109ab",
      "Sets": {
        "1": [
          "brno_win"
        ]
      },
      "Size": 8192,
      "Publishers": [
        10
      ],
      "Tags": [
        1
      ],
      "ReleaseDate": "1/1/1989"
    },
    {
      "Titles": [
        "64Krx Expansion board 64Kb"
      ],
      "Sha1s2Md5": "82573ec641a48801265384ff3c0be9d4",
      "Crcs2Md5": "5714fd4d1f784a3c14f3f0049d0abe2f",
      "Sets": {
        "1": [
          "64krx"
        ]
      },
      "Size": 81920,
      "Publishers": [
        8
      ]
    },
    {
      "Titles": [
        "Adidas Lucky Shoot"
      ],
      "Sha1s2Md5": "f31d9e3f41d389c1c48c5c189cf0f304",
      "Crcs2Md5": "ab7c288f77ab02518e77862e3bbc3d3e",
      "Sets": {
        "1": [
          "adidas"
        ],
        "4": [
          "Adidas Lucky Shoot (198x)(-)"
        ]
      },
      "Size": 8192,
      "Publishers": [
        11
      ],
      "Languages": [
        "en"
      ]
    },
    {
      "Titles": [
        "Apploon"
      ],
      "Serials": [
        "17"
      ],
      "Sha1s2Md5": "4d2b8b2a16896e2b6a5ddf4d594ed9ee",
      "Crcs2Md5": "ae7f117e2d94f353cd1942982fd9089a",
      "Sets": {
        "1": [
          "apploon"
        ],
        "4": [
          "Apploon (1983)(Takara)"
        ]
      },
      "Size": 8192,
      "Publishers": [
        3
      ],
      "ReleaseDate": "1/1/1983",
      "Languages": [
        "en"
      ]
    },
    {
      "Titles": [
        "Balloon"
      ],
      "Sha1s2Md5": "8dd508b5ba70587fda7e3ab5f0a35fa8",
      "Crcs2Md5": "c054daf89735d6dd7e6a4b26e94d8b0b",
      "Sets": {
        "4": [
          "Balloon (19xx)(-)"
        ]
      },
      "Size": 8192,
      "Publishers": [
        11
      ],
      "Languages": [
        "en"
      ]
    },
    {
      "Titles": [
        "Barricade"
      ],
      "Sha1s2Md5": "c6c93c3b6e6965dadb0f945df82c1817",
      "Crcs2Md5": "00f16bbfd7cc8ad78f49972c4c4a0cca",
      "Sets": {
        "1": [
          "barricad"
        ],
        "4": [
          "Barricade (19xx)(-)[chain]"
        ]
      },
      "Size": 3840,
      "Publishers": [
        11
      ],
      "Languages": [
        "en"
      ]
    },
    {
      "Titles": [
        "Barrier Attack"
      ],
      "Sha1s2Md5": "39050246602db24ef9c89e2e589c813c",
      "Crcs2Md5": "44bb08d73c4ed40f2f080498b8f0a265",
      "Sets": {
        "1": [
          "barrier"
        ],
        "4": [
          "Barrier Attack (19xx)(-)[chain]"
        ]
      },
      "Size": 3386,
      "Publishers": [
        11
      ],
      "Languages": [
        "en"
      ]
    },
    {
      "Titles": [
        "Baseball"
      ],
      "Sha1s2Md5": "e4b16ead567de87a8d7b394b80d676e8",
      "Crcs2Md5": "9ee3a5e684c3d8b7591f350392adda6d",
      "Sets": {
        "1": [
          "baseball"
        ],
        "4": [
          "Baseball (19xx)(-)[tape]"
        ]
      },
      "Size": 11221,
      "Publishers": [
        11
      ],
      "Languages": [
        "en"
      ]
    },
    {
      "Titles": [
        "Baseball"
      ],
      "Sha1s2Md5": "8c1b6078a0af0c3c1eccd51c5617c417",
      "Crcs2Md5": "9084e083a4c531340be66b9544fdb940",
      "Sets": {
        "4": [
          "Baseball (19xx)(-)[b][Req 36k RAM]"
        ]
      },
      "Size": 10904,
      "Publishers": [
        11
      ],
      "Tags": [
        2
      ],
      "Languages": [
        "en"
      ]
    },
    {
      "Titles": [
        "BASIC-F",
        "64Kbf Expansion memory 64Kb"
      ],
      "Sha1s2Md5": "286f446a258d5959c1620d5f05f69f10",
      "Crcs2Md5": "d8fc2f9d203e1ec55abae93805e109b2",
      "Sets": {
        "1": [
          "basicf",
          "64kbf"
        ]
      },
      "Size": 20480,
      "Publishers": [
        4,
        8
      ]
    },
    {
      "Titles": [
        "BASIC-G"
      ],
      "Sha1s2Md5": "ad6bbd435fc4ba3e34800349c2c5be3a",
      "Crcs2Md5": "c200af189dc4e5cefc37412008340183",
      "Sets": {
        "1": [
          "basicg"
        ]
      },
      "Size": 16384,
      "Publishers": [
        4
      ]
    },
    {
      "Titles": [
        "BASIC-I"
      ],
      "Sha1s2Md5": "7184f855393522c7d08b8f00ef065f41",
      "Crcs2Md5": "da42c545d0c90a8485d9693a9c14bcf9",
      "Sets": {
        "1": [
          "basici"
        ]
      },
      "Size": 8192,
      "Publishers": [
        4
      ]
    },
    {
      "Titles": [
        "BASIC-W"
      ],
      "Sha1s2Md5": "d38c1ebee9d3fab14a8def3b769cabf9",
      "Crcs2Md5": "a029179c61cdf418de4bbc5816071b7b",
      "Sets": {
        "1": [
          "basicw"
        ]
      },
      "Size": 20480,
      "Publishers": [
        6
      ]
    },
    {
      "Titles": [
        "Biorhythm Diagnosis"
      ],
      "Sha1s2Md5": "6347a7933462902efeba68dc84fa10d1",
      "Crcs2Md5": "bc6e75b81f2d38310fc5a03bb8f7577d",
      "Sets": {
        "1": [
          "biorhyth"
        ]
      },
      "Size": 19071
    },
    {
      "Titles": [
        "Blackjack"
      ],
      "Sha1s2Md5": "4c4665df9890e50e9eb0bfba8379838d",
      "Crcs2Md5": "3445a97bf9fac9337665a867c593c6a5",
      "Sets": {
        "1": [
          "blackjac"
        ],
        "4": [
          "Blackjack (19xx)(-)[chain]"
        ]
      },
      "Size": 16980,
      "Publishers": [
        11
      ],
      "Languages": [
        "en"
      ]
    },
    {
      "Titles": [
        "Booting diskette for CP",
        "M."
      ],
      "Sha1s2Md5": "1dda5c83c2c0bfefad13ea3762d64713",
      "Crcs2Md5": "719ce196974545e9d06b2aeedb0ec7dd",
      "Sets": {
        "1": [
          "bb"
        ]
      },
      "Size": 860416,
      "ReleaseDate": "1/1/1989"
    },
    {
      "Titles": [
        "Cowboy"
      ],
      "Sha1s2Md5": "40d931d5991bb0799676ecd41e28ff7f",
      "Crcs2Md5": "36b4d04d65be33b126a8fd0783ef5e78",
      "Sets": {
        "1": [
          "cowboy"
        ],
        "4": [
          "Cowboy (19xx)(-)[chain]"
        ]
      },
      "Size": 3767,
      "Publishers": [
        11
      ],
      "Languages": [
        "en"
      ]
    },
    {
      "Titles": [
        "Cross Chase"
      ],
      "Sha1s2Md5": "6c28b6cd847854944b6755cacf2a613a",
      "Crcs2Md5": "fa315ba3a49f72f6c0f1433b7726cc25",
      "Sets": {
        "4": [
          "Cross Chase (2018-07-19)(Caruso, Fabrizio)[full]"
        ]
      },
      "Size": 4741110,
      "Publishers": [
        16
      ],
      "ReleaseDate": "7/19/2018",
      "Languages": [
        "en"
      ]
    },
    {
      "Titles": [
        "Cross Chase"
      ],
      "Sha1s2Md5": "88c322460da113651d778d75c8b2ca44",
      "Crcs2Md5": "1e1b348fa9fd9e8bf918d2d7fdc4f3ef",
      "Sets": {
        "4": [
          "Cross Chase (2018-07-19)(Caruso, Fabrizio)[tiny]"
        ]
      },
      "Size": 2680647,
      "Publishers": [
        16
      ],
      "ReleaseDate": "7/19/2018",
      "Languages": [
        "en"
      ]
    },
    {
      "Titles": [
        "Cross Chase"
      ],
      "Sha1s2Md5": "9c76aaa2b8642d1c1c798ab0fb5dc6cd",
      "Crcs2Md5": "fc7acd9f1081a6ff91d1b87a6a71da9d",
      "Sets": {
        "4": [
          "Cross Chase (2018-08-04)(Caruso, Fabrizio)[full][UDG]"
        ]
      },
      "Size": 4535991,
      "Publishers": [
        16
      ],
      "ReleaseDate": "8/4/2018",
      "Languages": [
        "en"
      ]
    },
    {
      "Titles": [
        "Cross Chase"
      ],
      "Sha1s2Md5": "7ec696b96f202f4d4dbc88bd7fd0eb00",
      "Crcs2Md5": "294559717e83dfb6424ba3e8a652ba83",
      "Sets": {
        "4": [
          "Cross Chase (2018-08-04)(Caruso, Fabrizio)[tiny]"
        ]
      },
      "Size": 2678715,
      "Publishers": [
        16
      ],
      "ReleaseDate": "8/4/2018",
      "Languages": [
        "en"
      ]
    },
    {
      "Titles": [
        "Cross Chase"
      ],
      "Sha1s2Md5": "a0264815927d37ec05bf45552e99e512",
      "Crcs2Md5": "327ed64a91c9ffc3514c313f836783c0",
      "Sets": {
        "4": [
          "Cross Chase (2018-10-29)(Caruso, Fabrizio)[full][UDG]"
        ]
      },
      "Size": 4484236,
      "Publishers": [
        16
      ],
      "ReleaseDate": "10/29/2018",
      "Languages": [
        "en"
      ]
    },
    {
      "Titles": [
        "Cross Chase"
      ],
      "Sha1s2Md5": "ff68efe5822c71c6052c0429c0903e5d",
      "Crcs2Md5": "ad64d3fcf7a43c7ea07272b7a1be3a57",
      "Sets": {
        "4": [
          "Cross Chase (2018-10-29)(Caruso, Fabrizio)[tiny]"
        ]
      },
      "Size": 2689915,
      "Publishers": [
        16
      ],
      "ReleaseDate": "10/29/2018",
      "Languages": [
        "en"
      ]
    },
    {
      "Titles": [
        "Cross Chase"
      ],
      "Sha1s2Md5": "5d9772c97f91d72cac4d79a5acbe0c94",
      "Crcs2Md5": "e8d4d8d0cd290cb70c1569fdf8ee2c57",
      "Sets": {
        "4": [
          "Cross Chase (2020-04-02)(Caruso, Fabrizio)[UDG]"
        ]
      },
      "Size": 4363240,
      "Publishers": [
        16
      ],
      "ReleaseDate": "4/2/2020",
      "Languages": [
        "en"
      ]
    },
    {
      "Titles": [
        "Cross Chase"
      ],
      "Sha1s2Md5": "64b2ab222929aaa7e0319c8570d171bb",
      "Crcs2Md5": "ab175017fd0b0fe597444cd8a5e5ba52",
      "Sets": {
        "4": [
          "Cross Chase (2021-05-13)(Caruso, Fabrizio)"
        ]
      },
      "Size": 4045385,
      "Publishers": [
        16
      ],
      "ReleaseDate": "5/13/2021",
      "Languages": [
        "en"
      ]
    },
    {
      "Titles": [
        "Dig Dug"
      ],
      "Serials": [
        "1"
      ],
      "Sha1s2Md5": "d28035e069a78f486f03c80728d231a6",
      "Crcs2Md5": "3932b0458dcdade6ac716a8957cfe20e",
      "Sets": {
        "1": [
          "digdug"
        ],
        "4": [
          "Dig Dug (1982)(Namco)"
        ]
      },
      "Size": 8192,
      "Publishers": [
        0
      ],
      "ReleaseDate": "1/1/1982",
      "Languages": [
        "en"
      ]
    },
    {
      "Titles": [
        "Dragon Attack"
      ],
      "Sha1s2Md5": "983b9b8d80f030c01548470798876d3c",
      "Crcs2Md5": "ea18b9aea7f6f1e27ef085aae3576a44",
      "Sets": {
        "1": [
          "drgnatck"
        ],
        "4": [
          "Dragon Attack (1983)(Takara)(JP)[b]"
        ]
      },
      "Size": 4096,
      "Publishers": [
        3
      ],
      "Tags": [
        2
      ],
      "ReleaseDate": "1/1/1983",
      "Regions": [
        "JP"
      ]
    },
    {
      "Titles": [
        "Dream Shopper"
      ],
      "Serials": [
        "21"
      ],
      "Sha1s2Md5": "6e31bb329419b1d04deabcbcc6bff661",
      "Crcs2Md5": "8d7878f00d9e5053de7f1461797b5af1",
      "Sets": {
        "1": [
          "dremshop"
        ]
      },
      "Size": 8192,
      "Publishers": [
        3
      ],
      "ReleaseDate": "1/1/1983"
    },
    {
      "Titles": [
        "Drops"
      ],
      "Sha1s2Md5": "17cec54d6d65ba64c3c6510c100bfb0e",
      "Crcs2Md5": "5fdec70c05000ad57e749ee254b92351",
      "Sets": {
        "1": [
          "drops"
        ],
        "4": [
          "Drops (1986)(SPC)(JP)[b][Req 36k RAM]"
        ]
      },
      "Size": 6176,
      "Publishers": [
        7
      ],
      "Tags": [
        2
      ],
      "ReleaseDate": "1/1/1986",
      "Regions": [
        "JP"
      ]
    },
    {
      "Titles": [
        "Eskimon"
      ],
      "Serials": [
        "22"
      ],
      "Sha1s2Md5": "278fc39e65a1fa55629a02e23984f5a0",
      "Crcs2Md5": "18fd5dbebd3bc18e097d936ae9817251",
      "Sets": {
        "1": [
          "eskimon"
        ],
        "4": [
          "Eskimon (1984)(Takara)(JP)[b]"
        ]
      },
      "Size": 8192,
      "Publishers": [
        3
      ],
      "Tags": [
        2
      ],
      "ReleaseDate": "1/1/1984",
      "Regions": [
        "JP"
      ]
    },
    {
      "Titles": [
        "FALC"
      ],
      "Sha1s2Md5": "974859c13b9ceccdee3c08ec27f621f7",
      "Crcs2Md5": "343ac6caca46a9a78d08fab57c076d30",
      "Sets": {
        "1": [
          "falc"
        ]
      },
      "Size": 16384,
      "Publishers": [
        4
      ]
    },
    {
      "Titles": [
        "Fruit Search"
      ],
      "Sha1s2Md5": "aed2e30b258ce46d8eb459e85ef2fb3a",
      "Crcs2Md5": "1c52d2e669a46f2452e552510c0397f9",
      "Sets": {
        "1": [
          "fruitsrc"
        ],
        "4": [
          "Fruit Search (1983)(Takara)(JP)[b]"
        ]
      },
      "Size": 4096,
      "Publishers": [
        3
      ],
      "Tags": [
        2
      ],
      "ReleaseDate": "1/1/1983",
      "Regions": [
        "JP"
      ]
    },
    {
      "Titles": [
        "Funny Mouse"
      ],
      "Serials": [
        "23"
      ],
      "Sha1s2Md5": "01a2945f766adc753646f9862ef7f174",
      "Crcs2Md5": "439c6a8c5d9c8ed1d94b06aaef90f077",
      "Sets": {
        "1": [
          "funnym"
        ],
        "4": [
          "Funny Mouse (1983)(Takara)(JP)[b]"
        ]
      },
      "Size": 8192,
      "Publishers": [
        3
      ],
      "Tags": [
        2
      ],
      "ReleaseDate": "1/1/1983",
      "Regions": [
        "JP"
      ]
    },
    {
      "Titles": [
        "Galax"
      ],
      "Serials": [
        "4"
      ],
      "Sha1s2Md5": "c6d54e1ea833933d36446fb5f152a9c5",
      "Crcs2Md5": "1765114b581a890c969e9a5cabc81002",
      "Sets": {
        "1": [
          "galax"
        ],
        "4": [
          "Galax (1981)(Namco)"
        ]
      },
      "Size": 8192,
      "Publishers": [
        0
      ],
      "ReleaseDate": "1/1/1981",
      "Languages": [
        "en"
      ]
    },
    {
      "Titles": [
        "Galax"
      ],
      "Sha1s2Md5": "5a0106642f00e1e7369f1ef6e070516c",
      "Crcs2Md5": "287b98f1829b07286d304f7045296b05",
      "Sets": {
        "4": [
          "Galax (1981)(Namco)[h]"
        ]
      },
      "Size": 8192,
      "Publishers": [
        0
      ],
      "Tags": [
        3
      ],
      "ReleaseDate": "1/1/1981",
      "Languages": [
        "en"
      ]
    },
    {
      "Titles": [
        "Graphic Designer"
      ],
      "Sha1s2Md5": "3951c644f8645b190b7fc15ff233e762",
      "Crcs2Md5": "94f493c1e510dfb2fe6dc4be62aeba0e",
      "Sets": {
        "1": [
          "graphic"
        ]
      },
      "Size": 3417
    },
    {
      "Titles": [
        "Guttang Gottong"
      ],
      "Sha1s2Md5": "f15bd2777aeea2215c88b66bf70c43e7",
      "Crcs2Md5": "31a48f2963aba147d29082d943da0833",
      "Sets": {
        "4": [
          "Guttang Gottong (1981)(Konami)(JP)[b2][Req 36k RAM]"
        ]
      },
      "Size": 8192,
      "Publishers": [
        1
      ],
      "ReleaseDate": "1/1/1981",
      "Regions": [
        "JP"
      ]
    },
    {
      "Titles": [
        "Guttang Gottong"
      ],
      "Sha1s2Md5": "6a6bd774a9e88b35bc5fe226ad3f499a",
      "Crcs2Md5": "8908dfe2a804a0ad66875987ab3d6633",
      "Sets": {
        "4": [
          "Guttang Gottong (1981)(Konami)(JP)[b][Req 36k RAM]"
        ]
      },
      "Size": 8448,
      "Publishers": [
        1
      ],
      "Tags": [
        2
      ],
      "ReleaseDate": "1/1/1981",
      "Regions": [
        "JP"
      ]
    },
    {
      "Titles": [
        "Heavy Boxing"
      ],
      "Serials": [
        "12"
      ],
      "Sha1s2Md5": "378a4d197bd73346f45aa7db0daee2ae",
      "Crcs2Md5": "81f96434f554e034f095ab272124a381",
      "Sets": {
        "1": [
          "heavybox"
        ],
        "4": [
          "Heavy Boxing (1983)(Takara)(JP)[b]"
        ]
      },
      "Size": 8192,
      "Publishers": [
        3
      ],
      "Tags": [
        2
      ],
      "ReleaseDate": "1/1/1983",
      "Regions": [
        "JP"
      ]
    },
    {
      "Titles": [
        "Intruder"
      ],
      "Sha1s2Md5": "82c7a5f5bdf0f59099781552e2ba346b",
      "Crcs2Md5": "d16fe754c9c71b908837f03e36cc99c2",
      "Sets": {
        "4": [
          "Intruder (19xx)(-)[b]"
        ]
      },
      "Size": 5376,
      "Publishers": [
        11
      ],
      "Tags": [
        2
      ],
      "Languages": [
        "en"
      ]
    },
    {
      "Titles": [
        "Jogging"
      ],
      "Sha1s2Md5": "b7a36d30459782f7e708d0b0041d978f",
      "Crcs2Md5": "0d53ae1cc81ab4cd3fc1cb787c25aa3f",
      "Sets": {
        "1": [
          "jogging"
        ],
        "4": [
          "Jogging (19xx)(-)[chain]"
        ]
      },
      "Size": 8537,
      "Publishers": [
        11
      ],
      "Languages": [
        "en"
      ]
    },
    {
      "Titles": [
        "Jong Kyo",
        "Mahjong"
      ],
      "Serials": [
        "24"
      ],
      "Sha1s2Md5": "af599ceb77d1ae120a9b8cd188f232bd",
      "Crcs2Md5": "0af629396fcffae2ebd768375572c26e",
      "Sets": {
        "1": [
          "jongkyo"
        ],
        "4": [
          "Mahjong (19xx)(-)"
        ]
      },
      "Size": 16384,
      "Publishers": [
        5,
        11
      ],
      "Languages": [
        "en"
      ]
    },
    {
      "Titles": [
        "Jumping Jack"
      ],
      "Sha1s2Md5": "95a860f73eadaa30ce755b87904724f1",
      "Crcs2Md5": "8c02eb3b76a7f7df3f83d74d6f1437f2",
      "Sets": {
        "1": [
          "jumpjack"
        ],
        "4": [
          "Jumping Jack (1986)(SPC)[b][Req 36k RAM]"
        ]
      },
      "Size": 5920,
      "Publishers": [
        7
      ],
      "Tags": [
        2
      ],
      "ReleaseDate": "1/1/1986",
      "Languages": [
        "en"
      ]
    },
    {
      "Titles": [
        "Last Day of the Earth",
        "Last Day Of The Earth, The"
      ],
      "Sha1s2Md5": "d14accd1e677a89c0cfcae01ecee7c95",
      "Crcs2Md5": "bb3822247601dca32393807ef23b2061",
      "Sets": {
        "1": [
          "lastday"
        ],
        "4": [
          "Last Day Of The Earth, The (19xx)(-)[chain]"
        ]
      },
      "Size": 19184,
      "Publishers": [
        11
      ],
      "Languages": [
        "en"
      ]
    },
    {
      "Titles": [
        "Life"
      ],
      "Sha1s2Md5": "cae370a393974d25a7fa2217e230e32a",
      "Crcs2Md5": "767c0b777a50c4da9b98449cac2f8319",
      "Sets": {
        "4": [
          "Life (19xx)(Hedisoft & Conway)(cs)"
        ]
      },
      "Size": 1070,
      "Publishers": [
        12
      ],
      "Languages": [
        "cs"
      ]
    },
    {
      "Titles": [
        "M5 Terminal"
      ],
      "Sha1s2Md5": "b31bb2d4df2ab06a1599d412040707e6",
      "Crcs2Md5": "d4e747c768a5808f56ebd566febcfba7",
      "Sets": {
        "1": [
          "m5term"
        ]
      },
      "Size": 7168
    },
    {
      "Titles": [
        "Mahjong"
      ],
      "Sha1s2Md5": "1cdcec5418c1891fd8a41122ef3573bb",
      "Crcs2Md5": "d54908aa04c3b3f1f752bcc936b1bf9e",
      "Sets": {
        "4": [
          "Mahjong (19xx)(-)[h2]"
        ]
      },
      "Size": 16384,
      "Publishers": [
        11
      ],
      "Languages": [
        "en"
      ]
    },
    {
      "Titles": [
        "Mahjong"
      ],
      "Sha1s2Md5": "6039741fe88cd63c2c647acc66b4a318",
      "Crcs2Md5": "40dc1302ef2d1208cc1a3e85aef4a073",
      "Sets": {
        "4": [
          "Mahjong (19xx)(-)[h]"
        ]
      },
      "Size": 16384,
      "Publishers": [
        11
      ],
      "Tags": [
        3
      ],
      "Languages": [
        "en"
      ]
    },
    {
      "Titles": [
        "Mappy"
      ],
      "Serials": [
        "19"
      ],
      "Sha1s2Md5": "bf6347961ce8cfdacb9adb4869866f41",
      "Crcs2Md5": "76f2a45ff4b42287b8bee5dc59780d99",
      "Sets": {
        "1": [
          "mappy"
        ],
        "4": [
          "Mappy (1983)(Namco)"
        ]
      },
      "Size": 8192,
      "Publishers": [
        0
      ],
      "ReleaseDate": "1/1/1983",
      "Languages": [
        "en"
      ]
    },
    {
      "Titles": [
        "Masterchess"
      ],
      "Sha1s2Md5": "8a42d470519be44496a5a3c4073a821a",
      "Crcs2Md5": "6ccb211b4e3e767d4ca360d8d021fd74",
      "Sets": {
        "1": [
          "mchess"
        ],
        "4": [
          "Masterchess (19xx)(-)[b][Req 36k RAM]"
        ]
      },
      "Size": 12288,
      "Publishers": [
        11
      ],
      "Tags": [
        2
      ],
      "Languages": [
        "en"
      ]
    },
    {
      "Titles": [
        "Maze"
      ],
      "Sha1s2Md5": "31b0623e873ed6c773dc94da7ae5bcc2",
      "Crcs2Md5": "86b74af0d18fc8a422766bbfe0513c51",
      "Sets": {
        "4": [
          "Maze (19xx)(-)(cs)[b]"
        ]
      },
      "Size": 8448,
      "Publishers": [
        11
      ],
      "Tags": [
        2
      ],
      "Languages": [
        "cs"
      ]
    },
    {
      "Titles": [
        "Mini Star Trek"
      ],
      "Sha1s2Md5": "c0f943dd69b1c783949feacdb558fae8",
      "Crcs2Md5": "a766453074e65c8a532a6712a57c3c24",
      "Sets": {
        "1": [
          "startrek"
        ],
        "4": [
          "Mini Star Trek (19xx)(-)[chain]"
        ]
      },
      "Size": 4744,
      "Publishers": [
        11
      ],
      "Languages": [
        "en"
      ]
    },
    {
      "Titles": [
        "Moon Patrol"
      ],
      "Serials": [
        "9"
      ],
      "Sha1s2Md5": "749d72d06554d745f2e9b1c795ac4edf",
      "Crcs2Md5": "8aafa360093ffb268438ff63c8d8744f",
      "Sets": {
        "1": [
          "mpatrol"
        ],
        "4": [
          "Moon Patrol (1981)(Ir0em)"
        ]
      },
      "Size": 8192,
      "Publishers": [
        2,
        13
      ],
      "ReleaseDate": "1/1/1981",
      "Languages": [
        "en"
      ]
    },
    {
      "Titles": [
        "Music Tone"
      ],
      "Sha1s2Md5": "ce41cca0aa3534acb9d5df47cd00f66b",
      "Crcs2Md5": "07239cb08812c1e49e3be3a6a3a69f4e",
      "Sets": {
        "1": [
          "mustone"
        ]
      },
      "Size": 3423
    },
    {
      "Titles": [
        "Number Search"
      ],
      "Sha1s2Md5": "c2ef90d02da51681aedfb515731713dd",
      "Crcs2Md5": "a5e787be96e0092e05cbc64fb29e3e82",
      "Sets": {
        "1": [
          "numsrch"
        ],
        "4": [
          "Number Search (19xx)(-)[chain]"
        ]
      },
      "Size": 3244,
      "Publishers": [
        11
      ],
      "Languages": [
        "en"
      ]
    },
    {
      "Titles": [
        "P-Editor"
      ],
      "Sha1s2Md5": "ceb6e360263a1558272b6154761dfe8e",
      "Crcs2Md5": "022ec2a6f965d27d3243954cf0974687",
      "Sets": {
        "1": [
          "peditor"
        ]
      },
      "Size": 16384,
      "Publishers": [
        4
      ]
    },
    {
      "Titles": [
        "Pit Chaser"
      ],
      "Sha1s2Md5": "238ac455036d9fc9b4499970b4406a32",
      "Crcs2Md5": "c20d953bb15978b8e538560f806bd2e0",
      "Sets": {
        "1": [
          "pitchase"
        ],
        "4": [
          "Pit Chaser (1983)(Takara)"
        ]
      },
      "Size": 8192,
      "Publishers": [
        3
      ],
      "ReleaseDate": "1/1/1983",
      "Languages": [
        "en"
      ]
    },
    {
      "Titles": [
        "Pooyan",
        "Poo-Yan"
      ],
      "Serials": [
        "11"
      ],
      "Sha1s2Md5": "a959f0855cd222b68631fbeb2e8fe94d",
      "Crcs2Md5": "73a23a66ecb7ff4e724d5f4b4325d658",
      "Sets": {
        "1": [
          "pooyan"
        ],
        "4": [
          "Poo-Yan (1982)(Konami)"
        ]
      },
      "Size": 8192,
      "Publishers": [
        1
      ],
      "ReleaseDate": "1/1/1982",
      "Languages": [
        "en"
      ]
    },
    {
      "Titles": [
        "Pooyan Modified version cooperating with 64kB RAM",
        "Poo-Yan"
      ],
      "Serials": [
        "11"
      ],
      "Sha1s2Md5": "887ac1df1f3aa76aa3627881b1f4a586",
      "Crcs2Md5": "68347b903056f40d0f674bd667d06594",
      "Sets": {
        "1": [
          "pooyana"
        ],
        "4": [
          "Poo-Yan (1982)(Konami)[b]"
        ]
      },
      "Size": 8192,
      "Publishers": [
        1
      ],
      "Tags": [
        0,
        2
      ],
      "CloneOf": "pooyan",
      "ReleaseDate": "1/1/1982",
      "Languages": [
        "en"
      ]
    },
    {
      "Titles": [
        "Power Pac"
      ],
      "Serials": [
        "5"
      ],
      "Sha1s2Md5": "32743ef5728f8e2473b0122ded4e9345",
      "Crcs2Md5": "d63a6feda5e91eca5afbb5f6ea3348e9",
      "Sets": {
        "1": [
          "powerpac"
        ],
        "4": [
          "Power Pac (1982)(Namco)"
        ]
      },
      "Size": 8192,
      "Publishers": [
        0
      ],
      "ReleaseDate": "1/1/1982",
      "Languages": [
        "en"
      ]
    },
    {
      "Titles": [
        "Power Pac"
      ],
      "Sha1s2Md5": "804c4cf37d5eb8b890c025c03286dd36",
      "Crcs2Md5": "65f0b915c73273c8957b9536f75fbc68",
      "Sets": {
        "4": [
          "Power Pac (1982)(Namco)[h]"
        ]
      },
      "Size": 8192,
      "Publishers": [
        0
      ],
      "Tags": [
        3
      ],
      "ReleaseDate": "1/1/1982",
      "Languages": [
        "en"
      ]
    },
    {
      "Titles": [
        "Real Tennis"
      ],
      "Serials": [
        "14"
      ],
      "Sha1s2Md5": "7aebbbf6ba8887224dc2cde3580c2a2a",
      "Crcs2Md5": "da647145bcd50aee3818455710d0ebd7",
      "Sets": {
        "1": [
          "rtennis"
        ],
        "4": [
          "Real Tennis (1983)(Takara)(JP)[b]"
        ]
      },
      "Size": 8192,
      "Publishers": [
        3
      ],
      "Tags": [
        2
      ],
      "ReleaseDate": "1/1/1983",
      "Regions": [
        "JP"
      ]
    },
    {
      "Titles": [
        "Reversi"
      ],
      "Sha1s2Md5": "de0087214a0987d11b74bfddbbc4188b",
      "Crcs2Md5": "98af62039ade0283bc6e561bf4d8c0af",
      "Sets": {
        "1": [
          "reversi"
        ],
        "4": [
          "Reversi (19xx)(Games of Skill)[b][Req 36k RAM]"
        ]
      },
      "Size": 6392,
      "Publishers": [
        14
      ],
      "Tags": [
        2
      ],
      "Languages": [
        "en"
      ]
    },
    {
      "Titles": [
        "Sidewinder"
      ],
      "Sha1s2Md5": "b8006ec1ca382b5ae668c26955156223",
      "Crcs2Md5": "1646bb3b54b48bd7013ec95c52bcb0b0",
      "Sets": {
        "1": [
          "sidewind"
        ],
        "4": [
          "Sidewinder (19xx)(-)[chain]"
        ]
      },
      "Size": 3628,
      "Publishers": [
        11
      ],
      "Languages": [
        "en"
      ]
    },
    {
      "Titles": [
        "Slot Machine"
      ],
      "Sha1s2Md5": "5e12d0cbfbb9136044b291762b4e85a9",
      "Crcs2Md5": "3e6f3c2499e63bc20698f78a22974fdd",
      "Sets": {
        "1": [
          "slotmach"
        ],
        "4": [
          "Slot Machine (19xx)(-)[chain]"
        ]
      },
      "Size": 5207,
      "Publishers": [
        11
      ],
      "Languages": [
        "en"
      ]
    },
    {
      "Titles": [
        "Snaky"
      ],
      "Sha1s2Md5": "b2c4d2948afafef4519192474570b747",
      "Crcs2Md5": "55ea61ebac78b20d276678596181d170",
      "Sets": {
        "1": [
          "snaky"
        ],
        "4": [
          "Snaky (19xx)(-)[chain]"
        ]
      },
      "Size": 3213,
      "Publishers": [
        11
      ],
      "Languages": [
        "en"
      ]
    },
    {
      "Titles": [
        "Solar System Forces"
      ],
      "Sha1s2Md5": "88b76e5e8197d52c4c81621fdf185600",
      "Crcs2Md5": "dc6bb3e62a2210847e53b1298afa954e",
      "Sets": {
        "1": [
          "ssf"
        ],
        "4": [
          "Solar System Forces (19xx)(-)[Req BASIC-G]"
        ]
      },
      "Size": 17882692,
      "Publishers": [
        11
      ],
      "Languages": [
        "en"
      ]
    },
    {
      "Titles": [
        "Solar System Forces - Commando Team"
      ],
      "Sha1s2Md5": "a3eb365e3710275ab03e25ba99e46d47",
      "Crcs2Md5": "3437df251c52bf71c80fb44b0ad6723b",
      "Sets": {
        "1": [
          "ssfcm"
        ],
        "4": [
          "Solar System Forces - Commando Team (19xx)(-)[Req BASIC-G]"
        ]
      },
      "Size": 7273520,
      "Publishers": [
        11
      ],
      "Languages": [
        "en"
      ]
    },
    {
      "Titles": [
        "Solar System Forces - Operation Maul"
      ],
      "Sha1s2Md5": "7c378c1749023048f7d89d6bd631ed58",
      "Crcs2Md5": "f3bb8192c27ae9d62e67e99559820874",
      "Sets": {
        "1": [
          "ssfom"
        ],
        "4": [
          "Solar System Forces - Operation Maul (19xx)(-)[Req BASIC-G]"
        ]
      },
      "Size": 7348024,
      "Publishers": [
        11
      ],
      "Languages": [
        "en"
      ]
    },
    {
      "Titles": [
        "Solar System Forces - Victory of Mars"
      ],
      "Sha1s2Md5": "50b30aa1b18733f3c7d71a4380d51d4c",
      "Crcs2Md5": "b6f5c5b82e8d82e9201f455a12d4ce24",
      "Sets": {
        "1": [
          "ssfvm"
        ],
        "4": [
          "Solar System Forces - Victory of Mars (19xx)(-)[Req BASIC-G]"
        ]
      },
      "Size": 7731210,
      "Publishers": [
        11
      ],
      "Languages": [
        "en"
      ]
    },
    {
      "Titles": [
        "Solitaire"
      ],
      "Sha1s2Md5": "8bf0593aefc963de07e91d461a404425",
      "Crcs2Md5": "e2697b07366b87c3982ddc44bd57f46b",
      "Sets": {
        "1": [
          "solitair"
        ],
        "4": [
          "Solitaire (19xx)(-)[chain]"
        ]
      },
      "Size": 3278,
      "Publishers": [
        11
      ],
      "Languages": [
        "en"
      ]
    },
    {
      "Titles": [
        "Star Destroyer Bosconian",
        "Bosconian"
      ],
      "Serials": [
        "3"
      ],
      "Sha1s2Md5": "c1e59a4696c98e17bb39c953dff8cf82",
      "Crcs2Md5": "108ed12b4a72f8910ed7fcbd9d502765",
      "Sets": {
        "1": [
          "bosco"
        ],
        "4": [
          "Bosconian (1981)(Namco)"
        ]
      },
      "Size": 8192,
      "Publishers": [
        0
      ],
      "ReleaseDate": "1/1/1981",
      "Languages": [
        "en"
      ]
    },
    {
      "Titles": [
        "Step Up"
      ],
      "Serials": [
        "10"
      ],
      "Sha1s2Md5": "52c02de7e6ee9b03fbcdfb19d81edd58",
      "Crcs2Md5": "12ae73c1f9f4a0058a6e2d1ca4a1235c",
      "Sets": {
        "1": [
          "stepupj"
        ],
        "4": [
          "Step Up (1983)(Takara)(JP)"
        ]
      },
      "Size": 8192,
      "Publishers": [
        3
      ],
      "CloneOf": "stepup",
      "ReleaseDate": "1/1/1983",
      "Regions": [
        "JP"
      ]
    },
    {
      "Titles": [
        "Step Up"
      ],
      "Sha1s2Md5": "6205d8db57588dcfb671fe70c4fbc9d8",
      "Crcs2Md5": "7520ff3db3ce4c2ec3f52026572424cf",
      "Sets": {
        "1": [
          "stepup"
        ],
        "4": [
          "Step Up (1983)(Takara)(EU)"
        ]
      },
      "Size": 8192,
      "Publishers": [
        3
      ],
      "ReleaseDate": "1/1/1983",
      "Regions": [
        "EU"
      ]
    },
    {
      "Titles": [
        "Super Cobra"
      ],
      "Serials": [
        "7"
      ],
      "Sha1s2Md5": "3b8d105b596f01812a06f30634acbd52",
      "Crcs2Md5": "6ef39d5be09b191ceb87869526b1cdfc",
      "Sets": {
        "1": [
          "scobra"
        ],
        "4": [
          "Super Cobra (1981)(Konami)(JP)[b]"
        ]
      },
      "Size": 8192,
      "Publishers": [
        1
      ],
      "Tags": [
        2
      ],
      "ReleaseDate": "1/1/1981",
      "Regions": [
        "JP"
      ]
    },
    {
      "Titles": [
        "Tank Battalion",
        "Tank Battlaion"
      ],
      "Serials": [
        "2"
      ],
      "Sha1s2Md5": "6ec622f3eee92d239a3567420b49550d",
      "Crcs2Md5": "33d1350a640aef1c84ef43c9719cc688",
      "Sets": {
        "1": [
          "tankbtl"
        ],
        "4": [
          "Tank Battlaion (1980)(Namco)(JP)[b]"
        ]
      },
      "Size": 8192,
      "Publishers": [
        0
      ],
      "Tags": [
        2
      ],
      "ReleaseDate": "1/1/1980",
      "Regions": [
        "JP"
      ]
    },
    {
      "Titles": [
        "Three Circles"
      ],
      "Sha1s2Md5": "923da9d004615a94450295d62a968efd",
      "Crcs2Md5": "e55d5d5e46c5d5601ab32958dffaa355",
      "Sets": {
        "1": [
          "3circles"
        ],
        "4": [
          "Three Circles (19xx)(-)[chain]"
        ]
      },
      "Size": 3568,
      "Publishers": [
        11
      ],
      "Languages": [
        "en"
      ]
    },
    {
      "Titles": [
        "Tower of Hanoi"
      ],
      "Sha1s2Md5": "d685ea465bb5c5f0264295d62d97b782",
      "Crcs2Md5": "3a3f6a13c2efd183f1eb00ec9d371c81",
      "Sets": {
        "1": [
          "hanoi"
        ],
        "4": [
          "Tower of Hanoi (19xx)(-)[chain]"
        ]
      },
      "Size": 4108,
      "Publishers": [
        11
      ],
      "Languages": [
        "en"
      ]
    },
    {
      "Titles": [
        "TV Adjust"
      ],
      "Sha1s2Md5": "6e68df2b44bf5c3d01dcf58e4d007daf",
      "Crcs2Md5": "029ddc78b388e2abd0fc7d372e2c1172",
      "Sets": {
        "1": [
          "tvadjust"
        ]
      },
      "Size": 1345
    },
    {
      "Titles": [
        "Up Up Balloon"
      ],
      "Sha1s2Md5": "d251ee55f377647d0decfd8b03dad36c",
      "Crcs2Md5": "7cdaf06f241569335b3fc92022b6f9c0",
      "Sets": {
        "4": [
          "Up Up Balloon (1983)(Takara - Monkey Punch)(JP)[b]"
        ]
      },
      "Size": 8320,
      "Publishers": [
        3,
        15
      ],
      "Tags": [
        2
      ],
      "ReleaseDate": "1/1/1983",
      "Regions": [
        "JP"
      ]
    },
    {
      "Titles": [
        "Warp & Warp",
        "Warp Warp"
      ],
      "Serials": [
        "6"
      ],
      "Sha1s2Md5": "66217f5a78911c7fe374206e8915d8ea",
      "Crcs2Md5": "e470092104d010712aea1d516dd4ee47",
      "Sets": {
        "1": [
          "warpwarp"
        ],
        "4": [
          "Warp Warp (1981)(Namco)"
        ]
      },
      "Size": 8192,
      "Publishers": [
        0
      ],
      "ReleaseDate": "1/1/1981",
      "Languages": [
        "en"
      ]
    },
    {
      "Titles": [
        "Wonder Hole"
      ],
      "Sha1s2Md5": "ba1b61083bd756a20d82fc1fe2aea58b",
      "Crcs2Md5": "cc48ed875eeaa14a71164c35f93fc321",
      "Sets": {
        "4": [
          "Wonder Hole (1982)(Irem)(JP)[b][Req 36k RAM]"
        ]
      },
      "Size": 8320,
      "Publishers": [
        2
      ],
      "Tags": [
        2
      ],
      "ReleaseDate": "1/1/1982",
      "Regions": [
        "JP"
      ]
    },
    {
      "Titles": [
        "Wonder Hole"
      ],
      "Sha1s2Md5": "39205ea9f6be410b9aa1c3e9472b4395",
      "Crcs2Md5": "9c6457eaa5d6b491117fa03dcc86f3e0",
      "Sets": {
        "4": [
          "Wonder Hole (1982)(Irem)(JP)[Req 36k RAM]"
        ]
      },
      "Size": 8192,
      "Publishers": [
        2
      ],
      "ReleaseDate": "1/1/1982",
      "Regions": [
        "JP"
      ]
    },
    {
      "Titles": [
        "Word Maze"
      ],
      "Serials": [
        "15"
      ],
      "Sha1s2Md5": "5542d651e057fb6443c45f6ab49f2c62",
      "Crcs2Md5": "0923ac5a3a16578dc7ea18059576c9e0",
      "Sets": {
        "1": [
          "wordmaze"
        ],
        "4": [
          "Word Maze (1983)(Sord)(JP)[b]"
        ]
      },
      "Size": 8192,
      "Publishers": [
        4
      ],
      "Tags": [
        2
      ],
      "ReleaseDate": "1/1/1983",
      "Regions": [
        "JP"
      ]
    },
    {
      "Titles": [
        "Zac Banic"
      ],
      "Sha1s2Md5": "bde7ef6a6d07d9c91b17ac795534d8b4",
      "Crcs2Md5": "caca2f94ec98adc84c7cf8cf9da3d7f6",
      "Sets": {
        "1": [
          "zacbanic"
        ],
        "4": [
          "Zac Banic (198x)(-)[b]"
        ]
      },
      "Size": 4400,
      "Publishers": [
        11
      ],
      "Tags": [
        2
      ],
      "Languages": [
        "en"
      ]
    },
    {
      "Titles": [
        "Zac Banic"
      ],
      "Sha1s2Md5": "0f0f8bad0a41e94d27b003bb14cde700",
      "Crcs2Md5": "79650459b9745275a7cf680be618f476",
      "Sets": {
        "1": [
          "zacbanic"
        ],
        "4": [
          "Zac Banic (19xx)(-)[tape]"
        ]
      },
      "Size": 4746,
      "Publishers": [
        11
      ],
      "Languages": [
        "en"
      ]
    }
  ],
  "Overviews": {},
  "Genres": {},
  "Companies": {
    "0": "Namco",
    "1": "Konami",
    "2": "Irem",
    "3": "Takara",
    "4": "Sord",
    "5": "Hudson Soft",
    "6": "Sord?",
    "7": "SPC",
    "8": "unknown",
    "9": "Pavel Brychta a spol",
    "10": "Ladislav Novak",
    "11": "-",
    "12": "Hedisoft & Conway",
    "13": "Ir0em",
    "14": "Games of Skill",
    "15": "Monkey Punch",
    "16": "Caruso, Fabrizio"
  },
  "Tags": {
    "0": "Alt",
    "1": "BIOS",
    "2": "Bad Dump",
    "3": "Hacked"
  }
}