{
  "PlatformName": "PV-1000",
  "LastUpdate": "6/25/2022 4:53:00 AM",
  "Games": [
    {
      "Titles": [
        "Ahorcado v1.1"
      ],
      "Sha1s2Md5": "cf5ee40b1d6dd7bff92aa4036c063921",
      "Crcs2Md5": "d1700e699f8442f8134a0d1889681a2b",
      "Sets": {
        "4": [
          "Ahorcado v1.1 (1997)(Calderon, Ricardo)(es)"
        ]
      },
      "Version": "v1.1",
      "Size": 1605,
      "Publishers": [
        1
      ],
      "ReleaseDate": "1/1/1997",
      "Languages": [
        "es"
      ]
    },
    {
      "Titles": [
        "Amidar"
      ],
      "Serials": [
        "GPA104"
      ],
      "Sha1s2Md5": "a794f932621622a34b52838ed47bec87",
      "Crcs2Md5": "956e5db96158bf889245e614f7a1cb92",
      "Sets": {
        "1": [
          "amidar"
        ],
        "2": [
          "Amidar (Japan)"
        ],
        "6": [
          "81393"
        ]
      },
      "Overview": {
        "en": [
          5
        ]
      },
      "Size": 8192,
      "Publishers": [
        0,
        9
      ],
      "Developers": [
        8
      ],
      "ReleaseDate": "1/1/1982",
      "Genres": [
        0
      ],
      "Regions": [
        "JP"
      ]
    },
    {
      "Titles": [
        "Clear v0.04"
      ],
      "Sha1s2Md5": "9cc8872983f6ac3ec6c34be50dc39c57",
      "Crcs2Md5": "613238d5c179aade9c76cec73dc11c17",
      "Sets": {
        "4": [
          "Clear v0.04 (2003)(Blue)"
        ]
      },
      "Version": "v0.04",
      "Size": 6556,
      "Publishers": [
        2
      ],
      "ReleaseDate": "1/1/2003",
      "Languages": [
        "en"
      ]
    },
    {
      "Titles": [
        "Dig Dug"
      ],
      "Serials": [
        "GPA105"
      ],
      "Sha1s2Md5": "4665cd67d0356f1fb9db745d27a689e0",
      "Crcs2Md5": "1072b871b47fc31a6b295a9aa01f8853",
      "Sets": {
        "1": [
          "digdug"
        ],
        "6": [
          "62194"
        ]
      },
      "Overview": {
        "en": [
          0
        ]
      },
      "Size": 16384,
      "Publishers": [
        0,
        6
      ],
      "Developers": [
        5
      ],
      "ReleaseDate": "1/1/1982",
      "Genres": [
        0
      ]
    },
    {
      "Titles": [
        "Dirty Chameleon"
      ],
      "Serials": [
        "GPA114"
      ],
      "Sha1s2Md5": "64e1ffddadfa918c19ab5608ce2ad429",
      "Crcs2Md5": "1ad896ad85ff3e4eafd5dabd47888f90",
      "Sets": {
        "1": [
          "dirtychm"
        ],
        "6": [
          "62197"
        ]
      },
      "Overview": {
        "en": [
          2
        ]
      },
      "Size": 8192,
      "Publishers": [
        0,
        6
      ],
      "Developers": [
        7
      ],
      "ReleaseDate": "1/1/1984",
      "Genres": [
        0
      ]
    },
    {
      "Titles": [
        "Excite Mahjong"
      ],
      "Serials": [
        "GPA115"
      ],
      "Sha1s2Md5": "3e633e350d99070941f284746f0a28a6",
      "Crcs2Md5": "4eccb89c7ee8b08827f0835278ecc275",
      "Sets": {
        "1": [
          "excitemj"
        ],
        "2": [
          "Excite Mahjong (Japan)"
        ],
        "6": [
          "81394"
        ]
      },
      "Overview": {
        "en": [
          6
        ]
      },
      "Size": 16384,
      "Publishers": [
        0,
        6
      ],
      "Developers": [
        0
      ],
      "ReleaseDate": "1/1/1982",
      "Genres": [
        2
      ],
      "Regions": [
        "JP"
      ]
    },
    {
      "Titles": [
        "Fighting Bug"
      ],
      "Serials": [
        "GPA110"
      ],
      "Sha1s2Md5": "4ea521fd67752a054f244909a925e36c",
      "Crcs2Md5": "3076d700e8e15b0323cbb8658c26296c",
      "Sets": {
        "1": [
          "fightbug"
        ],
        "6": [
          "81395"
        ]
      },
      "Size": 8192,
      "Publishers": [
        0,
        11
      ],
      "Developers": [
        10
      ],
      "ReleaseDate": "1/1/1982",
      "Genres": [
        0
      ]
    },
    {
      "Titles": [
        "Hyper Battle Extra Z"
      ],
      "Sha1s2Md5": "f7a4d8976c91ee41abe1886c0cf90d14",
      "Crcs2Md5": "5288e8e77f743bc2095b1a003b7a5b84",
      "Sets": {
        "4": [
          "Hyper Battle Extra Z (1992)(Amano, Jun)"
        ]
      },
      "Size": 65522,
      "Publishers": [
        3
      ],
      "ReleaseDate": "1/1/1992",
      "Languages": [
        "en"
      ]
    },
    {
      "Titles": [
        "Hyper-GX' v2.1"
      ],
      "Sha1s2Md5": "82aebf8c564528a4e8face3774f3c1aa",
      "Crcs2Md5": "93e731758d75aae887e9dde534777510",
      "Sets": {
        "4": [
          "Hyper-GX' v2.1 (2003)(Blue)"
        ]
      },
      "Version": "v2.1",
      "Size": 91456,
      "Publishers": [
        2
      ],
      "ReleaseDate": "1/1/2003",
      "Languages": [
        "en"
      ]
    },
    {
      "Titles": [
        "Kusanagi Sword"
      ],
      "Sha1s2Md5": "94485eac827b7adc218e2eee22096720",
      "Crcs2Md5": "07324a6e742b7d51c856823bd0a93d7e",
      "Sets": {
        "4": [
          "Kusanagi Sword (1990)(Amano, Jun - Amano, Takemi)"
        ]
      },
      "Size": 41683,
      "Publishers": [
        3,
        4
      ],
      "ReleaseDate": "1/1/1990",
      "Languages": [
        "en"
      ]
    },
    {
      "Titles": [
        "Naughty Boy"
      ],
      "Serials": [
        "GPA112"
      ],
      "Sha1s2Md5": "dd99b03e455059f818c7faff94decd21",
      "Crcs2Md5": "450bfa2d1053b90ab6897a3da513d5d2",
      "Sets": {
        "1": [
          "naugtboy"
        ],
        "6": [
          "81396"
        ]
      },
      "Overview": {
        "en": [
          7
        ]
      },
      "Size": 8192,
      "Publishers": [
        0,
        6
      ],
      "Developers": [
        12
      ],
      "ReleaseDate": "1/1/1982",
      "Genres": [
        1
      ]
    },
    {
      "Titles": [
        "Pachinko - UFO",
        "Pachinko-UFO"
      ],
      "Serials": [
        "GPA109"
      ],
      "Sha1s2Md5": "a69b85efe98cdb8209b264511e723c0c",
      "Crcs2Md5": "52ce92cb9324bb208bfa1b48ee78d7bc",
      "Sets": {
        "1": [
          "pachiufo"
        ],
        "2": [
          "Pachinko-UFO (Japan)"
        ],
        "6": [
          "62195"
        ]
      },
      "Overview": {
        "en": [
          1
        ]
      },
      "Size": 16384,
      "Publishers": [
        0,
        6
      ],
      "Developers": [
        0
      ],
      "ReleaseDate": "1/1/1982",
      "Genres": [
        0
      ],
      "Regions": [
        "JP"
      ]
    },
    {
      "Titles": [
        "Pooyan"
      ],
      "Serials": [
        "GPA101"
      ],
      "Sha1s2Md5": "7babe46e5fd79d130abcaccc53041130",
      "Crcs2Md5": "07d86529829324c332ad5eac502df4d5",
      "Sets": {
        "1": [
          "pooyan"
        ],
        "2": [
          "Pooyan (Japan)"
        ],
        "6": [
          "81397"
        ]
      },
      "Overview": {
        "en": [
          8
        ]
      },
      "Size": 8192,
      "Publishers": [
        0,
        6
      ],
      "Developers": [
        8
      ],
      "Tags": [
        0
      ],
      "ReleaseDate": "1/1/1982",
      "Genres": [
        1
      ],
      "Regions": [
        "JP"
      ]
    },
    {
      "Titles": [
        "Space Panic"
      ],
      "Serials": [
        "GPA111"
      ],
      "Sha1s2Md5": "324586a5d0f70d6a7c6d68d72629f9fb",
      "Crcs2Md5": "fb3242ebc5ae89cec9fbdb2755182ef8",
      "Sets": {
        "1": [
          "spcpanic"
        ],
        "6": [
          "81398"
        ]
      },
      "Overview": {
        "en": [
          9
        ]
      },
      "Size": 8192,
      "Publishers": [
        0,
        6
      ],
      "Developers": [
        10
      ],
      "ReleaseDate": "1/1/1983",
      "Genres": [
        0
      ]
    },
    {
      "Titles": [
        "Space Ship 1000C"
      ],
      "Sha1s2Md5": "2967cadda73500a35a154f57ba435286",
      "Crcs2Md5": "5384bc0b1ec437952c5b6d3864071d79",
      "Sets": {
        "4": [
          "Space Ship 1000C (1990)(Amano, Jun)"
        ]
      },
      "Size": 21497,
      "Publishers": [
        3
      ],
      "ReleaseDate": "1/1/1990",
      "Languages": [
        "en"
      ]
    },
    {
      "Titles": [
        "Super Cobra"
      ],
      "Serials": [
        "GPA102"
      ],
      "Sha1s2Md5": "a9ae59157d3b16c1ed327f7262fd3613",
      "Crcs2Md5": "47c3135c45e00b8036c06618017d67c1",
      "Sets": {
        "1": [
          "scobra"
        ],
        "2": [
          "Super Cobra (Japan)"
        ],
        "6": [
          "81399"
        ]
      },
      "Overview": {
        "en": [
          10
        ]
      },
      "Size": 8192,
      "Publishers": [
        0,
        6
      ],
      "Developers": [
        8
      ],
      "ReleaseDate": "1/1/1981",
      "Genres": [
        0
      ],
      "Regions": [
        "JP"
      ]
    },
    {
      "Titles": [
        "Turpin"
      ],
      "Serials": [
        "GPA107"
      ],
      "Sha1s2Md5": "40f8d89b49e51001339b96bbbd261416",
      "Crcs2Md5": "e558d7d125d02d13443391df1592b677",
      "Sets": {
        "1": [
          "turpin"
        ],
        "6": [
          "81400"
        ]
      },
      "Overview": {
        "en": [
          11
        ]
      },
      "Size": 8192,
      "Publishers": [
        0,
        6
      ],
      "Developers": [
        8
      ],
      "ReleaseDate": "1/1/1983",
      "Genres": [
        0
      ]
    },
    {
      "Titles": [
        "Tutankham"
      ],
      "Serials": [
        "GPA103"
      ],
      "Sha1s2Md5": "472be54fa66ccf6b83f2027d613759d8",
      "Crcs2Md5": "1c6c0e88c5237b19888957da4b0bfbbd",
      "Sets": {
        "1": [
          "tutankhm"
        ],
        "6": [
          "81392"
        ]
      },
      "Overview": {
        "en": [
          4
        ]
      },
      "Size": 8192,
      "Publishers": [
        0,
        6
      ],
      "Developers": [
        8
      ],
      "ReleaseDate": "1/1/1982",
      "Genres": [
        0
      ]
    },
    {
      "Titles": [
        "Undead Knight"
      ],
      "Sha1s2Md5": "8364fc7e48c7bdab8f3631325616041e",
      "Crcs2Md5": "be3f51b395893bb860f3d71df1397c5a",
      "Sets": {
        "4": [
          "Undead Knight (1989)(Amano, Jun)"
        ]
      },
      "Size": 31062,
      "Publishers": [
        3
      ],
      "ReleaseDate": "1/1/1989",
      "Languages": [
        "en"
      ]
    },
    {
      "Titles": [
        "Warp & Warp"
      ],
      "Serials": [
        "GPA106"
      ],
      "Sha1s2Md5": "772be5e310216fb4efbc19dc151abb31",
      "Crcs2Md5": "53ed949d233f9f19621236992a7a2e37",
      "Sets": {
        "1": [
          "warpwarp"
        ],
        "6": [
          "81391"
        ]
      },
      "Overview": {
        "en": [
          3
        ]
      },
      "Size": 8192,
      "Publishers": [
        0,
        6
      ],
      "Developers": [
        5
      ],
      "Tags": [
        0
      ],
      "ReleaseDate": "1/1/1981",
      "Genres": [
        1
      ]
    }
  ],
  "Overviews": {
    "en": {
      "0": "Dig Dug is a 1-2 player arcade game in which you have to use your shovel to dig your way through the earth. Stopping you from doing this are two monsters, called Pooka and Fygar, who will continually chase you around. The only weapon that you carry is an air pump, which you can use to inflate the monsters to the point where they explode. (if you start to inflate them but stop doing so, the monsters will get turned back to their normal selves). Furthermore, rocks are scattered throughout the earth, and you can use these rocks to squash them. If the monsters do not find you for several seconds, they will eventually get turned into ghosts, which are able to walk through the earth. They are invincible and cannot be killed. From time to time, vegetables will appear in the center, and you can get these for points.",
      "1": "Pachinko UFO is a simulator of the popular Japanese gambling pastime of pachinko with added computerised action elements. The main screen resembles a typical pachinko unit with pins for balls to bounce on, spinners for balls to put in motion, and baskets for them to land in. The baskets open and close, and so does the big feature in the middle of the screen, an airplane or spaceship with an integrated fruit-machine like counter. When a score specified by the counters is reached, the game changes to a shooter sequence, where the pachinko balls must be used to shoot down aliens. After that, the game continues to the next table. The control mechanism is similar to golf games, in that the longer you press the button, the more power is given to the ball ejection mechanism. This makes for an experience unlike a real pachinko machine, where the perfect power of the ejector is reached by setting a dial at the right angle, after which it can be locked at that angle. In Pachinko UFO, you must hit a perfect timing instead.",
      "2": "A single-screen arcade platformer where you play a sneaky chameleon that wants to eat all hen's eggs, placed in nests on platforms and girders. As a chameleon, you can use your tongue both to pull yourself up to the next platform, to eat eggs and to attack enemies. All the while, the hens attack you by swooping at you and sometimes rolling flashing hard eggs at you, while a big vulture at the top of the screen throws baseballs at you. Once all eggs are eaten and all birds at killed, it's on the to the next screen, but if you leave an egg for too long, it will hatch and a new hen is born.",
      "3": "In this game you 're in control of a monster fighter. A warp zone is set in the middle of the screen. Warp to the next level when it flashes. You should attack the monsters before they catch or shoot you. A frog turns up occasionally, shoot it for bonuses. The monsters become more vicious when they change color (they turn from yellow to red to purple). The red and the purple monsters are severe chasers.",
      "4": "Tutankham is an arcade action game played from a top down point of view. You are an explorer in King Tut's tomb on a mission to retrieve as many of the valuable treasures as you can find. In addition to the treasures, you will also find a key in each of the chambers. This is needed in order to unlock the entrance to the next, more difficult chamber. Be careful, for the tomb is guarded by many dangerous creatures! Cobras, bats, scorpions, and more all appear in the maze and will cause you to lose a life if you're caught! To defend yourself you are armed with a laser gun which you can fire left or right, but not up or down. In each of the mazes you are also give one \"flash\" which can be used to destroy all creatures currently on the screen.\r\n",
      "5": "Amidar is an arcade game programmed by Konami and published in 1981 by Stern. Its basic format is similar to that of Pac-Man: the player moves around a fixed rectilinear lattice, attempting to visit each location on the board while avoiding the enemies. When each spot has been visited, the player moves to the next level.",
      "6": "Excite Mahjong is a Strategy game from Casio Computer Co., Ltd..",
      "7": "Naughty Boy is a Shoot 'Em Up game from Jaleco based on the arcade game of the same name. You stand in the forest but it is not Idyllic, there are several monsters around you and a safety zone behind the red door, which the monsters cannot enter. The same type of doors appear on fences along the side of the screen. Naughty Boy can appear on the other side of the screen by passing through these doors. Naughty Boy must maneuver his way safely through the forest, past the fences and ponds and destroy the flags that are flying on the goblin-guarded fortress with thrown rocks.",
      "8": "\t\r\nIn Pooyan, you play the role of a pig, protecting its piglets from wolves. The first screen takes place near the pigs' home. Mrs. Pig rides up and down in a cable car, shooting at wolves, who are riding balloons downward, towards the ground. If the wolves land safely on the ground, then they can climb a ladder, near the cable-car, and catch Mrs. Pig. But if she shoots their balloons, they splat on the ground instead. The wolves shoot acorns at the pig. But Mrs. Pig has a food based weapon too. If she gets to the top, she can get meat, to toss at the wolves and make them jump off their balloons in pursuit. Each wolf taken out this way is worth bonus points (on a doubling scheme: 400, 800 1600...) The second scene takes place at the wolves lair. Here the wolves have reinforced balloons--it takes multiple hits to make them fall. Here they float upwards toward a big rock, which they push on top of Mrs. Pig, when seven wolves are present. Additionally, an alpha wolf (wolf leader) appears and summons wolves in packs.",
      "9": "A game remarkably similar to Lode Runner, you play an astronaut with limited oxygen (time) chased around by various space aliens. Your only method of dealing with these multicolored threats from space is to dig a hole, lure it into a hole and then manually fill up the hole with the alien in it. Dropping aliens on top of other aliens earns you extra points and eliminates both. Levels get progressively harder and enemies grow faster.",
      "10": "Super Cobra is a side-scrolling shooter based on the arcade game. You're a chopper pilot on a surveillance mission in enemy territory; your goal is to make it through the various obstacle courses alive and score as many points as possible. Tall buildings, mountains, narrow tunnels, and various enemies (such as tanks, rockets, mines, and more) can all get in the way and destroy your chopper if you aren't careful. To help defend yourself, the chopper is armed with a machine gun and bombs which can be used to destroy the enemy tanks and rockets. To make the task more difficult, your chopper has a limited amount of fuel. Throughout the landscapes are fuel tanks; if one of these is shot or bombed, you will be awarded extra fuel. As the levels progress, the enemies become more aggressive, fuel becomes more scarce, and the landscape becomes trickier to navigate.",
      "11": "Turtles, also known as Turpin, puts you into the role of the maternalistic turtle who tries to save the kidturtles from a bunch of bad bugs (or, in some versions, bad cars). It takes place in a Pacman-esque labyrinth, with turtle boxes in the centre and corners of the screen. Run into a box to release the turtle kid inside. Opening a box makes a little house show up, and you must go with the kidturtle to the house before you can release the next one. All the while, you must avoid the bugs/cars running around the maze. If they get too close, you can release a mine which will stun them temporarily. When you run out of mines, you must resupply by passing over a star in the centre of the screen. Beware, though, because the simpleminded bugs become smarter as time passes; this is symbolised by their changing colours. On later levels, those sneaky beetles can also come out of the boxes supposed to hold kidturtles. Watch out! Each level is a floor in a house, and between levels you can see the turtle climbing to the next floor until it reaches the top. However, in the Philips versions, the kidturtles are replaced by people whom the turtle must save from ships, while the bugs are turned into turtle-eating fish."
    }
  },
  "Genres": {
    "0": "Action",
    "1": "Shooter",
    "2": "Strategy"
  },
  "Companies": {
    "0": "Casio",
    "1": "Calderon, Ricardo",
    "2": "Blue",
    "3": "Amano, Jun",
    "4": "Amano, Takemi",
    "5": "Namco",
    "6": "Casio Co.",
    "7": "Tose Co.,",
    "8": "Konami",
    "9": "Stern Electronics",
    "10": "Universal",
    "11": "Taito",
    "12": "Jaleco"
  },
  "Tags": {
    "0": "2 Player"
  }
}