{
  "PlatformName": "Playdia",
  "LastUpdate": "6/25/2022 4:51:31 AM",
  "Games": [
    {
      "Titles": [
        "Aqua Adventure - Blue Lilty"
      ],
      "Sha1s2Md5": "453c5924ee6f6fdec1cb977a587f1b32",
      "Crcs2Md5": "0508081b5ad00fc9fd8c6094d766cc66",
      "Sets": {
        "3": [
          "Aqua Adventure - Blue Lilty (Japan)"
        ],
        "4": [
          "Aqua Adventure - Blue Lilty (1994)(Bandai)(JP)[!]"
        ]
      },
      "Size": 724769022,
      "Publishers": [
        0
      ],
      "Tags": [
        0
      ],
      "ReleaseDate": "1/1/1994",
      "Regions": [
        "JP"
      ]
    },
    {
      "Titles": [
        "Aqua Adventure - Blue Lilty"
      ],
      "Sha1s2Md5": "a5d8d23765f89f3476b920b9d8de035b",
      "Crcs2Md5": "fa2f7a166068fb0ceeb7913db418cf1c",
      "Sets": {
        "4": [
          "Aqua Adventure - Blue Lilty (1994)(Bandai)(JP)[BAPD-06]"
        ]
      },
      "Size": 754352109,
      "Publishers": [
        0
      ],
      "ReleaseDate": "1/1/1994",
      "Regions": [
        "JP"
      ]
    },
    {
      "Titles": [
        "Bandai Item Collection 70'"
      ],
      "Sha1s2Md5": "5836e6a52c37f70ef6b9a24b9c930b2f",
      "Crcs2Md5": "810dd5ae9b31483f62490c8593a9133f",
      "Sets": {
        "3": [
          "Bandai Item Collection 70' (Japan)"
        ]
      },
      "Size": 418221100,
      "Regions": [
        "JP"
      ]
    },
    {
      "Titles": [
        "Bandai Item Collection 70' Playdia Bandai"
      ],
      "Sha1s2Md5": "f737fbfcfbcfad113d5951cfbee89292",
      "Crcs2Md5": "a0a68535055f522bc7cb9cf91dfd2645",
      "Sets": {
        "4": [
          "Bandai Item Collection 70' Playdia Bandai (1995)(Bandai)(JP)[BS-007]"
        ]
      },
      "Size": 435292029,
      "Publishers": [
        0
      ],
      "ReleaseDate": "1/1/1995",
      "Regions": [
        "JP"
      ]
    },
    {
      "Titles": [
        "Bishoujo Senshi Sailor Moon S - Quiz Taiketsu! Sailor Power Shuketsu!!",
        "Bishoujo Senshi Sailor Moon S - Quiz Taiketsu! Sailor Power Shuuketsu!!"
      ],
      "Sha1s2Md5": "ef0eea47133d6a4dc521b7a8a5ff4efc",
      "Crcs2Md5": "0a4f30983b557654ef29896f52aa6828",
      "Sets": {
        "3": [
          "Bishoujo Senshi Sailor Moon S - Quiz Taiketsu! Sailor Power Shuketsu!! (Japan)"
        ],
        "4": [
          "Bishoujo Senshi Sailor Moon S - Quiz Taiketsu! Sailor Power Shuuketsu!! (1994)(Bandai)(JP)[!]"
        ]
      },
      "Size": 745396148,
      "Publishers": [
        0
      ],
      "Tags": [
        0
      ],
      "ReleaseDate": "1/1/1994",
      "Regions": [
        "JP"
      ]
    },
    {
      "Titles": [
        "Bishoujo Senshi Sailor Moon S - Quiz Taiketsu! Sailor Power Shuuketsu!!"
      ],
      "Sha1s2Md5": "27b8ac151bc1566b8848cfeff77d2f48",
      "Crcs2Md5": "377ffc111db85701631109605116ef8a",
      "Sets": {
        "4": [
          "Bishoujo Senshi Sailor Moon S - Quiz Taiketsu! Sailor Power Shuuketsu!! (1994)(Bandai)(JP)[BAPD-02]"
        ]
      },
      "Size": 775821069,
      "Publishers": [
        0
      ],
      "ReleaseDate": "1/1/1994",
      "Regions": [
        "JP"
      ]
    },
    {
      "Titles": [
        "Bishoujo Senshi Sailor Moon SS - Sailor Moon to Hiragana Lesson!"
      ],
      "Sha1s2Md5": "adab6227d7472a6f891bde0d41c802e9",
      "Crcs2Md5": "1a1dbe3a6a653e8e4f5e6938ffed797a",
      "Sets": {
        "4": [
          "Bishoujo Senshi Sailor Moon SS - Sailor Moon to Hiragana Lesson! (1995)(Bandai)(JP)[BAPD-21]"
        ]
      },
      "Size": 806029389,
      "Publishers": [
        0
      ],
      "ReleaseDate": "1/1/1995",
      "Regions": [
        "JP"
      ]
    },
    {
      "Titles": [
        "Bishoujo Senshi Sailor Moon SS - Youkoso! Sailor Youchien"
      ],
      "Sha1s2Md5": "8de05fe40e803b7260021078cc19e6e0",
      "Crcs2Md5": "b2ced5481d24e6de8459b90ead936f07",
      "Sets": {
        "4": [
          "Bishoujo Senshi Sailor Moon SS - Youkoso! Sailor Youchien (1995)(Bandai)(JP)[BAPD-25]"
        ]
      },
      "Size": 805698909,
      "Publishers": [
        0
      ],
      "ReleaseDate": "1/1/1995",
      "Regions": [
        "JP"
      ]
    },
    {
      "Titles": [
        "Bishoujo Senshi Sailor Moon SuperS - Sailor Moon to Hajimete no Eigo"
      ],
      "Sha1s2Md5": "a756fe0015adde9834a87575b4b2ead4",
      "Crcs2Md5": "52294f7d277b1beb559b254e49612500",
      "Sets": {
        "3": [
          "Bishoujo Senshi Sailor Moon SuperS - Sailor Moon to Hajimete no Eigo (Japan)"
        ]
      },
      "Size": 770833024,
      "Regions": [
        "JP"
      ]
    },
    {
      "Titles": [
        "Bishoujo Senshi Sailor Moon SuperS - Sailor Moon to Hiragana Lesson!"
      ],
      "Sha1s2Md5": "589e88303122ee4786a3fb8520f74157",
      "Crcs2Md5": "9704586c4ee8e80b1a514e34bc8e6e0d",
      "Sets": {
        "3": [
          "Bishoujo Senshi Sailor Moon SuperS - Sailor Moon to Hiragana Lesson! (Japan)"
        ]
      },
      "Size": 774419824,
      "Regions": [
        "JP"
      ]
    },
    {
      "Titles": [
        "Bishoujo Senshi Sailor Moon SuperS - Youkoso! Sailor Youchien"
      ],
      "Sha1s2Md5": "9f6e717bae286430dd0c1ac2c19f06d3",
      "Crcs2Md5": "0d40d0502202fea4889762af7dd083ad",
      "Sets": {
        "3": [
          "Bishoujo Senshi Sailor Moon SuperS - Youkoso! Sailor Youchien (Japan)"
        ]
      },
      "Size": 774102290,
      "Regions": [
        "JP"
      ]
    },
    {
      "Titles": [
        "Chougoukin Selections"
      ],
      "Sha1s2Md5": "423b6b7c39b7b4b24c32db21e77608fa",
      "Crcs2Md5": "7221b16dfd02b2c9b07392b7f23ed766",
      "Sets": {
        "3": [
          "Chougoukin Selections (Japan)"
        ]
      },
      "Size": 742808758,
      "Regions": [
        "JP"
      ]
    },
    {
      "Titles": [
        "Dragon Ball Z - Shin Saiyajin Zetsumetsu Keikaku - Chikyuu Hen",
        "Dragon Ball Z - Shin Saiyajin Zetsumetsu Keikaku Chikyuu Hen"
      ],
      "Sha1s2Md5": "c4cae1f82475228aa571ae39245f83a9",
      "Crcs2Md5": "af7f4353fa7ff4e730836b88d8755c02",
      "Sets": {
        "3": [
          "Dragon Ball Z - Shin Saiyajin Zetsumetsu Keikaku - Chikyuu Hen (Japan)"
        ],
        "4": [
          "Dragon Ball Z - Shin Saiyajin Zetsumetsu Keikaku Chikyuu Hen (1994)(Bandai)(JP)[!]"
        ]
      },
      "Size": 771726772,
      "Publishers": [
        0
      ],
      "Tags": [
        0
      ],
      "ReleaseDate": "1/1/1994",
      "Regions": [
        "JP"
      ]
    },
    {
      "Titles": [
        "Dragon Ball Z - Shin Saiyajin Zetsumetsu Keikaku - Uchuu Hen",
        "Dragon Ball Z - Shin Saiyajin Zetsumetsu Keikaku Uchuu Hen"
      ],
      "Sha1s2Md5": "0364e33b0a92e86cf310b92c4645db10",
      "Crcs2Md5": "cfe54747b883e4098aee4a1bcc506359",
      "Sets": {
        "3": [
          "Dragon Ball Z - Shin Saiyajin Zetsumetsu Keikaku - Uchuu Hen (Japan)"
        ],
        "4": [
          "Dragon Ball Z - Shin Saiyajin Zetsumetsu Keikaku Uchuu Hen (1994)(Bandai)(JP)"
        ]
      },
      "Size": 779817648,
      "Publishers": [
        0
      ],
      "ReleaseDate": "1/1/1994",
      "Regions": [
        "JP"
      ]
    },
    {
      "Titles": [
        "Dragon Ball Z - Shin Saiyajin Zetsumetsu Keikaku Chikyuu Hen"
      ],
      "Sha1s2Md5": "0825f860dec37c0acdc583518037346b",
      "Crcs2Md5": "e8f13ed76236b51718ef444010d019cc",
      "Sets": {
        "4": [
          "Dragon Ball Z - Shin Saiyajin Zetsumetsu Keikaku Chikyuu Hen (1994)(Bandai)(JP)[BAPD-01]"
        ]
      },
      "Size": 803226429,
      "Publishers": [
        0
      ],
      "ReleaseDate": "1/1/1994",
      "Regions": [
        "JP"
      ]
    },
    {
      "Titles": [
        "Elements Voice Series - Aya Hisakawa - Forest Sways"
      ],
      "Sha1s2Md5": "b1ee4568c0edf6272a7b8b84f0473707",
      "Crcs2Md5": "f3ef8c92f5892439ca521f3f64477be9",
      "Sets": {
        "3": [
          "Elements Voice Series - Aya Hisakawa - Forest Sways (Japan)"
        ],
        "4": [
          "Elements Voice Series - Aya Hisakawa - Forest Sways (1995)(Bandai)(JP)"
        ]
      },
      "Size": 777042270,
      "Publishers": [
        0
      ],
      "ReleaseDate": "1/1/1995",
      "Regions": [
        "JP"
      ]
    },
    {
      "Titles": [
        "Elements Voice Series - Aya Hisakawa - Forest Sways"
      ],
      "Sha1s2Md5": "b475262b4f438431f3f513643c7acc0f",
      "Crcs2Md5": "5414f89de3e2fbf813c4466e7c788efc",
      "Sets": {
        "4": [
          "Elements Voice Series - Aya Hisakawa - Forest Sways (1995)(Bandai)(JP)[BAPD-20]"
        ]
      },
      "Size": 808758908,
      "Publishers": [
        0
      ],
      "ReleaseDate": "1/1/1995",
      "Regions": [
        "JP"
      ]
    },
    {
      "Titles": [
        "Elements Voice Series - Mariko Kouda - Welcome to the Marikotown!"
      ],
      "Sha1s2Md5": "f057c6eba180f9687a0ba35de49212bc",
      "Crcs2Md5": "b892b6be9cf37ee536b9793307cc3848",
      "Sets": {
        "3": [
          "Elements Voice Series - Mariko Kouda - Welcome to the Marikotown! (Japan)"
        ]
      },
      "Size": 775995681,
      "Regions": [
        "JP"
      ]
    },
    {
      "Titles": [
        "Elements Voice Series - Mika Kanai - Wind & Breeze"
      ],
      "Sha1s2Md5": "0ea4cb32ae9d143c93ceef0a493d04e3",
      "Crcs2Md5": "1ba97f0c605f2fe0e18f625ce1ee32d4",
      "Sets": {
        "3": [
          "Elements Voice Series - Mika Kanai - Wind & Breeze (Japan)"
        ],
        "4": [
          "Elements Voice Series - Mika Kanai - Wind & Breeze (1995)(Bandai)(JP)"
        ]
      },
      "Size": 463932268,
      "Publishers": [
        0
      ],
      "ReleaseDate": "1/1/1995",
      "Regions": [
        "JP"
      ]
    },
    {
      "Titles": [
        "Elements Voice Series - Mika Kanai - Wind & Breeze"
      ],
      "Sha1s2Md5": "1b539f7e0280471e52c4dfc6b2f51763",
      "Crcs2Md5": "a289ed7a445d37dd3cb28780c91b140f",
      "Sets": {
        "4": [
          "Elements Voice Series - Mika Kanai - Wind & Breeze (1995)(Bandai)(JP)[BAPD-18]"
        ]
      },
      "Size": 482868908,
      "Publishers": [
        0
      ],
      "ReleaseDate": "1/1/1995",
      "Regions": [
        "JP"
      ]
    },
    {
      "Titles": [
        "Elements Voice Series - Rica Fukami - Private Step"
      ],
      "Sha1s2Md5": "add2fcfb429fcb1d9da22dfb60d29891",
      "Crcs2Md5": "57fd93a2ef344555a91dc4540b36b564",
      "Sets": {
        "3": [
          "Elements Voice Series - Rica Fukami - Private Step (Japan)"
        ],
        "4": [
          "Elements Voice Series - Rica Fukami - Private Step (1995)(Bandai)(JP)"
        ]
      },
      "Size": 753969148,
      "Publishers": [
        0
      ],
      "ReleaseDate": "1/1/1995",
      "Regions": [
        "JP"
      ]
    },
    {
      "Titles": [
        "Elements Voice Series - Rica Fukami - Private Step"
      ],
      "Sha1s2Md5": "5af603a9df49f32d5b46d97d8cc95bdd",
      "Crcs2Md5": "dbbe6f25e308bae3fd84539cfa5fb68a",
      "Sets": {
        "4": [
          "Elements Voice Series - Rica Fukami - Private Step (1995)(Bandai)(JP)[BAPD-19]"
        ]
      },
      "Size": 784744029,
      "Publishers": [
        0
      ],
      "ReleaseDate": "1/1/1995",
      "Regions": [
        "JP"
      ]
    },
    {
      "Titles": [
        "Elements Voice Series - Yuri Shiratori - Rainbow Harmony"
      ],
      "Sha1s2Md5": "5f725bd1f7cbe59a96d650ae4f3ae53b",
      "Crcs2Md5": "8afc6815bb58fe9dd3920779fdf1624c",
      "Sets": {
        "3": [
          "Elements Voice Series - Yuri Shiratori - Rainbow Harmony (Japan)"
        ]
      },
      "Size": 779653023,
      "Regions": [
        "JP"
      ]
    },
    {
      "Titles": [
        "Gamera - The Time Adventure"
      ],
      "Sha1s2Md5": "b9b765de9f398d2eddeb9c7a2fecf8db",
      "Crcs2Md5": "7b963a395d019778319eb42f2c8eff57",
      "Sets": {
        "3": [
          "Gamera - The Time Adventure (Japan)"
        ]
      },
      "Size": 762989022,
      "Regions": [
        "JP"
      ]
    },
    {
      "Titles": [
        "Gamera - The Time Adventure"
      ],
      "Sha1s2Md5": "6a080ce21b48966aed5b9d30b64dbb1b",
      "Crcs2Md5": "3ba0e666ada9b9b98dc87dad4c5945dd",
      "Sets": {
        "4": [
          "Gamera - The Time Adventure (1995)(Bandai)(JP)[BAPD-15]"
        ]
      },
      "Size": 794132108,
      "Publishers": [
        0
      ],
      "ReleaseDate": "1/1/1995",
      "Regions": [
        "JP"
      ]
    },
    {
      "Titles": [
        "Go! Go! Ackman Planet"
      ],
      "Sha1s2Md5": "ad4cc6f81061bf316019b2362c217cf2",
      "Crcs2Md5": "fc552ab0eddcea5ae64b0fe4e584dd2d",
      "Sets": {
        "3": [
          "Go! Go! Ackman Planet (Japan)"
        ]
      },
      "Size": 347073090,
      "Regions": [
        "JP"
      ]
    },
    {
      "Titles": [
        "Hello Kitty - Yume no Kuni Daiboken"
      ],
      "Sha1s2Md5": "572e6a098a0367dfb520afe5da84e506",
      "Crcs2Md5": "b562878d8f99f8840dd7cce2a9e76f9c",
      "Sets": {
        "3": [
          "Hello Kitty - Yume no Kuni Daiboken (Japan)"
        ]
      },
      "Size": 712456318,
      "Regions": [
        "JP"
      ]
    },
    {
      "Titles": [
        "Hello Kitty - Yume no Kuni Daiboken"
      ],
      "Sha1s2Md5": "3337ccf8376e9fa91952b614091c6dd1",
      "Crcs2Md5": "b5d019be90bb7fd1f5c3dd122b922019",
      "Sets": {
        "4": [
          "Hello Kitty - Yume no Kuni Daiboken (1994)(Bandai)(JP)[BAPD-05]"
        ]
      },
      "Size": 741536829,
      "Publishers": [
        0
      ],
      "ReleaseDate": "1/1/1994",
      "Regions": [
        "JP"
      ]
    },
    {
      "Titles": [
        "Ie Naki Ko - Suzu no Sentaku"
      ],
      "Sha1s2Md5": "2f63e26f1154b77023f73641e9fd810f",
      "Crcs2Md5": "fdda77b3b970177529b9127644307038",
      "Sets": {
        "3": [
          "Ie Naki Ko - Suzu no Sentaku (Japan)"
        ],
        "4": [
          "Ie Naki Ko - Suzu no Sentaku (1995)(VAP)(JP)"
        ]
      },
      "Size": 766599344,
      "Publishers": [
        1
      ],
      "ReleaseDate": "1/1/1995",
      "Regions": [
        "JP"
      ]
    },
    {
      "Titles": [
        "Ie Naki Ko - Suzu no Sentaku"
      ],
      "Sha1s2Md5": "8933660882cb431d533237034e953fc2",
      "Crcs2Md5": "55998bf1b4fecc7525bea9b974f43e42",
      "Sets": {
        "4": [
          "Ie Naki Ko - Suzu no Sentaku (1995)(VAP)(JP)[VPRJ-09722]"
        ]
      },
      "Size": 797889789,
      "Publishers": [
        1
      ],
      "ReleaseDate": "1/1/1995",
      "Regions": [
        "JP"
      ]
    },
    {
      "Titles": [
        "Newton Museum - Kyoryu Nendaiki Kohen"
      ],
      "Sha1s2Md5": "e4caecf513750dd2a3fde499a1707f39",
      "Crcs2Md5": "fded2c337d8b9db4a35680f95c5055f3",
      "Sets": {
        "3": [
          "Newton Museum - Kyoryu Nendaiki Kohen (Japan)"
        ]
      },
      "Size": 763224242,
      "Regions": [
        "JP"
      ]
    },
    {
      "Titles": [
        "Newton Museum - Kyoryu Nendaiki Zenpen"
      ],
      "Sha1s2Md5": "a8f43e943c34395a29d7ef86e6cdf55a",
      "Crcs2Md5": "e04585f1164fbaeb4f06eb3f8e2fd858",
      "Sets": {
        "3": [
          "Newton Museum - Kyoryu Nendaiki Zenpen (Japan)"
        ]
      },
      "Size": 772255924,
      "Regions": [
        "JP"
      ]
    },
    {
      "Titles": [
        "Nintama Rantarou - Gungun Nobiru Chinou-hen"
      ],
      "Sha1s2Md5": "772c5ddc48a8cdcb299cb3d93ecf8464",
      "Crcs2Md5": "a081e8272f373df7890bd0b4c070f171",
      "Sets": {
        "3": [
          "Nintama Rantarou - Gungun Nobiru Chinou-hen (Japan)"
        ]
      },
      "Size": 672495877,
      "Regions": [
        "JP"
      ]
    },
    {
      "Titles": [
        "Norimono Banzai!! Densha Daishuugou!!"
      ],
      "Sha1s2Md5": "bacdd439b2400c9018749d12739ecb28",
      "Crcs2Md5": "56442b79692cb91fe63760f21e052135",
      "Sets": {
        "3": [
          "Norimono Banzai!! Densha Daishuugou!! (Japan)"
        ]
      },
      "Size": 561222722,
      "Regions": [
        "JP"
      ]
    },
    {
      "Titles": [
        "Norimono Banzai!! Kuruma Daishuugou!!"
      ],
      "Sha1s2Md5": "a96f4744d180d17d5dcb7e7a9daad8db",
      "Crcs2Md5": "4a7b43b3f966cc37f09acfff71d76979",
      "Sets": {
        "3": [
          "Norimono Banzai!! Kuruma Daishuugou!! (Japan)"
        ]
      },
      "Size": 556448162,
      "Regions": [
        "JP"
      ]
    },
    {
      "Titles": [
        "SD Gundam - Daizukan"
      ],
      "Sha1s2Md5": "2e046190f4ca1a9c6140732c85847c34",
      "Crcs2Md5": "7e9328ce449866c1d8443b2e95eb3197",
      "Sets": {
        "3": [
          "SD Gundam - Daizukan (Japan)"
        ]
      },
      "Size": 777618334,
      "Regions": [
        "JP"
      ]
    },
    {
      "Titles": [
        "SD Gundam Daizukan"
      ],
      "Sha1s2Md5": "29a92ce294e895b2e6ab525e4354ec9c",
      "Crcs2Md5": "28d36f710c160db5355918f2262438a1",
      "Sets": {
        "4": [
          "SD Gundam Daizukan (1994)(Bandai)(JP)[BAPD-03]"
        ]
      },
      "Size": 809358515,
      "Publishers": [
        0
      ],
      "ReleaseDate": "1/1/1994",
      "Regions": [
        "JP"
      ]
    },
    {
      "Titles": [
        "Shuppatsu! Dobutsu Tankentai"
      ],
      "Sha1s2Md5": "b480c88a0955671b795363fdd350d9f0",
      "Crcs2Md5": "1b2908037bc68fbed22928e96a3f53ca",
      "Sets": {
        "3": [
          "Shuppatsu! Dobutsu Tankentai (Japan)"
        ]
      },
      "Size": 747418784,
      "Regions": [
        "JP"
      ]
    },
    {
      "Titles": [
        "Soreike! Anpanman - Picnic de Obenkyou"
      ],
      "Sha1s2Md5": "895b3a4802da40970696397aad287094",
      "Crcs2Md5": "74bff5c0df12126a251c02ec0ec4822d",
      "Sets": {
        "3": [
          "Soreike! Anpanman - Picnic de Obenkyou (Japan)"
        ]
      },
      "Size": 775125364,
      "Regions": [
        "JP"
      ]
    },
    {
      "Titles": [
        "Soreike! Anpanman - Picnic de Obenkyou"
      ],
      "Sha1s2Md5": "4fdc0e10b06d6c2fbc5fa748cd2caa27",
      "Crcs2Md5": "50c743a3522c46c58591be1a4361be28",
      "Sets": {
        "4": [
          "Soreike! Anpanman - Picnic de Obenkyou (1995)(Bandai)(JP)[BAPD-27]"
        ]
      },
      "Size": 806763789,
      "Publishers": [
        0
      ],
      "ReleaseDate": "1/1/1995",
      "Regions": [
        "JP"
      ]
    },
    {
      "Titles": [
        "Ultra Seven - Chikyu Boei Sakusen",
        "Urutora Sebun - Chikyuu Bouei Sakusen"
      ],
      "Sha1s2Md5": "e9a8d687191a9ea26588245aee9c3bd5",
      "Crcs2Md5": "9b984942eb91572e95110ac384cc4aa6",
      "Sets": {
        "3": [
          "Ultra Seven - Chikyu Boei Sakusen (Japan)"
        ],
        "4": [
          "Urutora Sebun - Chikyuu Bouei Sakusen (1994)(Bandai)(JP)"
        ]
      },
      "Size": 652409754,
      "Publishers": [
        0
      ],
      "ReleaseDate": "1/1/1994",
      "Regions": [
        "JP"
      ]
    },
    {
      "Titles": [
        "Ultraman - Alphabet TV e Youkoso"
      ],
      "Sha1s2Md5": "2fffd34d8806687acc29697b325b1582",
      "Crcs2Md5": "64114d49dbe4405809ffef3c70d2abe9",
      "Sets": {
        "3": [
          "Ultraman - Alphabet TV e Youkoso (Japan)"
        ]
      },
      "Size": 514265032,
      "Regions": [
        "JP"
      ]
    },
    {
      "Titles": [
        "Ultraman - Alphabet TV e Youkoso"
      ],
      "Sha1s2Md5": "cadbcbcdd7788e494584af9981c32ad9",
      "Crcs2Md5": "35f822df84a9dafb391087a64dca706d",
      "Sets": {
        "4": [
          "Ultraman - Alphabet TV e Youkoso (1995)(Bandai)(JP)[BAPD-23]"
        ]
      },
      "Size": 535256109,
      "Publishers": [
        0
      ],
      "ReleaseDate": "1/1/1995",
      "Regions": [
        "JP"
      ]
    },
    {
      "Titles": [
        "Ultraman - Chinou UP Daisakusen",
        "Ultraman - Ultraman Chinou UP Dai Sakusen"
      ],
      "Sha1s2Md5": "f443dc64e615ca5d2924212532195532",
      "Crcs2Md5": "9ec9ad40ea2de9a8b0e6b7d15066d49c",
      "Sets": {
        "3": [
          "Ultraman - Chinou UP Daisakusen (Japan)"
        ],
        "4": [
          "Ultraman - Ultraman Chinou UP Dai Sakusen (1996)(Bandai)(JP)"
        ]
      },
      "Size": 660818150,
      "Publishers": [
        0
      ],
      "ReleaseDate": "1/1/1996",
      "Regions": [
        "JP"
      ]
    },
    {
      "Titles": [
        "Ultraman - Hiragana Daisakusen"
      ],
      "Sha1s2Md5": "c4e4611d1020f73ba54c39e0d4aaf390",
      "Crcs2Md5": "5a5e3bbcf0e3a52ae977e8ba4914d085",
      "Sets": {
        "3": [
          "Ultraman - Hiragana Daisakusen (Japan)"
        ]
      },
      "Size": 779217828,
      "Regions": [
        "JP"
      ]
    },
    {
      "Titles": [
        "Ultraman - Oide yo! Ultra Youchien"
      ],
      "Sha1s2Md5": "88799fda0eaf1f7ae47ef6a30e8d5515",
      "Crcs2Md5": "24badc95adf9d1748c0a26890c7b54e2",
      "Sets": {
        "3": [
          "Ultraman - Oide yo! Ultra Youchien (Japan)"
        ]
      },
      "Size": 689700716,
      "Regions": [
        "JP"
      ]
    },
    {
      "Titles": [
        "Ultraman - Oide yo! Ultra Youchien"
      ],
      "Sha1s2Md5": "382ca6bd802ccb9e719c8ce69d4b9050",
      "Crcs2Md5": "cbb04e24df102b9b8cfbc43642fecf4f",
      "Sets": {
        "4": [
          "Ultraman - Oide yo! Ultra Youchien (1995)(Bandai)(JP)[BAPD-26]"
        ]
      },
      "Size": 717852429,
      "Publishers": [
        0
      ],
      "ReleaseDate": "1/1/1995",
      "Regions": [
        "JP"
      ]
    },
    {
      "Titles": [
        "Ultraman - Suuji de Asobou Ultra Land"
      ],
      "Sha1s2Md5": "b2e17b2c49d1b28be0be20358c47f0d8",
      "Crcs2Md5": "617d40fd6fba63cc0e009e12e7252c0e",
      "Sets": {
        "3": [
          "Ultraman - Suuji de Asobou Ultra Land (Japan)"
        ]
      },
      "Size": 725098322,
      "Regions": [
        "JP"
      ]
    },
    {
      "Titles": [
        "Ultraman - Ultraman Chinou UP Dai Sakusen"
      ],
      "Sha1s2Md5": "9308a5c0dbdf6fb948953e60c19d3ed7",
      "Crcs2Md5": "e8dba3ed896bad139f36eb9611dfa8be",
      "Sets": {
        "4": [
          "Ultraman - Ultraman Chinou UP Dai Sakusen (1996)(Bandai)(JP)[BAPD-29]"
        ]
      },
      "Size": 687790989,
      "Publishers": [
        0
      ],
      "ReleaseDate": "1/1/1996",
      "Regions": [
        "JP"
      ]
    },
    {
      "Titles": [
        "Ultraman Powered - Kaiju Gekimetsu Sakusen",
        "Ultraman Powered - Kaijuu Gekimetsu Sakusen"
      ],
      "Sha1s2Md5": "27eebc069ad8d1f005024e2b476998ba",
      "Crcs2Md5": "f4c9eedb331f169bc971f4175e1cc23b",
      "Sets": {
        "3": [
          "Ultraman Powered - Kaiju Gekimetsu Sakusen (Japan)"
        ],
        "4": [
          "Ultraman Powered - Kaijuu Gekimetsu Sakusen (1994)(Bandai)(JP)[!]"
        ]
      },
      "Size": 695345532,
      "Publishers": [
        0
      ],
      "Tags": [
        0
      ],
      "ReleaseDate": "1/1/1994",
      "Regions": [
        "JP"
      ]
    },
    {
      "Titles": [
        "Ultraman Powered - Kaijuu Gekimetsu Sakusen"
      ],
      "Sha1s2Md5": "355cf076caf5de40c92e90619422b28c",
      "Crcs2Md5": "8f3e06fcd49114984d9b0ed74483f70c",
      "Sets": {
        "4": [
          "Ultraman Powered - Kaijuu Gekimetsu Sakusen (1994)(Bandai)(JP)[BAPD-04]"
        ]
      },
      "Size": 723727629,
      "Publishers": [
        0
      ],
      "ReleaseDate": "1/1/1994",
      "Regions": [
        "JP"
      ]
    }
  ],
  "Overviews": {},
  "Genres": {},
  "Companies": {
    "0": "Bandai",
    "1": "VAP"
  },
  "Tags": {
    "0": "Verified"
  }
}