{
  "PlatformName": "Studio II",
  "LastUpdate": "6/25/2022 4:53:16 AM",
  "Games": [
    {
      "Titles": [
        "[BIOS] RCA Studio II"
      ],
      "Sha1s2Md5": "d6a189665d6901fe15f168eff9a72731",
      "Crcs2Md5": "28c08ea2e0f31bfeab61277b6eb9c495",
      "Sets": {
        "2": [
          "[BIOS] RCA Studio II (USA)"
        ]
      },
      "Size": 2048,
      "Tags": [
        0
      ],
      "Regions": [
        "US"
      ],
      "Languages": [
        "en"
      ]
    },
    {
      "Titles": [
        "Bingo"
      ],
      "Serials": [
        "MG201"
      ],
      "Sha1s2Md5": "8d586393d14530bc558905cf202eb000",
      "Crcs2Md5": "2d42f31f31e627a42d575c50b84680c9",
      "Sets": {
        "1": [
          "bingo"
        ],
        "4": [
          "Bingo (1978)(Hanimex)[MG-201]"
        ]
      },
      "Size": 1024,
      "Publishers": [
        1
      ],
      "ReleaseDate": "1/1/1978",
      "Languages": [
        "en"
      ]
    },
    {
      "Titles": [
        "Combat"
      ],
      "Sha1s2Md5": "77546915c2f4769113bf7a94fd0af8ad",
      "Crcs2Md5": "b042864196c29ad3609648bacb99fd54",
      "Sets": {
        "4": [
          "Combat (2000)(Paul Robson)"
        ]
      },
      "Size": 31195,
      "Publishers": [
        2
      ],
      "ReleaseDate": "1/1/2000",
      "Languages": [
        "en"
      ]
    },
    {
      "Titles": [
        "Combat"
      ],
      "Sha1s2Md5": "795834d757b2e370936a9dcb9bf9df2b",
      "Crcs2Md5": "4a75c9d644cfe6aceff6877cffa70c23",
      "Sets": {
        "4": [
          "Combat (2000)(Paul Robson)"
        ]
      },
      "Size": 1280,
      "Publishers": [
        2
      ],
      "ReleaseDate": "1/1/2000",
      "Languages": [
        "en"
      ]
    },
    {
      "Titles": [
        "Concentration Match"
      ],
      "Serials": [
        "MG202"
      ],
      "Sha1s2Md5": "8713dae9c31ecb6419df7474adc7573f",
      "Crcs2Md5": "178336ed24c0e2ea3a7c5307effd98da",
      "Sets": {
        "1": [
          "conmatch"
        ],
        "4": [
          "Concentration Match (1978)(Hanimex)(EU)[MG-202]"
        ]
      },
      "Size": 1024,
      "Publishers": [
        1
      ],
      "ReleaseDate": "1/1/1978",
      "Regions": [
        "EU"
      ]
    },
    {
      "Titles": [
        "Grand Pack"
      ],
      "Serials": [
        "MG200"
      ],
      "Sha1s2Md5": "ebeff86f21d64374bebe9416866ebd86",
      "Crcs2Md5": "a48d84691921c2c21685f7b44f58c136",
      "Sets": {
        "1": [
          "grandpak"
        ]
      },
      "Size": 2048,
      "Publishers": [
        1
      ],
      "ReleaseDate": "1/1/1978"
    },
    {
      "Titles": [
        "Grand Pack"
      ],
      "Sha1s2Md5": "25a8a48626b374736bc4ce7eecd019f6",
      "Crcs2Md5": "7833499ab1ed94c23e141852cfc678ff",
      "Sets": {
        "4": [
          "Grand Pack (1978)(Hanimex)(EU)[86677b][MG-200]"
        ]
      },
      "Size": 1024,
      "Publishers": [
        1
      ],
      "ReleaseDate": "1/1/1978",
      "Regions": [
        "EU"
      ]
    },
    {
      "Titles": [
        "Grand Pack"
      ],
      "Sha1s2Md5": "4d9de621c56d6778a8594bbc8a92dd36",
      "Crcs2Md5": "f1de8fe91c46d65e99616efe015545c6",
      "Sets": {
        "4": [
          "Grand Pack (1978)(Hanimex)(EU)[87201][MG-200]"
        ]
      },
      "Size": 1024,
      "Publishers": [
        1
      ],
      "ReleaseDate": "1/1/1978",
      "Regions": [
        "EU"
      ]
    },
    {
      "Titles": [
        "Hockey"
      ],
      "Sha1s2Md5": "a29ba632eb620c3b7c4d5a4f267787d8",
      "Crcs2Md5": "8f70feb69c8f4877204c6bfc1181a149",
      "Sets": {
        "4": [
          "Hockey (2000)(Paul Robson)"
        ]
      },
      "Size": 24578,
      "Publishers": [
        2
      ],
      "ReleaseDate": "1/1/2000",
      "Languages": [
        "en"
      ]
    },
    {
      "Titles": [
        "Hockey"
      ],
      "Sha1s2Md5": "67257a2f3e649ac14d9cab6c0dcffd81",
      "Crcs2Md5": "da90c0b89e9c6ca4957a29334af569d3",
      "Sets": {
        "4": [
          "Hockey (2000)(Paul Robson)"
        ]
      },
      "Size": 1280,
      "Publishers": [
        2
      ],
      "ReleaseDate": "1/1/2000",
      "Languages": [
        "en"
      ]
    },
    {
      "Titles": [
        "Pinball"
      ],
      "Serials": [
        "MG205"
      ],
      "Sha1s2Md5": "c767653802d67842a52e538c0e78f6b6",
      "Crcs2Md5": "80c3d70f3cf00e7fb494a78ef93439d1",
      "Sets": {
        "1": [
          "pinball"
        ],
        "4": [
          "Pinball (1978)(Hanimex)(EU)[MG-205]"
        ]
      },
      "Size": 1024,
      "Publishers": [
        1
      ],
      "ReleaseDate": "1/1/1978",
      "Regions": [
        "EU"
      ]
    },
    {
      "Titles": [
        "RCA demo"
      ],
      "Sha1s2Md5": "454a3b3b7b9ff4b6e0a329bb95cf12e6",
      "Crcs2Md5": "44f1df18e7de39c7cb7e3c0719d552da",
      "Sets": {
        "1": [
          "demo"
        ]
      },
      "Size": 1024,
      "Publishers": [
        0
      ],
      "ReleaseDate": "1/1/1977"
    },
    {
      "Titles": [
        "Space Invaders"
      ],
      "Sha1s2Md5": "5c7c3782b7f2b36eba991ae56d2bf841",
      "Crcs2Md5": "5a4b196cc27cb9b10ec2fca0318e29a2",
      "Sets": {
        "4": [
          "Space Invaders (2000)(Paul Robson)"
        ]
      },
      "Size": 33490,
      "Publishers": [
        2
      ],
      "ReleaseDate": "1/1/2000",
      "Languages": [
        "en"
      ]
    },
    {
      "Titles": [
        "Space Invaders"
      ],
      "Sha1s2Md5": "8fb283d58a3ca03c905b5d8a4a45e5bc",
      "Crcs2Md5": "ed10292e890c5ac598b2a66fe6642666",
      "Sets": {
        "4": [
          "Space Invaders (2000)(Paul Robson)"
        ]
      },
      "Size": 1280,
      "Publishers": [
        2
      ],
      "ReleaseDate": "1/1/2000",
      "Languages": [
        "en"
      ]
    },
    {
      "Titles": [
        "Speedway",
        "Tag",
        "Speedway - Tag"
      ],
      "Serials": [
        "MG211"
      ],
      "Sha1s2Md5": "4800e77fee6159050b8a70f14cbe493d",
      "Crcs2Md5": "08900cba7fd6928c14e2e65b82c86ee1",
      "Sets": {
        "1": [
          "speedwaya"
        ],
        "4": [
          "Speedway - Tag (1978)(Hanimex)[MG-211]"
        ]
      },
      "Size": 1024,
      "Publishers": [
        1
      ],
      "CloneOf": "speedway",
      "ReleaseDate": "1/1/1978",
      "Languages": [
        "en"
      ]
    },
    {
      "Titles": [
        "Star Wars"
      ],
      "Serials": [
        "MG203"
      ],
      "Sha1s2Md5": "528131e09ab8c48ba351b789dfcb3beb",
      "Crcs2Md5": "a9bbcde63e84835dfb68a1f5106fc0a7",
      "Sets": {
        "1": [
          "starwars"
        ],
        "4": [
          "Star Wars (1978)(Hanimex)[MG-203]"
        ]
      },
      "Size": 1024,
      "Publishers": [
        1
      ],
      "ReleaseDate": "1/1/1978",
      "Languages": [
        "en"
      ]
    },
    {
      "Titles": [
        "TV Arcade",
        "TV Arcade Speedway - Tag"
      ],
      "Sha1s2Md5": "26982a9edbd78a236b351a26f2869e9f",
      "Crcs2Md5": "3c89e24b7ab2fa46220cabdf89e46758",
      "Sets": {
        "2": [
          "TV Arcade V - Speedway + Tag (USA)"
        ],
        "4": [
          "TV Arcade Speedway - Tag (1976)(RCA)"
        ]
      },
      "Version": "V - Speedway + Tag",
      "Size": 768,
      "Publishers": [
        0
      ],
      "ReleaseDate": "1/1/1976",
      "Regions": [
        "US"
      ],
      "Languages": [
        "en"
      ]
    },
    {
      "Titles": [
        "TV Arcade I: Space War",
        "TV Arcade I - Space War",
        "TV Arcade I - Spacewar"
      ],
      "Sha1s2Md5": "a8d3d52f4705b9da7f5381a8aeea6f9a",
      "Crcs2Md5": "ac7fcfee4cbaa78654820b0fead29d87",
      "Sets": {
        "2": [
          "TV Arcade I - Space War (USA)"
        ],
        "4": [
          "TV Arcade I - Spacewar (1976)(RCA)"
        ],
        "6": [
          "40956"
        ]
      },
      "Overview": {
        "en": [
          0
        ]
      },
      "Size": 768,
      "Publishers": [
        0
      ],
      "Tags": [
        1
      ],
      "ReleaseDate": "1/1/1976",
      "Genres": [
        0
      ],
      "Regions": [
        "US"
      ],
      "Languages": [
        "en"
      ]
    },
    {
      "Titles": [
        "TV Arcade I: Spacewar",
        "TV Arcade Series I - Spacewar"
      ],
      "Serials": [
        "18V400"
      ],
      "Sha1s2Md5": "a0fbb7b342503c9d87400f47b67880e1",
      "Crcs2Md5": "c0f074b54d69c8bb7ee55e2fbb163db7",
      "Sets": {
        "1": [
          "spacewar"
        ],
        "4": [
          "TV Arcade Series I - Spacewar (1977)(RCA)[18V400]"
        ]
      },
      "Size": 512,
      "Publishers": [
        0
      ],
      "ReleaseDate": "1/1/1977",
      "Languages": [
        "en"
      ]
    },
    {
      "Titles": [
        "TV Arcade II: Fun with Numbers",
        "TV Arcade II - Fun with Numbers"
      ],
      "Serials": [
        "18V401"
      ],
      "Sha1s2Md5": "4fdfbab22d41934187d59e62ad282549",
      "Crcs2Md5": "bf604219ad8cfbd1bf5a9cdeb30da867",
      "Sets": {
        "1": [
          "funwnum"
        ],
        "4": [
          "TV Arcade II - Fun with Numbers (1977)(RCA)(US)[18V401]"
        ],
        "6": [
          "40957"
        ]
      },
      "Overview": {
        "en": [
          1
        ]
      },
      "Size": 512,
      "Publishers": [
        0
      ],
      "Tags": [
        1
      ],
      "ReleaseDate": "1/1/1977",
      "Genres": [
        1
      ],
      "Regions": [
        "US"
      ],
      "Languages": [
        "en"
      ]
    },
    {
      "Titles": [
        "TV Arcade III - Tennis + Squash",
        "TV Arcade III - Tennis-Squash"
      ],
      "Sha1s2Md5": "05dbad992a1fdc2a6af547cc70ddff0e",
      "Crcs2Md5": "108c1af37801705dda476be2ce560ba2",
      "Sets": {
        "2": [
          "TV Arcade III - Tennis + Squash (USA)"
        ],
        "4": [
          "TV Arcade III - Tennis-Squash (1976)(RCA)"
        ]
      },
      "Size": 768,
      "Publishers": [
        0
      ],
      "ReleaseDate": "1/1/1976",
      "Regions": [
        "US"
      ],
      "Languages": [
        "en"
      ]
    },
    {
      "Titles": [
        "TV Arcade III: Tennis",
        "Squash",
        "TV Arcade Series III - Tennis-Squash"
      ],
      "Serials": [
        "18V402"
      ],
      "Sha1s2Md5": "af6c0f97d842d3187a6bf84074a95267",
      "Crcs2Md5": "0773b6b7499614ebc5deb7fb4fae681e",
      "Sets": {
        "1": [
          "tennis"
        ],
        "4": [
          "TV Arcade Series III - Tennis-Squash (1977)(RCA)[18V402]"
        ]
      },
      "Size": 512,
      "Publishers": [
        0
      ],
      "ReleaseDate": "1/1/1977",
      "Languages": [
        "en"
      ]
    },
    {
      "Titles": [
        "TV Arcade IV: Baseball",
        "TV Arcade IV - Baseball"
      ],
      "Sha1s2Md5": "6953a8c5d1def27b7bcc00fc3d58a174",
      "Crcs2Md5": "32cc2d5fbe8e1dd79ebd798489f5117e",
      "Sets": {
        "2": [
          "TV Arcade IV - Baseball (USA)"
        ],
        "4": [
          "TV Arcade IV - Baseball (1976)(RCA)"
        ],
        "6": [
          "40959"
        ]
      },
      "Overview": {
        "en": [
          2
        ]
      },
      "Size": 1280,
      "Publishers": [
        0
      ],
      "Tags": [
        1
      ],
      "ReleaseDate": "1/1/1976",
      "Genres": [
        2
      ],
      "Regions": [
        "US"
      ],
      "Languages": [
        "en"
      ]
    },
    {
      "Titles": [
        "TV Arcade IV: Baseball",
        "TV Arcade Series IV - Baseball"
      ],
      "Serials": [
        "18V403"
      ],
      "Sha1s2Md5": "313df78af3128d41404d10a02f0ccacd",
      "Crcs2Md5": "619da5a2c0d34d85791c2b67f2109e7a",
      "Sets": {
        "1": [
          "baseball"
        ],
        "4": [
          "TV Arcade Series IV - Baseball (1977)(RCA)[18V403]"
        ],
        "6": [
          "40959"
        ]
      },
      "Overview": {
        "en": [
          2
        ]
      },
      "Size": 1024,
      "Publishers": [
        0
      ],
      "Tags": [
        1
      ],
      "ReleaseDate": "1/1/1977",
      "Genres": [
        2
      ],
      "Languages": [
        "en"
      ]
    },
    {
      "Titles": [
        "TV Arcade Series V: Speedway",
        "Tag",
        "TV Arcade Series V - Speedway-Tag"
      ],
      "Serials": [
        "18V404"
      ],
      "Sha1s2Md5": "56bd8ea389a1b2f9a87ee6fbb52ac28b",
      "Crcs2Md5": "7370756fe6dc44af8beaff9728e014ec",
      "Sets": {
        "1": [
          "speedway"
        ],
        "4": [
          "TV Arcade Series V - Speedway-Tag (1977)(RCA)[18V404]"
        ]
      },
      "Version": "V - Speedway-Tag",
      "Size": 512,
      "Publishers": [
        0
      ],
      "ReleaseDate": "1/1/1977",
      "Languages": [
        "en"
      ]
    },
    {
      "Titles": [
        "TV Arcade Series: Gunfighter",
        "Moonship Battle",
        "TV Arcade Series - Gunfighter + Moonship Battle"
      ],
      "Serials": [
        "18V405"
      ],
      "Sha1s2Md5": "63cb5cf356285e9fa7d0901bd900e198",
      "Crcs2Md5": "cac2750579c008ae1f0619bbaa1de286",
      "Sets": {
        "1": [
          "gunfight"
        ],
        "4": [
          "TV Arcade Series - Gunfighter + Moonship Battle (1977)(RCA)(EU-US)[18V405]"
        ]
      },
      "Size": 1024,
      "Publishers": [
        0
      ],
      "ReleaseDate": "1/1/1977",
      "Regions": [
        "EU",
        "US"
      ],
      "Languages": [
        "en"
      ]
    },
    {
      "Titles": [
        "TV Casino I: Blackjack",
        "TV Casino I - Blackjack",
        "TV Casino Games - Blackjack"
      ],
      "Sha1s2Md5": "651cec9c6715d75d2bdac50ef51a87d6",
      "Crcs2Md5": "a293a2ea093cf34234c816a535b27664",
      "Sets": {
        "2": [
          "TV Casino I - Blackjack (USA)"
        ],
        "4": [
          "TV Casino Games - Blackjack (1976)(RCA)"
        ],
        "6": [
          "40965"
        ]
      },
      "Overview": {
        "en": [
          5
        ]
      },
      "Size": 1280,
      "Publishers": [
        0
      ],
      "Tags": [
        1
      ],
      "ReleaseDate": "1/1/1976",
      "Genres": [
        4
      ],
      "Regions": [
        "US"
      ],
      "Languages": [
        "en"
      ]
    },
    {
      "Titles": [
        "TV Casino I: Blackjack",
        "TV Casino I - Blackjack"
      ],
      "Serials": [
        "18V600"
      ],
      "Sha1s2Md5": "7add39bb1461504d1e2beffc47b33173",
      "Crcs2Md5": "34a8d8d657c2e9633165cef6494372a4",
      "Sets": {
        "1": [
          "bjack"
        ],
        "4": [
          "TV Casino I - Blackjack (1977)(RCA)[18V600]"
        ],
        "6": [
          "40965"
        ]
      },
      "Overview": {
        "en": [
          5
        ]
      },
      "Size": 1024,
      "Publishers": [
        0
      ],
      "Tags": [
        1
      ],
      "ReleaseDate": "1/1/1977",
      "Genres": [
        4
      ],
      "Languages": [
        "en"
      ]
    },
    {
      "Titles": [
        "TV Mystic Series: Biorhythm",
        "TV Mystic Series - Biorhythm"
      ],
      "Serials": [
        "18V700"
      ],
      "Sha1s2Md5": "9d7fc2fef9e5687d8da7a4b4e42e5456",
      "Crcs2Md5": "2b3051a737cd0fe64246d5dbb9cadd3c",
      "Sets": {
        "1": [
          "biorhyth"
        ],
        "4": [
          "TV Mystic Series - Biorhythm (1977)(RCA)(EU-US)[18V700]"
        ],
        "6": [
          "40964"
        ]
      },
      "Overview": {
        "en": [
          4
        ]
      },
      "Size": 1024,
      "Publishers": [
        0
      ],
      "ReleaseDate": "1/1/1977",
      "Genres": [
        3
      ],
      "Regions": [
        "EU",
        "US"
      ],
      "Languages": [
        "en"
      ]
    },
    {
      "Titles": [
        "TV School House II: Math Fun",
        "TV School House II - Math Fun"
      ],
      "Serials": [
        "18V501"
      ],
      "Sha1s2Md5": "eda16e847c685dedb139e3acbfdc9e02",
      "Crcs2Md5": "34867210df66c5f7c5cc039835707799",
      "Sets": {
        "1": [
          "mathfun"
        ],
        "4": [
          "TV School House II - Math Fun (1977)(RCA)(EU-US)[18V501]"
        ],
        "6": [
          "40963"
        ]
      },
      "Overview": {
        "en": [
          3
        ]
      },
      "Size": 1024,
      "Publishers": [
        0
      ],
      "Tags": [
        1
      ],
      "ReleaseDate": "1/1/1977",
      "Regions": [
        "EU",
        "US"
      ],
      "Languages": [
        "en"
      ]
    },
    {
      "Titles": [
        "TV School House: Computer Quiz",
        "TV School House - Computer Quiz"
      ],
      "Serials": [
        "18V500"
      ],
      "Sha1s2Md5": "c3da00c97c25f9255fcb1ce4c5ea29d5",
      "Crcs2Md5": "79f55fa0e2edc5259e853ef2dd143c57",
      "Sets": {
        "1": [
          "compquiz"
        ],
        "4": [
          "TV School House - Computer Quiz (1977)(RCA)(EU-US)[18V500]"
        ]
      },
      "Size": 512,
      "Publishers": [
        0
      ],
      "ReleaseDate": "1/1/1977",
      "Regions": [
        "EU",
        "US"
      ],
      "Languages": [
        "en"
      ]
    }
  ],
  "Overviews": {
    "en": {
      "0": "Space War consists of two shooting games: Horizontal Intercept and Vertical Intercept.\r\n\r\nIn Horizontal Intercept, the player has to destroy enemy spaceships with the use of rockets. The spaceships pass by horizontally and the player launches his rockets from the bottom of the screen. Once the rocket is in the air he can steer it left or right. The player has 20 rockets and the goal is simply to score as many points as possible. Some spaceships move faster and will therefore give more points, and there are both big and small spaceships, the latter being worth more points.\r\n\r\nVertical Intercept is a one-button game for two players. Each player controls a missile launcher on each side of the screen and in between them an enemy spaceship moves up and down. The player's missile climbs when the player holds down the button and drops when he releases it. The game ends when the spaceship hits a marker at the top of the screen 8 times. Hitting the spaceship makes it reverse its direction, so the game can be prolonged.",
      "1": "TV Arcade II: Fun with Numbers is a cartridge containing three games:\r\n\r\n- Guess the Number (1 Player): The game randomly determines a three-digit number that the player has to guess. It has to be done in twenty turns or less and for each guess, the game gives a clue in the form of a number 000 to 006. 000 means no digits are right and 006 that the guess is right. 001 means one digit is right but in the wrong position and 002 means one position is right or that two digits are right but in the wrong position. 003-006 is for any feasible combination of the previous two.\r\n\r\n- Guess the Number (2 Players): Same as above but with two human players who start with entering their own numbers. They then take turns making guesses until one player correctly guesses the opponent's number.\r\n\r\n- Reverse (1 Player): The player is presented with a randomly scrambled sequence of the numbers 1 to 9 and has to rearrange the numbers so that the numeral sequence is created. This is done by reversing a selected group of numbers. For example, pressing the 2 key reverses the first two numbers while the 9 key reverses the whole sequence. The player has 30 moves to complete the puzzle.",
      "2": "TV Arcade IV: Baseball is an adaptation of the sport for two-player. When one player is batting the other pitches and controls the movement of the fielders. A game starts with the pitcher pressing one of three keys: 5 for a straight pitch, 2 for an inside curve, and 8 for an outside curve. Holding any of the keys down leads to a changeup. The batter then has to swing the bat by pressing the 5 key. After a hit, the defending player can move the fielders up and down to attempt catching the ball. The movement of runners is automatic. The player with the highest score after nine innings wins the game. If it is a tie, up to 99 extra innings can be played or until a player gets 99 runs.",
      "3": "TV School House II: Math Fun is an educational game for one or two players. The game involves solving a sequence of ten problems where players are awarded points depending on how fast they answer. Only the first player to answer correctly get the points. If a player gives the wrong answer the other will get the chance. For each question, there is a time limit of ten or twenty seconds depending on options. There are five types of problems (addition, subtraction, multiplication, division, and a combination) and four difficulty levels. The first three levels are arithmetic problems while the fourth levels involve elementary algebra.",
      "4": "The 18V700 Biorhythm cartridge simultaneously displays physical, emotional, and intellectual biorhythm charts for any 32-day period, starting with whatever beginning date you select. As long as you know the birth date, you can display Biorhythm charts for people in the past, back to the year 1, and in the future to the year 9999 -- a span of almost 10,000 years,",
      "5": "TV Casino I: Blackjack is a card game based on the Las Vegas version of Blackjack. It can be played by one or two players against a dealer. Each player starts out with a stake of $200 and must, before each hand, place a bet between $1 and $10. Like in the real card game the aim is to get a card count that totals 21 or as close to it as possible without going above it. After being dealt the player has three choices: hit, double, or stand. A winning player gets paid an amount equal to the bet and if succeeding with getting a two-card natural 21 the payoff is two times the bet. The game ends when a player reaches $999 or when both players lose all money."
    }
  },
  "Genres": {
    "0": "Action",
    "1": "Puzzle",
    "2": "Sports",
    "3": "Life Simulation",
    "4": "Strategy"
  },
  "Companies": {
    "0": "RCA",
    "1": "Hanimex",
    "2": "Paul Robson"
  },
  "Tags": {
    "0": "BIOS",
    "1": "2 Player"
  }
}