{
  "PlatformName": "SuperGrafx",
  "LastUpdate": "6/25/2022 4:53:16 AM",
  "Games": [
    {
      "Titles": [
        "1941 - Counter Attack"
      ],
      "Serials": [
        "HC91048"
      ],
      "Sha1s2Md5": "186dedd49491d7ceaccf1e49a064346f",
      "Crcs2Md5": "c19bba273c67e9053ea4b242ce1b471c",
      "Sets": {
        "1": [
          "1941"
        ],
        "2": [
          "1941 - Counter Attack (Japan)"
        ],
        "4": [
          "1941 - Counter Attack (1991)(Hudson)(JP)"
        ]
      },
      "Size": 1048576,
      "Publishers": [
        0
      ],
      "ReleaseDate": "1/1/1991",
      "Regions": [
        "JP"
      ]
    },
    {
      "Titles": [
        "1941 - Counter Attack"
      ],
      "Sha1s2Md5": "681a71101c24e7926c1114dcdb3595f8",
      "Crcs2Md5": "7a539667d646ddd77fa1d178bdb766d8",
      "Sets": {
        "4": [
          "1941 - Counter Attack (1991)(Hudson)(JP)[a]"
        ]
      },
      "Size": 1048576,
      "Publishers": [
        0
      ],
      "Tags": [
        0
      ],
      "ReleaseDate": "1/1/1991",
      "Regions": [
        "JP"
      ]
    },
    {
      "Titles": [
        "1941 - Counter Attack"
      ],
      "Sha1s2Md5": "b79e86253fab948a034235331c403dfe",
      "Crcs2Md5": "cd586ce57e6fb39f4e1af666660dedb8",
      "Sets": {
        "4": [
          "1941 - Counter Attack (1991)(Hudson)(JP)[b2 freezes]"
        ]
      },
      "Size": 1048576,
      "Publishers": [
        0
      ],
      "ReleaseDate": "1/1/1991",
      "Regions": [
        "JP"
      ]
    },
    {
      "Titles": [
        "1941 - Counter Attack"
      ],
      "Sha1s2Md5": "34ed305e358718edb5db10676fc7a387",
      "Crcs2Md5": "7e2651dbcff5dbd810d3e51bb3d23058",
      "Sets": {
        "4": [
          "1941 - Counter Attack (1991)(Hudson)(JP)[b]"
        ]
      },
      "Size": 1048579,
      "Publishers": [
        0
      ],
      "Tags": [
        1
      ],
      "ReleaseDate": "1/1/1991",
      "Regions": [
        "JP"
      ]
    },
    {
      "Titles": [
        "1941 - Counter Attack"
      ],
      "Sha1s2Md5": "56da4666b94450a482a63e4c57d67c64",
      "Crcs2Md5": "a7544a2f488f302a11209e7dc504fbd5",
      "Sets": {
        "4": [
          "1941 - Counter Attack (1991)(Hudson)(JP)[h2]"
        ]
      },
      "Size": 1048576,
      "Publishers": [
        0
      ],
      "ReleaseDate": "1/1/1991",
      "Regions": [
        "JP"
      ]
    },
    {
      "Titles": [
        "1941 - Counter Attack"
      ],
      "Sha1s2Md5": "d005ac49a9727b8e8fb2abf30bc54967",
      "Crcs2Md5": "5949aaef449bc062e152017808a6d71f",
      "Sets": {
        "4": [
          "1941 - Counter Attack (1991)(Hudson)(JP)[h]"
        ]
      },
      "Size": 1048576,
      "Publishers": [
        0
      ],
      "Tags": [
        2
      ],
      "ReleaseDate": "1/1/1991",
      "Regions": [
        "JP"
      ]
    },
    {
      "Titles": [
        "1941 - Counter Attack"
      ],
      "Sha1s2Md5": "db948baefed0bd4fd75a43cf63fcc083",
      "Crcs2Md5": "0100cbab7d38d21c3a2ae3cbf94be3e6",
      "Sets": {
        "4": [
          "1941 - Counter Attack (1991)(Hudson)(JP)[u]"
        ]
      },
      "Size": 753152,
      "Publishers": [
        0
      ],
      "Tags": [
        1
      ],
      "ReleaseDate": "1/1/1991",
      "Regions": [
        "JP"
      ]
    },
    {
      "Titles": [
        "Aldynes",
        "Aldynes - The Misson Code for Rage Crisis",
        "Aldynes - The Mission Code for Rage Crisis"
      ],
      "Serials": [
        "HC91044"
      ],
      "Sha1s2Md5": "bfb93c159fda35319d639c1b6ae8cbfa",
      "Crcs2Md5": "9dfcc00105ef461c2b7a3c5349f9bc28",
      "Sets": {
        "1": [
          "aldynes"
        ],
        "2": [
          "Aldynes - The Misson Code for Rage Crisis (Japan)"
        ],
        "4": [
          "Aldynes - The Mission Code for Rage Crisis (1991)(Hudson)(JP)(en)"
        ]
      },
      "Size": 1048576,
      "Publishers": [
        0
      ],
      "ReleaseDate": "1/1/1991",
      "Regions": [
        "JP"
      ],
      "Languages": [
        "en"
      ]
    },
    {
      "Titles": [
        "Aldynes - The Mission Code for Rage Crisis"
      ],
      "Sha1s2Md5": "a144a3d9bf64d0740c6574e40208d309",
      "Crcs2Md5": "7735bc0088af1316e7438ead3f80fe6e",
      "Sets": {
        "4": [
          "Aldynes - The Mission Code for Rage Crisis (1991)(Hudson)(JP)(en)[b2]"
        ]
      },
      "Size": 1048576,
      "Publishers": [
        0
      ],
      "ReleaseDate": "1/1/1991",
      "Regions": [
        "JP"
      ],
      "Languages": [
        "en"
      ]
    },
    {
      "Titles": [
        "Aldynes - The Mission Code for Rage Crisis"
      ],
      "Sha1s2Md5": "753aa79aba6cd4760a51c12149382f7f",
      "Crcs2Md5": "4f365367595bba45fb6f8db2569225e5",
      "Sets": {
        "4": [
          "Aldynes - The Mission Code for Rage Crisis (1991)(Hudson)(JP)(en)[b3]"
        ]
      },
      "Size": 1048576,
      "Publishers": [
        0
      ],
      "ReleaseDate": "1/1/1991",
      "Regions": [
        "JP"
      ],
      "Languages": [
        "en"
      ]
    },
    {
      "Titles": [
        "Aldynes - The Mission Code for Rage Crisis"
      ],
      "Sha1s2Md5": "555d4fc8845b23fc8ddae2db8aa18e93",
      "Crcs2Md5": "deb642605972ce3d9cbc712560449bd5",
      "Sets": {
        "4": [
          "Aldynes - The Mission Code for Rage Crisis (1991)(Hudson)(JP)(en)[b4]"
        ]
      },
      "Size": 1048576,
      "Publishers": [
        0
      ],
      "ReleaseDate": "1/1/1991",
      "Regions": [
        "JP"
      ],
      "Languages": [
        "en"
      ]
    },
    {
      "Titles": [
        "Aldynes - The Mission Code for Rage Crisis"
      ],
      "Sha1s2Md5": "25c18ac42e6786f2f0050ba3685fc66d",
      "Crcs2Md5": "90d5d949c547e08eac5e5e3a391fe691",
      "Sets": {
        "4": [
          "Aldynes - The Mission Code for Rage Crisis (1991)(Hudson)(JP)(en)[b5]"
        ]
      },
      "Size": 786432,
      "Publishers": [
        0
      ],
      "ReleaseDate": "1/1/1991",
      "Regions": [
        "JP"
      ],
      "Languages": [
        "en"
      ]
    },
    {
      "Titles": [
        "Aldynes - The Mission Code for Rage Crisis"
      ],
      "Sha1s2Md5": "29307aa43d8137db0f4f31b8fc1ad148",
      "Crcs2Md5": "f1941ed5a78eb35569dec78bdd314811",
      "Sets": {
        "4": [
          "Aldynes - The Mission Code for Rage Crisis (1991)(Hudson)(JP)(en)[b]"
        ]
      },
      "Size": 1048580,
      "Publishers": [
        0
      ],
      "Tags": [
        1
      ],
      "ReleaseDate": "1/1/1991",
      "Regions": [
        "JP"
      ],
      "Languages": [
        "en"
      ]
    },
    {
      "Titles": [
        "Aldynes - The Mission Code for Rage Crisis"
      ],
      "Sha1s2Md5": "50ec86d7463a4e4d28f11828d3b5f0e9",
      "Crcs2Md5": "8528eba83be537356f0a39b3e1dc3833",
      "Sets": {
        "4": [
          "Aldynes - The Mission Code for Rage Crisis (1991)(Hudson)(JP)(en)[u]"
        ]
      },
      "Size": 360448,
      "Publishers": [
        0
      ],
      "Tags": [
        1
      ],
      "ReleaseDate": "1/1/1991",
      "Regions": [
        "JP"
      ],
      "Languages": [
        "en"
      ]
    },
    {
      "Titles": [
        "Battle Ace"
      ],
      "Serials": [
        "HC89026"
      ],
      "Sha1s2Md5": "a194be8cd6446cb03434e8971a87d57c",
      "Crcs2Md5": "3ad3f5fba6df1de44d9b8ebde2537800",
      "Sets": {
        "1": [
          "battlace"
        ],
        "2": [
          "Battle Ace (Japan)"
        ],
        "4": [
          "Battle Ace (1989)(Hudson)(JP)(en)"
        ]
      },
      "Size": 524288,
      "Publishers": [
        0
      ],
      "ReleaseDate": "1/1/1989",
      "Regions": [
        "JP"
      ],
      "Languages": [
        "en"
      ]
    },
    {
      "Titles": [
        "Battle Ace"
      ],
      "Sha1s2Md5": "cf6238fd42b7f0673c48727eacf88dc4",
      "Crcs2Md5": "0dcdecd0cad77a8152c8dbac3a7bfdea",
      "Sets": {
        "4": [
          "Battle Ace (1989)(Hudson)(JP)(en)[b corrupt gfx]"
        ]
      },
      "Size": 524288,
      "Publishers": [
        0
      ],
      "Tags": [
        1
      ],
      "ReleaseDate": "1/1/1989",
      "Regions": [
        "JP"
      ],
      "Languages": [
        "en"
      ]
    },
    {
      "Titles": [
        "Battle Ace"
      ],
      "Sha1s2Md5": "0e1a1a40cd5eba82692647b97fbc8a52",
      "Crcs2Md5": "e0b074d9abf26444bb52109358f8aee7",
      "Sets": {
        "4": [
          "Battle Ace (1989)(Hudson)(JP)(en)[b2]"
        ]
      },
      "Size": 524288,
      "Publishers": [
        0
      ],
      "ReleaseDate": "1/1/1989",
      "Regions": [
        "JP"
      ],
      "Languages": [
        "en"
      ]
    },
    {
      "Titles": [
        "Dai Makaimura",
        "Daimakaimura"
      ],
      "Serials": [
        "NAPH1008"
      ],
      "Sha1s2Md5": "fdaa9e8746d0e0c1e2781d5debef9d2b",
      "Crcs2Md5": "0c212f130741b67dc31aaf5230a87c82",
      "Sets": {
        "1": [
          "daimakai"
        ],
        "2": [
          "Daimakaimura (Japan)"
        ],
        "4": [
          "Daimakaimura (1990)(NEC Avenue)(JP)"
        ]
      },
      "Size": 1048576,
      "Publishers": [
        1
      ],
      "ReleaseDate": "1/1/1990",
      "Regions": [
        "JP"
      ]
    },
    {
      "Titles": [
        "Flappy Bird"
      ],
      "Sha1s2Md5": "e07dfe260975c731d66d82083c9d0ca1",
      "Crcs2Md5": "93bf01f713b291f88cd7246adc52b97e",
      "Sets": {
        "4": [
          "Flappy Bird (2014)(Retrotaku, Touko)(PD)"
        ]
      },
      "Size": 98304,
      "Publishers": [
        2
      ],
      "ReleaseDate": "1/1/2014",
      "Languages": [
        "en"
      ]
    },
    {
      "Titles": [
        "Madou Ou Granzort",
        "Madou King Granzort"
      ],
      "Serials": [
        "HC90029"
      ],
      "Sha1s2Md5": "dcd17faec8a72f5a8d47931d0a90f3ae",
      "Crcs2Md5": "51123bd47751bed2d2eb45800080f88c",
      "Sets": {
        "1": [
          "granzort"
        ],
        "2": [
          "Madou King Granzort (Japan)"
        ],
        "4": [
          "Madou Ou Granzort (1990)(Hudson)(JP)"
        ]
      },
      "Size": 524288,
      "Publishers": [
        0
      ],
      "ReleaseDate": "1/1/1990",
      "Regions": [
        "JP"
      ]
    }
  ],
  "Overviews": {},
  "Genres": {},
  "Companies": {
    "0": "Hudson",
    "1": "NEC Avenue",
    "2": "Retrotaku, Touko"
  },
  "Tags": {
    "0": "Alternate",
    "1": "Bad Dump",
    "2": "Hacked"
  }
}