{
  "PlatformName": "Super Cassette Vision",
  "LastUpdate": "6/25/2022 4:53:16 AM",
  "Games": [
    {
      "Titles": [
        "Astro Wars - Invader from Space",
        "Astro Wars - Invaders from Space"
      ],
      "Sha1s2Md5": "7495048db7b6e37907b0a9071c02731a",
      "Crcs2Md5": "bcf0d3ca4e924c787e560a34b1feec29",
      "Sets": {
        "1": [
          "astrwrs"
        ],
        "2": [
          "Astro Wars - Invaders from Space (Japan)"
        ],
        "4": [
          "Astro Wars - Invaders from Space (1984)(Epoch)(JP)(en)"
        ]
      },
      "Size": 8192,
      "Publishers": [
        0
      ],
      "ReleaseDate": "1/1/1984",
      "Regions": [
        "JP"
      ],
      "Languages": [
        "en"
      ]
    },
    {
      "Titles": [
        "Astro Wars II: Battle In Galaxy",
        "Astro Wars II - Battle in Galaxy",
        "Astro Wars 2 - Battle in Galaxy"
      ],
      "Sha1s2Md5": "6cf8c1e95c7c2f3592fd9d039fbd01f8",
      "Crcs2Md5": "baeecac48b098b75c0f2b7d9927dcaac",
      "Sets": {
        "1": [
          "astrwrs2"
        ],
        "2": [
          "Astro Wars II - Battle in Galaxy (Japan)"
        ],
        "4": [
          "Astro Wars 2 - Battle in Galaxy (1984)(Epoch)(JP)(en)"
        ],
        "6": [
          "40927"
        ]
      },
      "Overview": {
        "en": [
          0
        ]
      },
      "Size": 8192,
      "Publishers": [
        0,
        1
      ],
      "ReleaseDate": "1/1/1984",
      "Genres": [
        0
      ],
      "Regions": [
        "JP"
      ],
      "Languages": [
        "en"
      ]
    },
    {
      "Titles": [
        "BASIC Nyuumon"
      ],
      "Sha1s2Md5": "96c98871688207237fff3956ebf22d9c",
      "Crcs2Md5": "5999cb278c8385799921c5bdb889a9a6",
      "Sets": {
        "1": [
          "basic"
        ],
        "4": [
          "BASIC Nyuumon (1985)(Epoch)(JP)(en)"
        ]
      },
      "Size": 32768,
      "Publishers": [
        0
      ],
      "ReleaseDate": "1/1/1985",
      "Regions": [
        "JP"
      ],
      "Languages": [
        "en"
      ]
    },
    {
      "Titles": [
        "Boulder Dash"
      ],
      "Sha1s2Md5": "64e918e1aef7ebcd0c1628fa0318358d",
      "Crcs2Md5": "cf6464a35a9f74b57d074a56918e4856",
      "Sets": {
        "1": [
          "bdash"
        ],
        "2": [
          "Boulder Dash (Japan)"
        ],
        "4": [
          "Boulder Dash (1985)(Epoch)(JP)(en)"
        ],
        "6": [
          "40936"
        ]
      },
      "Overview": {
        "en": [
          8
        ]
      },
      "Size": 16384,
      "Publishers": [
        0,
        1
      ],
      "ReleaseDate": "1/1/1985",
      "ESRB": "E",
      "Genres": [
        2,
        4
      ],
      "Regions": [
        "JP"
      ],
      "Languages": [
        "en"
      ]
    },
    {
      "Titles": [
        "Boulder Dash"
      ],
      "Sha1s2Md5": "febf4e6b5c152076aad767c9f904997f",
      "Crcs2Md5": "5749ed0684e2c6c2401cf7142d0869c2",
      "Sets": {
        "4": [
          "Boulder Dash (1985)(Epoch)(FR)(en)"
        ],
        "6": [
          "40936"
        ]
      },
      "Overview": {
        "en": [
          8
        ]
      },
      "Size": 16384,
      "Publishers": [
        0,
        1
      ],
      "ReleaseDate": "1/1/1985",
      "ESRB": "E",
      "Genres": [
        2,
        4
      ],
      "Regions": [
        "FR"
      ],
      "Languages": [
        "en"
      ]
    },
    {
      "Titles": [
        "Comic Circus"
      ],
      "Sha1s2Md5": "876eba0fc943e07935009455d275a561",
      "Crcs2Md5": "82f82be763adfae863d74bd55f48bbb7",
      "Sets": {
        "1": [
          "comicirc"
        ],
        "2": [
          "Comic Circus (Japan)"
        ],
        "4": [
          "Comic Circus (1985)(Epoch)(JP)(en)"
        ],
        "6": [
          "40939"
        ]
      },
      "Overview": {
        "en": [
          11
        ]
      },
      "Size": 16384,
      "Publishers": [
        0,
        1
      ],
      "ReleaseDate": "1/1/1985",
      "Genres": [
        2
      ],
      "Regions": [
        "JP"
      ],
      "Languages": [
        "en"
      ]
    },
    {
      "Titles": [
        "Doraemon"
      ],
      "Sha1s2Md5": "a49b630e570d85a3cd1809ee6a2eda3e",
      "Crcs2Md5": "49db7c9251d4d3f01d6ff085ec0f6239",
      "Sets": {
        "1": [
          "doraemon"
        ],
        "2": [
          "Doraemon (Japan)"
        ],
        "4": [
          "Doraemon (1985)(Epoch)(JP)(en)"
        ],
        "6": [
          "40947"
        ]
      },
      "Overview": {
        "en": [
          17
        ]
      },
      "Size": 65536,
      "Publishers": [
        0
      ],
      "ReleaseDate": "1/1/1985",
      "Genres": [
        2
      ],
      "Regions": [
        "JP"
      ],
      "Languages": [
        "en"
      ]
    },
    {
      "Titles": [
        "Dragon Ball - Dragon Dai Hikyou"
      ],
      "Sha1s2Md5": "88ef74cf725627bdaabc78e366f605fc",
      "Crcs2Md5": "2cb23617ec1e27fb9430269acedcc3a7",
      "Sets": {
        "1": [
          "dball"
        ],
        "4": [
          "Dragon Ball - Dragon Dai Hikyou (1986)(Epoch)(JP)(en)"
        ]
      },
      "Size": 131072,
      "Publishers": [
        0
      ],
      "ReleaseDate": "1/1/1986",
      "Regions": [
        "JP"
      ],
      "Languages": [
        "en"
      ]
    },
    {
      "Titles": [
        "Dragon Slayer"
      ],
      "Sha1s2Md5": "63495a6e94ff77181f92cf5b14915ee6",
      "Crcs2Md5": "566b9494724a62f01b26f13a422bc02a",
      "Sets": {
        "1": [
          "dslayer"
        ],
        "4": [
          "Dragon Slayer (1986)(Epoch)(JP)(en)"
        ],
        "6": [
          "40949"
        ]
      },
      "Overview": {
        "en": [
          18
        ]
      },
      "Size": 32768,
      "Publishers": [
        0,
        1
      ],
      "ReleaseDate": "1/1/1986",
      "Genres": [
        2
      ],
      "Regions": [
        "JP"
      ],
      "Languages": [
        "en"
      ]
    },
    {
      "Titles": [
        "Elevator Fight"
      ],
      "Sha1s2Md5": "bbf75689cf54a970cfa021e93e8b3b28",
      "Crcs2Md5": "3fb8946703197d464c92c607e37f8ccb",
      "Sets": {
        "1": [
          "elevfght"
        ],
        "2": [
          "Elevator Fight (Japan)"
        ],
        "4": [
          "Elevator Fight (1984)(Epoch)(JP)(en)"
        ],
        "6": [
          "40932"
        ]
      },
      "Overview": {
        "en": [
          4
        ]
      },
      "Size": 16384,
      "Publishers": [
        0,
        1
      ],
      "ReleaseDate": "1/1/1984",
      "Genres": [
        2
      ],
      "Regions": [
        "JP"
      ],
      "Languages": [
        "en"
      ]
    },
    {
      "Titles": [
        "Lupin III",
        "Lupin Sansei"
      ],
      "Sha1s2Md5": "d9ef2e630e913473a3e78747b7817cba",
      "Crcs2Md5": "3c5351a7eaf1ede2eca851b36b49af67",
      "Sets": {
        "1": [
          "lupin3"
        ],
        "2": [
          "Lupin Sansei (Japan)"
        ],
        "4": [
          "Lupin III (1984)(Epoch)(JP)(en)"
        ],
        "6": [
          "40933"
        ]
      },
      "Overview": {
        "en": [
          5
        ]
      },
      "Size": 16384,
      "Publishers": [
        0,
        1
      ],
      "ReleaseDate": "1/1/1984",
      "Genres": [
        2
      ],
      "Regions": [
        "JP"
      ],
      "Languages": [
        "en"
      ]
    },
    {
      "Titles": [
        "Mappy"
      ],
      "Sha1s2Md5": "639fa26e77da74631570f931da52c6ff",
      "Crcs2Md5": "dbd50a3c1b009e26c0763c1399fbc2e5",
      "Sets": {
        "1": [
          "mappy"
        ],
        "4": [
          "Mappy (1986)(Epoch)(JP)(en)"
        ],
        "6": [
          "40953"
        ]
      },
      "Overview": {
        "en": [
          20
        ]
      },
      "Size": 32768,
      "Publishers": [
        0,
        1
      ],
      "ReleaseDate": "1/1/1986",
      "Genres": [
        2
      ],
      "Regions": [
        "JP"
      ],
      "Languages": [
        "en"
      ]
    },
    {
      "Titles": [
        "Milky Princess"
      ],
      "Sha1s2Md5": "7c848f324cae0179c33586983bce7e75",
      "Crcs2Md5": "73aa5dbb3911fb4e22161481679a8aa1",
      "Sets": {
        "1": [
          "milkyprn"
        ],
        "2": [
          "Milky Princess (Japan)"
        ],
        "4": [
          "Milky Princess (1985)(Epoch)(JP)"
        ],
        "6": [
          "40940"
        ]
      },
      "Overview": {
        "en": [
          12
        ]
      },
      "Size": 32768,
      "Publishers": [
        0,
        1
      ],
      "ReleaseDate": "1/1/1985",
      "Genres": [
        2
      ],
      "Regions": [
        "JP"
      ]
    },
    {
      "Titles": [
        "Miner 2049er"
      ],
      "Sha1s2Md5": "f40c4238c5ca3c17b753e18f16f6f8a9",
      "Crcs2Md5": "f32ff8a6d794dd38530fdcd2a74eb3a0",
      "Sets": {
        "1": [
          "mine2049"
        ],
        "2": [
          "Miner 2049er (Japan)"
        ],
        "4": [
          "Miner 2049er (1985)(Epoch)(JP)(en)"
        ],
        "6": [
          "40937"
        ]
      },
      "Overview": {
        "en": [
          9
        ]
      },
      "Size": 16384,
      "Publishers": [
        0,
        1
      ],
      "ReleaseDate": "1/1/1985",
      "ESRB": "E",
      "Genres": [
        5
      ],
      "Regions": [
        "JP"
      ],
      "Languages": [
        "en"
      ]
    },
    {
      "Titles": [
        "Nebula"
      ],
      "Sha1s2Md5": "376fb9674b3d06817a562c18097f95af",
      "Crcs2Md5": "c7fc6b29f69edc54ac44de8bbca12bff",
      "Sets": {
        "1": [
          "nebula"
        ],
        "2": [
          "Nebula (Japan)"
        ],
        "4": [
          "Nebula (1984)(Epoch)(JP)(en)"
        ],
        "6": [
          "40934"
        ]
      },
      "Overview": {
        "en": [
          6
        ]
      },
      "Size": 16384,
      "Publishers": [
        0,
        1
      ],
      "ReleaseDate": "1/1/1984",
      "Genres": [
        0
      ],
      "Regions": [
        "JP"
      ],
      "Languages": [
        "en"
      ]
    },
    {
      "Titles": [
        "Nebula"
      ],
      "Sha1s2Md5": "967cfd0f594cfa78f8666320eca83ebf",
      "Crcs2Md5": "219903907ba222e10ca62e85998cbd85",
      "Sets": {
        "1": [
          "nebulaa"
        ],
        "2": [
          "Nebula (Japan) (Alt 1)"
        ],
        "4": [
          "Nebula (1984)(Epoch)(JP)(en)[a]"
        ],
        "6": [
          "40934"
        ]
      },
      "Overview": {
        "en": [
          6
        ]
      },
      "Size": 16384,
      "Publishers": [
        0,
        1
      ],
      "Tags": [
        0,
        1
      ],
      "CloneOf": "nebula",
      "ReleaseDate": "1/1/1984",
      "Genres": [
        0
      ],
      "Regions": [
        "JP"
      ],
      "Languages": [
        "en"
      ]
    },
    {
      "Titles": [
        "Nekketsu Kung Fu Road",
        "Kung Fu Road"
      ],
      "Sha1s2Md5": "b2dc57408ed25e8b89f56c6f2f5d21ff",
      "Crcs2Md5": "bbee62cdbda541570a29b11bda47b321",
      "Sets": {
        "1": [
          "kungfurd"
        ],
        "2": [
          "Kung Fu Road (Japan)"
        ],
        "4": [
          "Nekketsu Kung Fu Road (1985)(Epoch)(JP)(en)"
        ],
        "6": [
          "40942"
        ]
      },
      "Overview": {
        "en": [
          14
        ]
      },
      "Size": 40960,
      "Publishers": [
        0,
        1
      ],
      "ReleaseDate": "1/1/1985",
      "Genres": [
        2
      ],
      "Regions": [
        "JP"
      ],
      "Languages": [
        "en"
      ]
    },
    {
      "Titles": [
        "Pole Position II"
      ],
      "Sha1s2Md5": "a26f04539c4859a2fd1d87b0ac234261",
      "Crcs2Md5": "81550e39f674cc2238aad0f1cf23ef97",
      "Sets": {
        "1": [
          "polepos2"
        ],
        "2": [
          "Pole Position II (Japan)"
        ],
        "4": [
          "Pole Position II (1985)(Epoch)(JP)(en)"
        ],
        "6": [
          "40955"
        ]
      },
      "Overview": {
        "en": [
          22
        ]
      },
      "Size": 131072,
      "Publishers": [
        0,
        1
      ],
      "ReleaseDate": "1/1/1985",
      "ESRB": "E",
      "Genres": [
        3
      ],
      "Regions": [
        "JP"
      ],
      "Languages": [
        "en"
      ]
    },
    {
      "Titles": [
        "Pole Position II"
      ],
      "Sha1s2Md5": "df19c55fb659efb9c2f975c5ab225c7c",
      "Crcs2Md5": "4202b43af1eb54ac7da9d63c1843487a",
      "Sets": {
        "4": [
          "Pole Position II (1985)(Epoch)(JP)(en)[a]"
        ],
        "6": [
          "40955"
        ]
      },
      "Overview": {
        "en": [
          22
        ]
      },
      "Size": 32768,
      "Publishers": [
        0,
        1
      ],
      "Tags": [
        1
      ],
      "ReleaseDate": "1/1/1985",
      "ESRB": "E",
      "Genres": [
        3
      ],
      "Regions": [
        "JP"
      ],
      "Languages": [
        "en"
      ]
    },
    {
      "Titles": [
        "Pop & Chips"
      ],
      "Sha1s2Md5": "4f65224a632b99da70801a67271072d6",
      "Crcs2Md5": "d29d19b637ab65271705b28491a4da6f",
      "Sets": {
        "1": [
          "popchips"
        ],
        "2": [
          "Pop & Chips (Japan)"
        ],
        "4": [
          "Pop & Chips (1985)(Epoch)(JP)(en)"
        ],
        "6": [
          "40941"
        ]
      },
      "Overview": {
        "en": [
          13
        ]
      },
      "Size": 32768,
      "Publishers": [
        0,
        1
      ],
      "ReleaseDate": "1/1/1985",
      "Genres": [
        2
      ],
      "Regions": [
        "JP"
      ],
      "Languages": [
        "en"
      ]
    },
    {
      "Titles": [
        "Professional Wrestling"
      ],
      "Sha1s2Md5": "71b2551ffdedd9681c1f01980c6d5993",
      "Crcs2Md5": "853e1978c373d66e21e20a1e0d857f84",
      "Sets": {
        "1": [
          "prowrest"
        ],
        "2": [
          "Professional Wrestling (Japan)"
        ],
        "4": [
          "Professional Wrestling (1986)(Epoch)(JP)(en)"
        ],
        "6": [
          "40950"
        ]
      },
      "Overview": {
        "en": [
          19
        ]
      },
      "Size": 131072,
      "Publishers": [
        0,
        1
      ],
      "ReleaseDate": "1/1/1986",
      "Genres": [
        2
      ],
      "Regions": [
        "JP"
      ],
      "Languages": [
        "en"
      ]
    },
    {
      "Titles": [
        "Punch Boy"
      ],
      "Sha1s2Md5": "bde8e4f1fdd6b06632d077df9151a3f6",
      "Crcs2Md5": "4242ee56007a20d93e8b39d20d342f0d",
      "Sets": {
        "1": [
          "punchboy"
        ],
        "2": [
          "Punch Boy (Japan)"
        ],
        "4": [
          "Punch Boy (1984)(Epoch)(JP)(en)"
        ],
        "6": [
          "40931"
        ]
      },
      "Overview": {
        "en": [
          3
        ]
      },
      "Size": 16384,
      "Publishers": [
        0,
        1
      ],
      "ReleaseDate": "1/1/1984",
      "Genres": [
        2
      ],
      "Regions": [
        "JP"
      ],
      "Languages": [
        "en"
      ]
    },
    {
      "Titles": [
        "Real Graphic Mahjongg"
      ],
      "Sha1s2Md5": "ec9c7efe0234ae1505abdf61ed6e2b58",
      "Crcs2Md5": "d2b7de3fb644af47ee511cd4fcb4c2ca",
      "Sets": {
        "1": [
          "rgmahjon"
        ],
        "2": [
          "Real Graphic Mahjongg (Japan)"
        ],
        "4": [
          "Real Graphic Mahjongg (1984)(Epoch)(JP)(en)"
        ]
      },
      "Size": 16384,
      "Publishers": [
        0
      ],
      "ReleaseDate": "1/1/1984",
      "Regions": [
        "JP"
      ],
      "Languages": [
        "en"
      ]
    },
    {
      "Titles": [
        "Shougi Nyuumon",
        "Shogi Nyuumon"
      ],
      "Sha1s2Md5": "2fc5b372b262f24ec69adf5908328f2b",
      "Crcs2Md5": "3fab15b9b41432c530bd8b1c8d3c8300",
      "Sets": {
        "1": [
          "shogi"
        ],
        "2": [
          "Shougi Nyuumon (Japan)"
        ],
        "4": [
          "Shogi Nyuumon (1985)(Epoch)(JP)(en)"
        ]
      },
      "Size": 32768,
      "Publishers": [
        0
      ],
      "ReleaseDate": "1/1/1985",
      "Regions": [
        "JP"
      ],
      "Languages": [
        "en"
      ]
    },
    {
      "Titles": [
        "Sky Kid"
      ],
      "Sha1s2Md5": "e32b795a48534adccab8612714acc2c3",
      "Crcs2Md5": "13cf00f5586297c0978af6af82855a98",
      "Sets": {
        "1": [
          "skykid"
        ],
        "4": [
          "Sky Kid (1986)(Epoch)(JP)(en)"
        ],
        "6": [
          "40954"
        ]
      },
      "Overview": {
        "en": [
          21
        ]
      },
      "Size": 65536,
      "Publishers": [
        0,
        1
      ],
      "ReleaseDate": "1/1/1986",
      "Genres": [
        2
      ],
      "Regions": [
        "JP"
      ],
      "Languages": [
        "en"
      ]
    },
    {
      "Titles": [
        "Star Speeder"
      ],
      "Sha1s2Md5": "c3507a1e69205192fb3043cb79f0c339",
      "Crcs2Md5": "a968ca5ae2daa9512495a10a09b4887a",
      "Sets": {
        "1": [
          "starspdr"
        ],
        "4": [
          "Star Speeder (1985)(Epoch)(JP)(en)"
        ],
        "6": [
          "40943"
        ]
      },
      "Overview": {
        "en": [
          15
        ]
      },
      "Size": 40960,
      "Publishers": [
        0,
        1
      ],
      "ReleaseDate": "1/1/1985",
      "Genres": [
        2
      ],
      "Regions": [
        "JP"
      ],
      "Languages": [
        "en"
      ]
    },
    {
      "Titles": [
        "Super Baseball"
      ],
      "Sha1s2Md5": "ac044df4aa1af82c8262880ba7ae83ce",
      "Crcs2Md5": "e0ccdb4b28c894cc21d823581d4470d2",
      "Sets": {
        "1": [
          "baseball"
        ],
        "2": [
          "Super Baseball (Japan)"
        ],
        "4": [
          "Super Baseball (1984)(Epoch)(JP)(en)"
        ],
        "6": [
          "40930"
        ]
      },
      "Overview": {
        "en": [
          2
        ]
      },
      "Size": 16384,
      "Publishers": [
        0,
        1
      ],
      "ReleaseDate": "1/1/1984",
      "Genres": [
        1
      ],
      "Regions": [
        "JP"
      ],
      "Languages": [
        "en"
      ]
    },
    {
      "Titles": [
        "Super Golf"
      ],
      "Sha1s2Md5": "4795f1bb63817e0f94e9c1396bf290e4",
      "Crcs2Md5": "79e908aa12004cc701c07bd307aa217a",
      "Sets": {
        "1": [
          "suprgolf"
        ],
        "2": [
          "Super Golf (Japan)"
        ],
        "4": [
          "Super Golf (1984)(Epoch)(JP)(en)"
        ],
        "6": [
          "40928"
        ]
      },
      "Overview": {
        "en": [
          1
        ]
      },
      "Size": 16384,
      "Publishers": [
        0,
        1
      ],
      "ReleaseDate": "1/1/1984",
      "Genres": [
        1
      ],
      "Regions": [
        "JP"
      ],
      "Languages": [
        "en"
      ]
    },
    {
      "Titles": [
        "Super Sansuu Puter",
        "Sansupyuta"
      ],
      "Sha1s2Md5": "7d337dbd94a020a3186d2f12bfee711c",
      "Crcs2Md5": "81144dee95f6d78a2f40a80b6e753c1a",
      "Sets": {
        "1": [
          "sansupyu"
        ],
        "2": [
          "Sansupyuta (Japan)"
        ],
        "4": [
          "Sansupyuta (1985)(Epoch)(JP)(en)"
        ]
      },
      "Size": 32768,
      "Publishers": [
        0
      ],
      "ReleaseDate": "1/1/1985",
      "Regions": [
        "JP"
      ],
      "Languages": [
        "en"
      ]
    },
    {
      "Titles": [
        "Super Soccer"
      ],
      "Sha1s2Md5": "49509143f33f695bb4f2d1cfa1b997d7",
      "Crcs2Md5": "4ddb6fd912198ee5c5fb503f985b869c",
      "Sets": {
        "1": [
          "soccer"
        ],
        "2": [
          "Super Soccer (France)"
        ],
        "4": [
          "Super Soccer (1985)(Epoch)(JP)(en)[a]"
        ],
        "6": [
          "40938"
        ]
      },
      "Overview": {
        "en": [
          10
        ]
      },
      "Size": 16384,
      "Publishers": [
        0,
        1
      ],
      "Tags": [
        1
      ],
      "ReleaseDate": "1/1/1985",
      "Genres": [
        1
      ],
      "Regions": [
        "FR",
        "JP"
      ],
      "Languages": [
        "fr",
        "en"
      ]
    },
    {
      "Titles": [
        "Super Soccer"
      ],
      "Sha1s2Md5": "b1a858638c937bf44ff9b9f0f916b907",
      "Crcs2Md5": "8a1b95827b89a0a8d76a7b6f7910180d",
      "Sets": {
        "1": [
          "soccera"
        ],
        "2": [
          "Super Soccer (Japan)"
        ],
        "4": [
          "Super Soccer (1985)(Epoch)(JP)(en)"
        ],
        "6": [
          "40938"
        ]
      },
      "Overview": {
        "en": [
          10
        ]
      },
      "Size": 16384,
      "Publishers": [
        0,
        1
      ],
      "Tags": [
        0
      ],
      "CloneOf": "soccer",
      "ReleaseDate": "1/1/1985",
      "Genres": [
        1
      ],
      "Regions": [
        "JP"
      ],
      "Languages": [
        "en"
      ]
    },
    {
      "Titles": [
        "Ton Ton Ball"
      ],
      "Sha1s2Md5": "c1e71cefa2a4da0ac5b2155e7f8ecbf5",
      "Crcs2Md5": "58465afb7926e3ba4418587aa3b84ff2",
      "Sets": {
        "1": [
          "ttball"
        ],
        "2": [
          "Ton Ton Ball (Japan)"
        ],
        "4": [
          "Ton Ton Ball (1985)(Epoch)(JP)(en)"
        ],
        "6": [
          "40944"
        ]
      },
      "Overview": {
        "en": [
          16
        ]
      },
      "Size": 16384,
      "Publishers": [
        0,
        1
      ],
      "ReleaseDate": "1/1/1985",
      "Genres": [
        2
      ],
      "Regions": [
        "JP"
      ],
      "Languages": [
        "en"
      ]
    },
    {
      "Titles": [
        "Wheelie Racer"
      ],
      "Sha1s2Md5": "81a8f9a882682fe5ea1fbbf431ddde28",
      "Crcs2Md5": "b38fce9fa4b63ff8990a74d767abe672",
      "Sets": {
        "1": [
          "wheelrcr"
        ],
        "2": [
          "Wheelie Racer (Japan)"
        ],
        "4": [
          "Wheelie Racer (1985)(Epoch)(JP)(en)"
        ],
        "6": [
          "40935"
        ]
      },
      "Overview": {
        "en": [
          7
        ]
      },
      "Size": 16384,
      "Publishers": [
        0,
        1
      ],
      "ReleaseDate": "1/1/1985",
      "Genres": [
        3
      ],
      "Regions": [
        "JP"
      ],
      "Languages": [
        "en"
      ]
    },
    {
      "Titles": [
        "Wheelie Racer"
      ],
      "Sha1s2Md5": "d652020789b08d6fc6470907f9f24a77",
      "Crcs2Md5": "18f612932052114585364b89e85d97f6",
      "Sets": {
        "4": [
          "Wheelie Racer (1985)(Epoch)(JP)(en)[a]"
        ],
        "6": [
          "40935"
        ]
      },
      "Overview": {
        "en": [
          7
        ]
      },
      "Size": 16330,
      "Publishers": [
        0,
        1
      ],
      "Tags": [
        1
      ],
      "ReleaseDate": "1/1/1985",
      "Genres": [
        3
      ],
      "Regions": [
        "JP"
      ],
      "Languages": [
        "en"
      ]
    },
    {
      "Titles": [
        "Y² Monster Land",
        "Y2 Monster Land"
      ],
      "Sha1s2Md5": "c674b1a7e9e0c82c3cc61f437ada2998",
      "Crcs2Md5": "c34ca46d87c74fb0c8ff6f3bb19f5649",
      "Sets": {
        "1": [
          "y2mnstld"
        ],
        "4": [
          "Y2 Monster Land (1986)(Epoch)(JP)(en)"
        ]
      },
      "Size": 131072,
      "Publishers": [
        0
      ],
      "ReleaseDate": "1/1/1986",
      "Regions": [
        "JP"
      ],
      "Languages": [
        "en"
      ]
    }
  ],
  "Overviews": {
    "en": {
      "0": "Game #2",
      "1": "Game #3",
      "2": "Game #5",
      "3": "Game #6",
      "4": "Game #7",
      "5": "Game #8",
      "6": "Game #9",
      "7": "Game #10",
      "8": "Game #11",
      "9": "Game #12",
      "10": "Game #13",
      "11": "Game #14",
      "12": "Game #15",
      "13": "Game #16",
      "14": "Game #17",
      "15": "Game #18",
      "16": "Game #19",
      "17": "Game #22",
      "18": "Game #24",
      "19": "Game #25",
      "20": "Game #28",
      "21": "Game #29",
      "22": "Game #30"
    }
  },
  "Genres": {
    "0": "Shooter",
    "1": "Sports",
    "2": "Action",
    "3": "Racing",
    "4": "Puzzle",
    "5": "Platform"
  },
  "Companies": {
    "0": "Epoch",
    "1": "Epoch Co.,"
  },
  "Tags": {
    "0": "Alt",
    "1": "Alternate"
  }
}