{
  "PlatformName": "Jaguar CD",
  "LastUpdate": "7/6/2022 1:29:41 AM",
  "Games": [
    {
      "Titles": [
        "Baldies"
      ],
      "Sha1s2Md5": "f13cdba5c39c5566f146a39efde14247",
      "Crcs2Md5": "d406a6db0585fbdce4d2dd5cde47c338",
      "Sets": {
        "4": [
          "Baldies (1995)(Atari)(US)[J9055E][400720]"
        ],
        "6": [
          "5252"
        ]
      },
      "Overview": {
        "en": [
          0
        ]
      },
      "Size": 67345172,
      "Publishers": [
        0
      ],
      "Developers": [
        3
      ],
      "ReleaseDate": "1/1/1995",
      "Score": 2.0,
      "Reviewer": 5,
      "Regions": [
        "US"
      ],
      "Languages": [
        "en"
      ]
    },
    {
      "Titles": [
        "Baldies"
      ],
      "Sha1s2Md5": "aa25b0ed209c8f1c7cf2140dd2f00dea",
      "Crcs2Md5": "d93f44aba5ee32e970c73af29434d1a1",
      "Sets": {
        "4": [
          "Baldies (1995)(Atari)(US)[J9055E][401209]"
        ],
        "6": [
          "5252"
        ]
      },
      "Overview": {
        "en": [
          0
        ]
      },
      "Size": 67340276,
      "Publishers": [
        0
      ],
      "Developers": [
        3
      ],
      "ReleaseDate": "1/1/1995",
      "Score": 2.0,
      "Reviewer": 5,
      "Regions": [
        "US"
      ],
      "Languages": [
        "en"
      ]
    },
    {
      "Titles": [
        "Battlemorph"
      ],
      "Sha1s2Md5": "7be26d1820668e7ffcd701c94735b144",
      "Crcs2Md5": "79c3d8cd91b78ab2b7fe1ce6b6f6e247",
      "Sets": {
        "4": [
          "Battlemorph (1995)(Atari)(US)[J9017E]"
        ],
        "6": [
          "5254"
        ]
      },
      "Overview": {
        "en": [
          1
        ]
      },
      "Size": 640666630,
      "Publishers": [
        0
      ],
      "Developers": [
        4
      ],
      "ReleaseDate": "1/1/1995",
      "ESRB": "E",
      "Score": 4.0,
      "Reviewer": 5,
      "Regions": [
        "US"
      ],
      "Languages": [
        "en"
      ]
    },
    {
      "Titles": [
        "Blue Lightning v1.00"
      ],
      "Sha1s2Md5": "e1da52bb91def0c3af03899fd322c4c1",
      "Crcs2Md5": "d6a65a09e6f9a546be31eff9f4f5c14b",
      "Sets": {
        "4": [
          "Blue Lightning v1.00 (1995)(Atari)(US)[J9016E][Bundled with Atari Jaguar CD]"
        ]
      },
      "Version": "v1.00",
      "Size": 568396937,
      "Publishers": [
        0
      ],
      "ReleaseDate": "1/1/1995",
      "Regions": [
        "US"
      ],
      "Languages": [
        "en"
      ]
    },
    {
      "Titles": [
        "Blue Lightning v2.00"
      ],
      "Sha1s2Md5": "3dbc0ea60951a2840e5c35955562bc56",
      "Crcs2Md5": "2401d9af972de6e5a7cfbcbf44b0c0bd",
      "Sets": {
        "4": [
          "Blue Lightning v2.00 (1995)(Atari)(US)[J9016E][Bundled with Atari Jaguar CD]"
        ]
      },
      "Version": "v2.00",
      "Size": 568396937,
      "Publishers": [
        0
      ],
      "ReleaseDate": "1/1/1995",
      "Regions": [
        "US"
      ],
      "Languages": [
        "en"
      ]
    },
    {
      "Titles": [
        "Brain Dead 13 Starring Fritz"
      ],
      "Sha1s2Md5": "0f10bbe371c513d6cff3e0a8cfbc965d",
      "Crcs2Md5": "f6c4a68ab69445a740f5e84af7963e0f",
      "Sets": {
        "4": [
          "Brain Dead 13 Starring Fritz (1995)(Readysoft)(US)[35028]"
        ]
      },
      "Size": 433734424,
      "Publishers": [
        1
      ],
      "ReleaseDate": "1/1/1995",
      "Regions": [
        "US"
      ],
      "Languages": [
        "en"
      ]
    },
    {
      "Titles": [
        "Highlander: The Last of the MacLeods",
        "Highlander - The Last of the Macleods"
      ],
      "Sha1s2Md5": "c931311ef8324e58c5a9cd2c96f78367",
      "Crcs2Md5": "cd2a89e1017b579db9404c6f038c07bf",
      "Sets": {
        "4": [
          "Highlander - The Last of the Macleods (1995)(Atari)(US)[J9031E]"
        ],
        "6": [
          "5260"
        ]
      },
      "Overview": {
        "en": [
          2
        ]
      },
      "Size": 479086228,
      "Publishers": [
        0
      ],
      "Developers": [
        0
      ],
      "ReleaseDate": "1/1/1995",
      "Regions": [
        "US"
      ],
      "Languages": [
        "en"
      ]
    },
    {
      "Titles": [
        "Hover Strike: Unconquered Lands",
        "Hover Strike - Unconquered Lands"
      ],
      "Sha1s2Md5": "6bfa3d0a9fa84ab084183333969fa99c",
      "Crcs2Md5": "1770b030e5fc413311f820c0d7ae6c8f",
      "Sets": {
        "4": [
          "Hover Strike - Unconquered Lands (1995)(Atari)(US)[J9086E]"
        ],
        "6": [
          "5261"
        ]
      },
      "Overview": {
        "en": [
          3
        ]
      },
      "Size": 431948618,
      "Publishers": [
        0
      ],
      "Developers": [
        0
      ],
      "ReleaseDate": "1/1/1995",
      "Regions": [
        "US"
      ],
      "Languages": [
        "en"
      ]
    },
    {
      "Titles": [
        "Myst"
      ],
      "Sha1s2Md5": "b8cd114cfe100a4dd5b1464b94eced92",
      "Crcs2Md5": "6f2e56fb89a81516b213f51c44a88fb6",
      "Sets": {
        "4": [
          "Myst (1995)(Atari)(US)[J9069E]"
        ],
        "6": [
          "5263"
        ]
      },
      "Overview": {
        "en": [
          4
        ]
      },
      "Size": 582188807,
      "Publishers": [
        0,
        6
      ],
      "Developers": [
        5
      ],
      "ReleaseDate": "1/1/1995",
      "Score": 2.33,
      "Reviewer": 5,
      "Genres": [
        0
      ],
      "Regions": [
        "US"
      ],
      "Languages": [
        "en"
      ]
    },
    {
      "Titles": [
        "Primal Rage"
      ],
      "Sha1s2Md5": "c2da3dd632958fa0fc7d92a3fc9ce2b7",
      "Crcs2Md5": "b16c238ccb3dd7d24fb8129a6c820f40",
      "Sets": {
        "4": [
          "Primal Rage (1994)(Time Warner)(US)[301108-0182]"
        ],
        "6": [
          "5265"
        ]
      },
      "Overview": {
        "en": [
          5
        ]
      },
      "Size": 315115622,
      "Publishers": [
        2,
        7
      ],
      "Developers": [
        0
      ],
      "Tags": [
        0
      ],
      "ReleaseDate": "1/1/1994",
      "ESRB": "T",
      "Score": 3.5,
      "Reviewer": 5,
      "Genres": [
        1
      ],
      "Regions": [
        "US"
      ],
      "Languages": [
        "en"
      ]
    },
    {
      "Titles": [
        "Space Ace"
      ],
      "Sha1s2Md5": "9d888350393bdab627a389721945953e",
      "Crcs2Md5": "992eeeb060f18f17b83ee16e950abc18",
      "Sets": {
        "4": [
          "Space Ace (1995)(Readysoft)(US)[35008]"
        ],
        "6": [
          "5267"
        ]
      },
      "Overview": {
        "en": [
          6
        ]
      },
      "Size": 528473999,
      "Publishers": [
        1
      ],
      "Developers": [
        1
      ],
      "ReleaseDate": "1/1/1995",
      "ESRB": "E",
      "Score": 1.33,
      "Reviewer": 5,
      "Genres": [
        2
      ],
      "Regions": [
        "US"
      ],
      "Languages": [
        "en"
      ]
    }
  ],
  "Overviews": {
    "en": {
      "0": "Ever want to rule the world? With Baldies you have the resources, but do you have the strategy and skill? Build your own society complete with workers, builders, soldiers, and scientists, and use them to conquer enemy territory. When it comes to killing your foe, creativity is highly encouraged. You can skunk 'em, drown 'em, blow 'em up, and electrocute 'em. Plan your attack well. The enemy is trying to do the same to you!",
      "1": "Battlemorph is the Jaguar CD sequel to the first Jaguar cartridge, Cybermorph. This game takes place 30 years after the original. The Pernitian empire, long thought to be extinct, is back with a vengeance. Your new War Griffon craft must travel to 8 different star clusters so that your star ship can find the plasma it needs to make it's way to the Pernish cluster. Once you take out the Pernish home world, the galaxy may be safe from the Pernitians once and for all.",
      "2": "Quentin McCloud must rescue clan members during a journey across his world in this game for the Jaguar CD. Quentin is portrayed in 3D, as are his enemies, but most of his world is in 2D (much like Alone in the Dark and Resident Evil). Unfortunately, the 3D polygon construction of the characters is hideous, though the backgrounds and cut scenes are well done. The first-person control scheme has promise, but suffers from multiple problems. If Quentin is attacked from behind, by the time he pivots, he's usually dead. Highlander is a mediocre game deserving of consideration from Highlander fans but, even considering the scarcity of Jaguar CD titles, probably best left alone by others.",
      "3": "Hover Strike is a futuristic 3D action game where you pilot a lone hovercraft in a series of missions against overwhelming enemy forces. You must use your speed, firepower, and displays to outfight and outwit the enemy. The game presents a series of missions which must be completed before you can advance. Goals include destroying a certain number or type of enemy units. The missions take place in a variety of different planetary environments.",
      "4": "You have just stumbled upon a most intriguing book, a book titled Myst. You have no idea where it came from, who wrote it, or how old it is. Reading through its pages provides you with only a description of an island world. But it's just a book, isn't it? As you reach the end of the book, you lay your hand on a page. Suddenly your own world dissolves into blackness, replaced with the island world the pages described. Now you're here, wherever here is, with no option but to explore.\r\n\r\nMyst is a first-person point-and-click adventure where the player controls a character known as The Stranger. Magically transported into the world described in the book, he needs to explore Myst Island and solve its mysteries. The game is presented as a series of static scenes where the player acts with the environment by clicking and manipulating objects. There are no enemies and it is not possible to die. Through Myst Island, the game is further divided into mini-worlds set in different ages accessed through different books. \r\n\r\nThe game's interface is reduced to a single cursor for navigation and interaction. Rather than collecting items and using them to solve puzzles, the player must gather subtly placed clues and manipulate complex mechanical devices in order to advance in the game. The world of Myst is mostly uninhabited, and the game has very few live-action scenes with characters and dialogue.",
      "5": "Primal Rage is a one-on-one fighting game featuring dinosaurs and giant apes as the fighters. The graphics are done with digitized stop-motion animation. Gameplay is similar to Mortal Kombat in that it is viewed from a side perspective, and features deadly finishing moves at the end of the match.",
      "6": "The evil Commander Borf has kidnapped Ace&#039;s girlfriend, the beautiful Kimberly, and is plotting to enslave Earth using his dreaded \"Infanto Ray\", a weapon that changes everyone it blasts into a helpless baby. Armed with only a laser gun, Ace must find and destroy the Infanto Ray, rescue Kimberly and save Earth. All in a day&#039;s work for a superhero, right? Featuring full screen animation and crisp, powerful sound from the original laser disc arcade classic, Space Ace delivers arcade action at its most addictive!\r\n\r\nSpace Ace is something like an interactive cartoon. You don&#039;t control each and every action of your character, but you control his reactions to the events taking place around him. As you watch each of the more than 40 animated sequences play out, you must decide in which direction Ace should go and when. You must choose at what points he should wield his laser staff and fire his laser gun, and when he should jump, duck, or run."
    }
  },
  "Genres": {
    "0": "Adventure",
    "1": "Fighting",
    "2": "Action"
  },
  "Companies": {
    "0": "Atari",
    "1": "Readysoft",
    "2": "Time Warner",
    "3": "Creative Edge Studios",
    "4": "Attention to Detail",
    "5": "Cyan",
    "6": "SUNSOFT",
    "7": "Time Warner Interactive"
  },
  "Tags": {
    "0": "2 Player"
  }
}