{
  "PlatformName": "Game Pocket Computer",
  "LastUpdate": "6/25/2022 4:50:18 AM",
  "Games": [
    {
      "Titles": [
        "Astro Bomber"
      ],
      "Serials": [
        "1"
      ],
      "Sha1s2Md5": "74376873a2e9d2ea911e4f0ff5e870e2",
      "Crcs2Md5": "aae995d17b7ae32d89e20a3ac02c1537",
      "Sets": {
        "1": [
          "astrobom"
        ]
      },
      "Size": 8192,
      "Publishers": [
        0
      ],
      "ReleaseDate": "1/1/1984"
    },
    {
      "Titles": [
        "Block Maze"
      ],
      "Serials": [
        "2"
      ],
      "Sha1s2Md5": "4106d138047bd3e7460a9f03f0952066",
      "Crcs2Md5": "7ac4d87ed013a0fa43d2f7db13c5719f",
      "Sets": {
        "1": [
          "blockmaz"
        ]
      },
      "Size": 8192,
      "Publishers": [
        0
      ],
      "ReleaseDate": "1/1/1984"
    },
    {
      "Titles": [
        "Pokekon Mahjongg"
      ],
      "Serials": [
        "3"
      ],
      "Sha1s2Md5": "05fd713a18c9a33160168274adab8748",
      "Crcs2Md5": "478ff039469932eab58ac750469cf192",
      "Sets": {
        "1": [
          "pokemahj"
        ]
      },
      "Size": 16384,
      "Publishers": [
        0
      ],
      "ReleaseDate": "1/1/1984"
    },
    {
      "Titles": [
        "Pokekon Reversi"
      ],
      "Serials": [
        "4"
      ],
      "Sha1s2Md5": "e0769a3358d2a8175d614abd4439ba0a",
      "Crcs2Md5": "c7ceb7fbf9efb9ccf025c7b69b734fc6",
      "Sets": {
        "1": [
          "pokereve"
        ]
      },
      "Size": 8192,
      "Publishers": [
        0
      ],
      "ReleaseDate": "1/1/1984"
    },
    {
      "Titles": [
        "Soukoban - Store Keepers"
      ],
      "Serials": [
        "5"
      ],
      "Sha1s2Md5": "55900c37b06d59d7423f58be6448388b",
      "Crcs2Md5": "a4874afe3dd934879b759e0e3146d673",
      "Sets": {
        "1": [
          "sokoban"
        ]
      },
      "Size": 8192,
      "Publishers": [
        0
      ],
      "ReleaseDate": "1/1/1985"
    }
  ],
  "Overviews": {},
  "Genres": {},
  "Companies": {
    "0": "Epoch"
  },
  "Tags": {}
}