{
  "PlatformName": "Commodore Plus 4",
  "LastUpdate": "6/25/2022 4:43:17 AM",
  "Games": [
    {
      "Titles": [
        "[BIOS] Commodore"
      ],
      "Sha1s2Md5": "edb4f161d0ad59f9331fe74a209aaf97",
      "Crcs2Md5": "c2876c20d750de25a128b082cfd1e9d8",
      "Sets": {
        "2": [
          "[BIOS] Commodore V364 (USA) (Proto)"
        ]
      },
      "Version": "V364",
      "Size": 81920,
      "Tags": [
        1,
        0
      ],
      "Regions": [
        "US"
      ],
      "Languages": [
        "en"
      ]
    },
    {
      "Titles": [
        "[BIOS] Commodore 1551"
      ],
      "Sha1s2Md5": "a0a317a2143e15879100658bad792cfc",
      "Crcs2Md5": "ac31ed284ae4bd416de60d56c3429256",
      "Sets": {
        "2": [
          "[BIOS] Commodore 1551 (USA, Europe)"
        ]
      },
      "Size": 16384,
      "Tags": [
        0
      ],
      "Regions": [
        "US",
        "EU"
      ],
      "Languages": [
        "en"
      ]
    },
    {
      "Titles": [
        "[BIOS] Commodore 232"
      ],
      "Sha1s2Md5": "eaf5c516407471e130f97038b3797390",
      "Crcs2Md5": "3ce104960f58cc2ded0491aa264a8026",
      "Sets": {
        "2": [
          "[BIOS] Commodore 232 (Japan) (Proto)"
        ]
      },
      "Size": 32768,
      "Tags": [
        1,
        0
      ],
      "Regions": [
        "JP"
      ]
    },
    {
      "Titles": [
        "[BIOS] Commodore Plus-4"
      ],
      "Sha1s2Md5": "8dd02b1feaa9822c3daf6e5bf6cd66f7",
      "Crcs2Md5": "f6a0fc8e14d03e489cc0a567434215c7",
      "Sets": {
        "2": [
          "[BIOS] Commodore Plus-4 (Europe) (R3)"
        ]
      },
      "Size": 65536,
      "Tags": [
        0
      ],
      "Regions": [
        "EU"
      ]
    },
    {
      "Titles": [
        "[BIOS] Commodore Plus-4"
      ],
      "Sha1s2Md5": "abd2c4ae2ea78bfbd64469c26bacd5ef",
      "Crcs2Md5": "fa7bf4696369dc74a4ddfbaa484aa6a4",
      "Sets": {
        "2": [
          "[BIOS] Commodore Plus-4 (Europe) (R4)"
        ]
      },
      "Size": 65536,
      "Tags": [
        0
      ],
      "Regions": [
        "EU"
      ]
    },
    {
      "Titles": [
        "[BIOS] Commodore Plus-4"
      ],
      "Sha1s2Md5": "326dc8616f46767b2b9bdea2bd9058e2",
      "Crcs2Md5": "7bf562dda39a31c5ea8a1b80a5f756c6",
      "Sets": {
        "2": [
          "[BIOS] Commodore Plus-4 (Europe) (R5)"
        ]
      },
      "Size": 65536,
      "Tags": [
        0
      ],
      "Regions": [
        "EU"
      ]
    },
    {
      "Titles": [
        "[BIOS] Commodore Plus-4"
      ],
      "Sha1s2Md5": "80b26269461211ac61d8ab992229907d",
      "Crcs2Md5": "16519eab714685d087176506c2e1040e",
      "Sets": {
        "2": [
          "[BIOS] Commodore Plus-4 (USA) (R4)"
        ]
      },
      "Size": 65536,
      "Tags": [
        0
      ],
      "Regions": [
        "US"
      ],
      "Languages": [
        "en"
      ]
    },
    {
      "Titles": [
        "[BIOS] Commodore Plus-4"
      ],
      "Sha1s2Md5": "465871e338ffffd3d7a4c554ed7cb240",
      "Crcs2Md5": "47a492ae9b664216d69c0e73ef1132ea",
      "Sets": {
        "2": [
          "[BIOS] Commodore Plus-4 (USA) (R5)"
        ]
      },
      "Size": 65536,
      "Tags": [
        0
      ],
      "Regions": [
        "US"
      ],
      "Languages": [
        "en"
      ]
    },
    {
      "Titles": [
        "ACE: Air Combat Emulator"
      ],
      "Sha1s2Md5": "f364f12be64ef1b22e5f56ba120d1c3c",
      "Crcs2Md5": "7570ccb5a287be4426ea48df79afca7f",
      "Sets": {
        "1": [
          "ace"
        ]
      },
      "Size": 333744,
      "Publishers": [
        5
      ],
      "ReleaseDate": "1/1/1985"
    },
    {
      "Titles": [
        "Atomic Mission"
      ],
      "Serials": [
        "T116005"
      ],
      "Sha1s2Md5": "337ed60d2ebcbe4b6383b3aaff7abeb8",
      "Crcs2Md5": "b8f13fdda315c43da09943ab42470369",
      "Sets": {
        "1": [
          "atomicmi"
        ],
        "2": [
          "Atomic Mission (USA, Europe)"
        ]
      },
      "Size": 16384,
      "Publishers": [
        0
      ],
      "ReleaseDate": "1/1/1984",
      "Regions": [
        "US",
        "EU"
      ],
      "Languages": [
        "en"
      ]
    },
    {
      "Titles": [
        "Burn In"
      ],
      "Sha1s2Md5": "e310c77701c4a4122590d90c52b29bfd",
      "Crcs2Md5": "a4a895043dad45f414e0d2f771dd9cc4",
      "Sets": {
        "1": [
          "burnin"
        ]
      },
      "Size": 8192,
      "Publishers": [
        0
      ],
      "ReleaseDate": "1/1/1988"
    },
    {
      "Titles": [
        "Calc",
        "Plus"
      ],
      "Serials": [
        "T112003"
      ],
      "Sha1s2Md5": "b84cb47e28479e675cfb1b18f8231a85",
      "Crcs2Md5": "49fc8b9cfd121f2c730c3179e18b8eb8",
      "Sets": {
        "1": [
          "calcplus"
        ]
      },
      "Size": 32768,
      "Publishers": [
        0
      ],
      "ReleaseDate": "1/1/1984"
    },
    {
      "Titles": [
        "Calc Plus"
      ],
      "Sha1s2Md5": "152a895552032a5396e2d77c5286e5a8",
      "Crcs2Md5": "68e29c9ab3881918ebbf2ec3bd124b27",
      "Sets": {
        "2": [
          "Calc Plus (USA) (Program)"
        ]
      },
      "Size": 32768,
      "Tags": [
        2
      ],
      "Regions": [
        "US"
      ],
      "Languages": [
        "en"
      ]
    },
    {
      "Titles": [
        "Commodore 1551 Test Demo"
      ],
      "Sha1s2Md5": "9cd91170f827bdd454a165f7b2008f3d",
      "Crcs2Md5": "e1d3b984a19e285e81cb71e50e3e5d53",
      "Sets": {
        "1": [
          "1551demo"
        ]
      },
      "Size": 174848,
      "Publishers": [
        0
      ]
    },
    {
      "Titles": [
        "Commodore 16 Keyboard Tutorial"
      ],
      "Serials": [
        "T113016"
      ],
      "Sha1s2Md5": "a247d5c38c2cc79ec566bc537b108bbb",
      "Crcs2Md5": "6bbec0eb24e2d458aee473d205f0cf02",
      "Sets": {
        "1": [
          "c16kbtut"
        ]
      },
      "Size": 32768,
      "Publishers": [
        0
      ],
      "ReleaseDate": "1/1/1984"
    },
    {
      "Titles": [
        "Commodore 16 Keyboard Tutorial Cartridge"
      ],
      "Sha1s2Md5": "8f7f729949084d88bccf121e424aefbd",
      "Crcs2Md5": "b17d1d811f5cd67ae9a567471e4d04d5",
      "Sets": {
        "2": [
          "Commodore 16 Keyboard Tutorial Cartridge (USA) (Program)"
        ]
      },
      "Size": 32768,
      "Tags": [
        2
      ],
      "Regions": [
        "US"
      ],
      "Languages": [
        "en"
      ]
    },
    {
      "Titles": [
        "Daley Thompson's Star Events"
      ],
      "Sha1s2Md5": "587b2446a89d0ea2dfd7d9bf5f93bab3",
      "Crcs2Md5": "6ac8e6461e645cbc3ce92d99afcd7b1e",
      "Sets": {
        "1": [
          "dtstar"
        ]
      },
      "Size": 1283485,
      "Publishers": [
        4
      ],
      "ReleaseDate": "1/1/1985"
    },
    {
      "Titles": [
        "Diag 264"
      ],
      "Sha1s2Md5": "82295a78c42fdf88d236f111283ddce1",
      "Crcs2Md5": "cd924b06e413d95ab976c5234b669226",
      "Sets": {
        "1": [
          "diag264p"
        ]
      },
      "Size": 16384,
      "Publishers": [
        1
      ],
      "ReleaseDate": "1/1/2012"
    },
    {
      "Titles": [
        "Diag 264"
      ],
      "Sha1s2Md5": "ddfb1b6a4aae3432428edb981da26647",
      "Crcs2Md5": "daa9f6c4eaef54241c14365cfb1e2f1b",
      "Sets": {
        "1": [
          "diag264n"
        ]
      },
      "Size": 16384,
      "Publishers": [
        1
      ],
      "CloneOf": "diag264p",
      "ReleaseDate": "1/1/2012"
    },
    {
      "Titles": [
        "Diagnostic Test"
      ],
      "Sha1s2Md5": "9ad033766a1d6f7573f79664cbc28a02",
      "Crcs2Md5": "ffcd2bb1ebc3df2573b9c701d95b90d7",
      "Sets": {
        "1": [
          "diagtest"
        ]
      },
      "Size": 8192,
      "Publishers": [
        0
      ],
      "ReleaseDate": "1/1/1988"
    },
    {
      "Titles": [
        "Financial Advisor"
      ],
      "Serials": [
        "T232001"
      ],
      "Sha1s2Md5": "418e955dd112205c685de75ae4f1b74f",
      "Crcs2Md5": "97e86b176d5282c364d6006e19f7371e",
      "Sets": {
        "1": [
          "finadvis"
        ],
        "2": [
          "Financial Advisor (USA) (Program)"
        ]
      },
      "Size": 16384,
      "Publishers": [
        0
      ],
      "Tags": [
        2
      ],
      "ReleaseDate": "1/1/1984",
      "Regions": [
        "US"
      ],
      "Languages": [
        "en"
      ]
    },
    {
      "Titles": [
        "Jack Attack"
      ],
      "Serials": [
        "T116002"
      ],
      "Sha1s2Md5": "0022e8093798aa2ac458fb1a0f28f487",
      "Crcs2Md5": "14195100d3a938fd334bdb7a50d7df32",
      "Sets": {
        "1": [
          "jackattk"
        ],
        "2": [
          "Jack Attack (USA, Europe)"
        ]
      },
      "Size": 16384,
      "Publishers": [
        0
      ],
      "ReleaseDate": "1/1/1984",
      "Regions": [
        "US",
        "EU"
      ],
      "Languages": [
        "en"
      ]
    },
    {
      "Titles": [
        "LOGO"
      ],
      "Sha1s2Md5": "26ee422e16bd9650a5d01601549090c3",
      "Crcs2Md5": "65b0ced17d107cdc1ed73f271f5cc8ae",
      "Sets": {
        "2": [
          "LOGO (USA) (Program)"
        ]
      },
      "Size": 207616,
      "Tags": [
        2
      ],
      "Regions": [
        "US"
      ],
      "Languages": [
        "en"
      ]
    },
    {
      "Titles": [
        "LOGO: A Language for Learning"
      ],
      "Serials": [
        "T263001"
      ],
      "Sha1s2Md5": "875445cc6056adab343846d72933c477",
      "Crcs2Md5": "01536a05c221bf78a16a987321b69f9c",
      "Sets": {
        "1": [
          "logo"
        ]
      },
      "Size": 207616,
      "Publishers": [
        0
      ],
      "ReleaseDate": "1/1/1984"
    },
    {
      "Titles": [
        "Octasoft BASIC 7.0",
        "Octasoft BASIC"
      ],
      "Sha1s2Md5": "096115d50e4684f4d9453f755be3df7d",
      "Crcs2Md5": "8a7c4eacfa87dba667d9d8004bb36ca2",
      "Sets": {
        "1": [
          "basic7"
        ],
        "2": [
          "Octasoft BASIC v7.0 (Hungary) (Program)"
        ]
      },
      "Version": "v7.0",
      "Size": 16384,
      "Publishers": [
        2
      ],
      "Tags": [
        2
      ],
      "ReleaseDate": "1/1/1988",
      "Languages": [
        "en"
      ]
    },
    {
      "Titles": [
        "Pirate Adventure"
      ],
      "Serials": [
        "T116004"
      ],
      "Sha1s2Md5": "e02cf1a7c9c8d06db87eda809e853166",
      "Crcs2Md5": "9c45e1b20eaf17c10b5e95fa6bc3488a",
      "Sets": {
        "1": [
          "piratead"
        ],
        "2": [
          "Pirate Adventure (USA, Europe)"
        ]
      },
      "Size": 16384,
      "Publishers": [
        0
      ],
      "ReleaseDate": "1/1/1984",
      "Regions": [
        "US",
        "EU"
      ],
      "Languages": [
        "en"
      ]
    },
    {
      "Titles": [
        "Script",
        "Plus"
      ],
      "Serials": [
        "T112001"
      ],
      "Sha1s2Md5": "29b99e10ff6382e368deb83f6f5596e7",
      "Crcs2Md5": "2bdeb33fc284a4af5569286924034c42",
      "Sets": {
        "1": [
          "scriptpl"
        ]
      },
      "Size": 32768,
      "Publishers": [
        0
      ],
      "ReleaseDate": "1/1/1984"
    },
    {
      "Titles": [
        "Speedy"
      ],
      "Sha1s2Md5": "92667ff88570651297435d8fcde4e7e1",
      "Crcs2Md5": "b3b4a9141e2fc279fa6df6fbe1eee6ad",
      "Sets": {
        "1": [
          "speedy"
        ]
      },
      "Size": 8192,
      "ReleaseDate": "1/1/1988"
    },
    {
      "Titles": [
        "Strange Odyssey"
      ],
      "Serials": [
        "T116006"
      ],
      "Sha1s2Md5": "161db5b1e9aa2fafebe307269f931b1c",
      "Crcs2Md5": "19a9940f61e2df555b8bdd18acea5c41",
      "Sets": {
        "1": [
          "strngeod"
        ],
        "2": [
          "Strange Odyssey (USA, Europe)"
        ]
      },
      "Size": 16384,
      "Publishers": [
        0
      ],
      "ReleaseDate": "1/1/1984",
      "Regions": [
        "US",
        "EU"
      ],
      "Languages": [
        "en"
      ]
    },
    {
      "Titles": [
        "TurboPlus"
      ],
      "Sha1s2Md5": "7af333a0b9f5435167f9a40f863b0312",
      "Crcs2Md5": "e97e5225c8d81c29ff88621f9e3f5dc6",
      "Sets": {
        "1": [
          "turbopls"
        ]
      },
      "Size": 8192,
      "Publishers": [
        3
      ],
      "ReleaseDate": "1/1/1987"
    },
    {
      "Titles": [
        "Typing Professor"
      ],
      "Sha1s2Md5": "8acf07257ebb5b02311032a32966ba22",
      "Crcs2Md5": "a239f7920caf4043218216b5134e18da",
      "Sets": {
        "1": [
          "typingpr"
        ]
      },
      "Size": 333744,
      "Publishers": [
        0
      ],
      "ReleaseDate": "1/1/1984"
    },
    {
      "Titles": [
        "Viduzzles"
      ],
      "Serials": [
        "T116001"
      ],
      "Sha1s2Md5": "a8d5ffb63fe1d01755b4bcc8a4addfea",
      "Crcs2Md5": "dabb3bd2c66633d595269659eb7d87f4",
      "Sets": {
        "1": [
          "viduzzle"
        ],
        "2": [
          "Viduzzles (USA, Europe)"
        ]
      },
      "Size": 16384,
      "Publishers": [
        0
      ],
      "ReleaseDate": "1/1/1984",
      "Regions": [
        "US",
        "EU"
      ],
      "Languages": [
        "en"
      ]
    },
    {
      "Titles": [
        "Zork II: The Wizard of Frobozz"
      ],
      "Sha1s2Md5": "21badcab5b27bfb5697baac251502aaa",
      "Crcs2Md5": "5e66d9517f88cff209400be6b913040b",
      "Sets": {
        "1": [
          "zork2"
        ]
      },
      "Size": 333744,
      "Publishers": [
        0
      ],
      "ReleaseDate": "1/1/1984"
    }
  ],
  "Overviews": {},
  "Genres": {},
  "Companies": {
    "0": "Commodore",
    "1": "crock",
    "2": "Novotrade",
    "3": "Kingsoft",
    "4": "Ocean",
    "5": "Cascade"
  },
  "Tags": {
    "0": "BIOS",
    "1": "Proto",
    "2": "APPLICATION"
  }
}