{
  "PlatformName": "Game.com",
  "LastUpdate": "6/25/2022 5:11:52 AM",
  "Games": [
    {
      "Titles": [
        "[BIOS] Tiger Game.com"
      ],
      "Sha1s2Md5": "01cbe4916bb4ee861e5da7fe2795112f",
      "Crcs2Md5": "24c1d7532f317d9359d12a1b8c69405e",
      "Sets": {
        "2": [
          "[BIOS] Tiger Game.com (USA) (External)"
        ]
      },
      "Size": 262144,
      "Tags": [
        0
      ],
      "Regions": [
        "US"
      ],
      "Languages": [
        "en"
      ]
    },
    {
      "Titles": [
        "[BIOS] Tiger Game.com"
      ],
      "Sha1s2Md5": "4951f8aa6871937f989e08e67d981ff0",
      "Crcs2Md5": "3c3583159c7842a03baf4862b5f4ad94",
      "Sets": {
        "2": [
          "[BIOS] Tiger Game.com (USA) (Internal)"
        ]
      },
      "Size": 4096,
      "Tags": [
        0
      ],
      "Regions": [
        "US"
      ],
      "Languages": [
        "en"
      ]
    },
    {
      "Titles": [
        "Batman & Robin"
      ],
      "Serials": [
        "71709"
      ],
      "Sha1s2Md5": "1ee14b4ae2a5f646c2109ca2bdb50024",
      "Crcs2Md5": "e48b4798637763753b8cc65f0155c020",
      "Sets": {
        "1": [
          "batmanr"
        ],
        "2": [
          "Batman & Robin (USA)"
        ],
        "6": [
          "32115"
        ]
      },
      "Overview": {
        "en": [
          4
        ]
      },
      "Size": 2097152,
      "Publishers": [
        0
      ],
      "Developers": [
        0
      ],
      "ReleaseDate": "1/1/1997",
      "Genres": [
        0
      ],
      "Regions": [
        "US"
      ],
      "Languages": [
        "en"
      ]
    },
    {
      "Titles": [
        "Centipede"
      ],
      "Serials": [
        "71755"
      ],
      "Sha1s2Md5": "bfbacd1fe50232708a6f47819644379f",
      "Crcs2Md5": "15668245139d5c07703fdf8b64e61a9a",
      "Sets": {
        "1": [
          "centiped"
        ],
        "2": [
          "Centipede (USA)"
        ],
        "6": [
          "46786"
        ]
      },
      "Overview": {
        "en": [
          11
        ]
      },
      "Size": 262144,
      "Publishers": [
        0
      ],
      "Developers": [
        5
      ],
      "Tags": [
        4
      ],
      "ReleaseDate": "1/1/1999",
      "ESRB": "E",
      "Score": 4.5,
      "Reviewer": 5,
      "Genres": [
        3
      ],
      "Regions": [
        "US"
      ],
      "Languages": [
        "en"
      ]
    },
    {
      "Titles": [
        "Duke Nukem 3D"
      ],
      "Serials": [
        "71712"
      ],
      "Sha1s2Md5": "e3ab58bf21057ba0e8aa20a0c0b66b4f",
      "Crcs2Md5": "30a9736847709dab03022361b772e608",
      "Sets": {
        "1": [
          "dukenuke"
        ],
        "2": [
          "Duke Nukem 3D (USA)"
        ],
        "6": [
          "32116"
        ]
      },
      "Overview": {
        "en": [
          5
        ]
      },
      "Size": 2097152,
      "Publishers": [
        0
      ],
      "Developers": [
        3
      ],
      "ReleaseDate": "1/1/1997",
      "Score": 2.0,
      "Reviewer": 5,
      "Genres": [
        3
      ],
      "Regions": [
        "US"
      ],
      "Languages": [
        "en"
      ]
    },
    {
      "Titles": [
        "Fighters Megamix"
      ],
      "Serials": [
        "71739"
      ],
      "Sha1s2Md5": "b78650feb9d636de00e5ccc03706dff6",
      "Crcs2Md5": "ed41c6f5e3c4317f91f65d61efc6135f",
      "Sets": {
        "1": [
          "fightmix"
        ],
        "2": [
          "Fighters Megamix (USA)"
        ],
        "6": [
          "32113"
        ]
      },
      "Overview": {
        "en": [
          2
        ]
      },
      "Size": 2097152,
      "Publishers": [
        0
      ],
      "Developers": [
        1
      ],
      "Tags": [
        1
      ],
      "ReleaseDate": "1/1/1998",
      "ESRB": "E",
      "Score": 1.33,
      "Reviewer": 5,
      "Genres": [
        2
      ],
      "Regions": [
        "US"
      ],
      "Languages": [
        "en"
      ]
    },
    {
      "Titles": [
        "Frogger"
      ],
      "Serials": [
        "71756"
      ],
      "Sha1s2Md5": "05d336d601087c546452d01ea082a0ab",
      "Crcs2Md5": "cc8d8dc4ad6fd2f3f980f7d4bfa4d5da",
      "Sets": {
        "1": [
          "frogger"
        ],
        "2": [
          "Frogger (USA)"
        ],
        "6": [
          "40291"
        ]
      },
      "Overview": {
        "en": [
          7
        ]
      },
      "Size": 1048576,
      "Publishers": [
        0
      ],
      "Developers": [
        0
      ],
      "Tags": [
        3
      ],
      "ReleaseDate": "1/1/1999",
      "ESRB": "E",
      "Score": 4.5,
      "Reviewer": 5,
      "Genres": [
        5
      ],
      "Regions": [
        "US"
      ],
      "Languages": [
        "en"
      ]
    },
    {
      "Titles": [
        "Game.com Internet",
        "Internet"
      ],
      "Serials": [
        "71529"
      ],
      "Sha1s2Md5": "d5107f62027ec18fb6af91b89dd9e27e",
      "Crcs2Md5": "c95d1952f7354b081b98432b020f0c23",
      "Sets": {
        "1": [
          "internet"
        ],
        "2": [
          "Internet (USA)"
        ],
        "6": [
          "40282"
        ]
      },
      "Size": 262144,
      "Publishers": [
        0
      ],
      "Developers": [
        0
      ],
      "ReleaseDate": "1/1/1997",
      "Regions": [
        "US"
      ],
      "Languages": [
        "en"
      ]
    },
    {
      "Titles": [
        "Henry - Match the Sounds Memory Game",
        "Henry"
      ],
      "Serials": [
        "71728"
      ],
      "Sha1s2Md5": "b33e83484e051445acd7e991b37faf06",
      "Crcs2Md5": "578a2e050ed330da99007c39a78f81b7",
      "Sets": {
        "1": [
          "henry"
        ],
        "2": [
          "Henry (USA)"
        ],
        "6": [
          "46789"
        ]
      },
      "Overview": {
        "en": [
          12
        ]
      },
      "Size": 1048576,
      "Publishers": [
        0
      ],
      "Developers": [
        0
      ],
      "ReleaseDate": "1/1/1997",
      "Score": 2.33,
      "Reviewer": 5,
      "Genres": [
        5
      ],
      "Regions": [
        "US"
      ],
      "Languages": [
        "en"
      ]
    },
    {
      "Titles": [
        "Indy 500"
      ],
      "Serials": [
        "71525"
      ],
      "Sha1s2Md5": "f17324a853918f7f1382fd78c14a7ef1",
      "Crcs2Md5": "16890779a4ff79672703ab0d298cf059",
      "Sets": {
        "1": [
          "indy500"
        ],
        "2": [
          "Indy 500 (USA)"
        ],
        "6": [
          "40285"
        ]
      },
      "Size": 1048576,
      "Publishers": [
        0
      ],
      "Developers": [
        0
      ],
      "ReleaseDate": "1/1/1997",
      "ESRB": "E",
      "Score": 2.33,
      "Reviewer": 5,
      "Genres": [
        4
      ],
      "Regions": [
        "US"
      ],
      "Languages": [
        "en"
      ]
    },
    {
      "Titles": [
        "Jeopardy!"
      ],
      "Serials": [
        "71726"
      ],
      "Sha1s2Md5": "106eaac6a9e3383dde150dd5fdce69e8",
      "Crcs2Md5": "0c93116471d378e50d1d4cf4ca992415",
      "Sets": {
        "1": [
          "jeopardy"
        ],
        "2": [
          "Jeopardy! (USA)"
        ],
        "6": [
          "46858"
        ]
      },
      "Overview": {
        "en": [
          13
        ]
      },
      "Size": 1048576,
      "Publishers": [
        0
      ],
      "Developers": [
        0
      ],
      "Tags": [
        4
      ],
      "ReleaseDate": "1/1/1997",
      "ESRB": "E",
      "Score": 1.33,
      "Reviewer": 5,
      "Genres": [
        5
      ],
      "Regions": [
        "US"
      ],
      "Languages": [
        "en"
      ]
    },
    {
      "Titles": [
        "Lights Out"
      ],
      "Serials": [
        "71735"
      ],
      "Sha1s2Md5": "7eadd1f5c55857c00ea3e2c19fe042b6",
      "Crcs2Md5": "d509a67cc2a720b8e6d04f37ebaba39a",
      "Sets": {
        "1": [
          "lightout"
        ],
        "2": [
          "Lights Out (USA)"
        ],
        "6": [
          "46860"
        ]
      },
      "Overview": {
        "en": [
          14
        ]
      },
      "Size": 32768,
      "Publishers": [
        0
      ],
      "Developers": [
        0
      ],
      "ReleaseDate": "1/1/1997",
      "ESRB": "E",
      "Score": 1.33,
      "Reviewer": 5,
      "Genres": [
        5
      ],
      "Regions": [
        "US"
      ],
      "Languages": [
        "en"
      ]
    },
    {
      "Titles": [
        "Monopoly"
      ],
      "Serials": [
        "71752"
      ],
      "Sha1s2Md5": "1badd0add00d4648b0fa110603ec5552",
      "Crcs2Md5": "43657900e22b1e666d1cef4241b9b261",
      "Sets": {
        "1": [
          "monopoly"
        ],
        "2": [
          "Monopoly (USA)"
        ],
        "6": [
          "42180"
        ]
      },
      "Overview": {
        "en": [
          8
        ]
      },
      "Size": 2097152,
      "Publishers": [
        0
      ],
      "Developers": [
        0
      ],
      "Tags": [
        3
      ],
      "ReleaseDate": "1/1/1999",
      "Genres": [
        6
      ],
      "Regions": [
        "US"
      ],
      "Languages": [
        "en"
      ]
    },
    {
      "Titles": [
        "Mortal Kombat Trilogy"
      ],
      "Serials": [
        "71711"
      ],
      "Sha1s2Md5": "b30c60bdbdb7b9a9c037d5a66ad05951",
      "Crcs2Md5": "ea9af2816011eda0cce12d3b5f72ffc2",
      "Sets": {
        "1": [
          "mktrilgy"
        ],
        "6": [
          "32114"
        ]
      },
      "Overview": {
        "en": [
          3
        ]
      },
      "Size": 1835008,
      "Publishers": [
        0
      ],
      "Developers": [
        2
      ],
      "Tags": [
        1
      ],
      "ReleaseDate": "1/1/1997",
      "Score": 1.33,
      "Reviewer": 5,
      "Genres": [
        2
      ]
    },
    {
      "Titles": [
        "Mortal Kombat Trilogy"
      ],
      "Sha1s2Md5": "1d11e65b7388f86f826a9713acea1e7c",
      "Crcs2Md5": "77e086de4f4909cdee756afe838f9ffb",
      "Sets": {
        "2": [
          "Mortal Kombat Trilogy (USA)"
        ],
        "6": [
          "32114"
        ]
      },
      "Overview": {
        "en": [
          3
        ]
      },
      "Size": 2097152,
      "Publishers": [
        0
      ],
      "Developers": [
        2
      ],
      "Tags": [
        1
      ],
      "ReleaseDate": "1/1/1998",
      "Score": 1.33,
      "Reviewer": 5,
      "Genres": [
        2
      ],
      "Regions": [
        "US"
      ],
      "Languages": [
        "en"
      ]
    },
    {
      "Titles": [
        "Quiz Wiz: Cyber Trivia",
        "Quiz Wiz - Cyber Trivia"
      ],
      "Serials": [
        "71524"
      ],
      "Sha1s2Md5": "2279e521aa9b68cab44447d1b1855504",
      "Crcs2Md5": "e44c7673a4b26bc5a995725fa7f46e1d",
      "Sets": {
        "1": [
          "quizwiz"
        ],
        "2": [
          "Quiz Wiz - Cyber Trivia (USA)"
        ],
        "6": [
          "40292"
        ]
      },
      "Size": 1048576,
      "Publishers": [
        0
      ],
      "Developers": [
        0
      ],
      "ReleaseDate": "1/1/1997",
      "ESRB": "E",
      "Genres": [
        5
      ],
      "Regions": [
        "US"
      ],
      "Languages": [
        "en"
      ]
    },
    {
      "Titles": [
        "Resident Evil 2"
      ],
      "Serials": [
        "71745"
      ],
      "Sha1s2Md5": "a4ce4a0706844131c98b40dec5dc33ff",
      "Crcs2Md5": "0d6f25746e9b9a910763d1fc90721783",
      "Sets": {
        "1": [
          "re2"
        ],
        "6": [
          "32111"
        ]
      },
      "Overview": {
        "en": [
          0
        ]
      },
      "Size": 1835008,
      "Publishers": [
        0
      ],
      "Developers": [
        0
      ],
      "ReleaseDate": "1/1/1998",
      "ESRB": "T",
      "Score": 4.0,
      "Reviewer": 5,
      "Genres": [
        0
      ]
    },
    {
      "Titles": [
        "Resident Evil 2"
      ],
      "Sha1s2Md5": "16c6f3dd94e746ec2a96ca9afce41eea",
      "Crcs2Md5": "32a15b2c7a0e8f30d50e0597e89b711f",
      "Sets": {
        "2": [
          "Resident Evil 2 (USA)"
        ],
        "6": [
          "32111"
        ]
      },
      "Overview": {
        "en": [
          0
        ]
      },
      "Size": 2097152,
      "Publishers": [
        0
      ],
      "Developers": [
        0
      ],
      "ReleaseDate": "11/11/1998",
      "ESRB": "T",
      "Score": 4.0,
      "Reviewer": 5,
      "Genres": [
        0
      ],
      "Regions": [
        "US"
      ],
      "Languages": [
        "en"
      ]
    },
    {
      "Titles": [
        "Scrabble"
      ],
      "Serials": [
        "71754"
      ],
      "Sha1s2Md5": "2056881d1a6c65de708983566f0588b1",
      "Crcs2Md5": "6f595ad217cadd02811939dac223fd65",
      "Sets": {
        "1": [
          "scrabble"
        ],
        "2": [
          "Scrabble (USA)"
        ],
        "6": [
          "40289"
        ]
      },
      "Size": 2097152,
      "Publishers": [
        0
      ],
      "Developers": [
        4
      ],
      "Tags": [
        3
      ],
      "ReleaseDate": "1/1/1999",
      "ESRB": "E",
      "Score": 4.75,
      "Reviewer": 5,
      "Genres": [
        5
      ],
      "Regions": [
        "US"
      ],
      "Languages": [
        "en"
      ]
    },
    {
      "Titles": [
        "Sonic Jam"
      ],
      "Serials": [
        "71734"
      ],
      "Sha1s2Md5": "e030f4ea6979f63ff8dfffd83e272a1f",
      "Crcs2Md5": "de770d8d4f9871c259808375c9db5bc1",
      "Sets": {
        "1": [
          "sonicjam"
        ],
        "2": [
          "Sonic Jam (USA)"
        ],
        "6": [
          "32112"
        ]
      },
      "Overview": {
        "en": [
          1
        ]
      },
      "Size": 2097152,
      "Publishers": [
        0
      ],
      "Developers": [
        1
      ],
      "ReleaseDate": "1/1/1998",
      "Score": 1.0,
      "Reviewer": 5,
      "Genres": [
        1
      ],
      "Regions": [
        "US"
      ],
      "Languages": [
        "en"
      ]
    },
    {
      "Titles": [
        "The Lost World: Jurassic Park",
        "The Lost World - Jurassic Park",
        "Jurassic Park - The Lost World"
      ],
      "Serials": [
        "71704"
      ],
      "Sha1s2Md5": "d1e455b4853520f42904262bcf0fb8ad",
      "Crcs2Md5": "89c2f1845d0070ab52689f622c87f2ff",
      "Sets": {
        "1": [
          "lostwrld"
        ],
        "2": [
          "Jurassic Park - The Lost World (USA)"
        ],
        "6": [
          "32117"
        ]
      },
      "Overview": {
        "en": [
          6
        ]
      },
      "Size": 2097152,
      "Publishers": [
        0
      ],
      "Developers": [
        0
      ],
      "ReleaseDate": "1/1/1997",
      "ESRB": "E",
      "Score": 1.33,
      "Reviewer": 5,
      "Genres": [
        0
      ],
      "Regions": [
        "US"
      ],
      "Languages": [
        "en"
      ]
    },
    {
      "Titles": [
        "Tiger Casino"
      ],
      "Serials": [
        "71731"
      ],
      "Sha1s2Md5": "5427eecb21e1be90b8f31995fcbe03f5",
      "Crcs2Md5": "ae47c6b34149110e7ac8342544bf0c6b",
      "Sets": {
        "1": [
          "tcasino"
        ],
        "6": [
          "42608"
        ]
      },
      "Overview": {
        "en": [
          10
        ]
      },
      "Size": 1835008,
      "Publishers": [
        0
      ],
      "ReleaseDate": "1/1/1998",
      "ESRB": "E",
      "Score": 3.0,
      "Reviewer": 5,
      "Genres": [
        5
      ]
    },
    {
      "Titles": [
        "Tiger Casino"
      ],
      "Sha1s2Md5": "0b94a5e3dd5a2fd5d149a9b57f4ad41a",
      "Crcs2Md5": "a5111976de0c245c264e3a7ce3246156",
      "Sets": {
        "2": [
          "Tiger Casino (USA)"
        ],
        "6": [
          "42608"
        ]
      },
      "Overview": {
        "en": [
          10
        ]
      },
      "Size": 2097152,
      "ReleaseDate": "1/1/1998",
      "ESRB": "E",
      "Score": 3.0,
      "Reviewer": 5,
      "Genres": [
        5
      ],
      "Regions": [
        "US"
      ],
      "Languages": [
        "en"
      ]
    },
    {
      "Titles": [
        "Tiger Web Link"
      ],
      "Serials": [
        "71747"
      ],
      "Sha1s2Md5": "5f0ff8e9d5b257fd501ea593148a5e78",
      "Crcs2Md5": "4cb2f1fad70007537580841e1fddefa3",
      "Sets": {
        "1": [
          "weblink"
        ],
        "2": [
          "Tiger Web Link (USA)"
        ],
        "6": [
          "62782"
        ]
      },
      "Size": 262144,
      "Publishers": [
        0
      ],
      "ReleaseDate": "1/1/1997",
      "Genres": [
        7
      ],
      "Regions": [
        "US"
      ],
      "Languages": [
        "en"
      ]
    },
    {
      "Titles": [
        "Wheel of Fortune"
      ],
      "Serials": [
        "71523"
      ],
      "Sha1s2Md5": "0742e7d07c417318102caf4095e5d3b6",
      "Crcs2Md5": "c5d896fae2d6e31a217804e1d2f838e9",
      "Sets": {
        "1": [
          "wheelfor"
        ],
        "2": [
          "Wheel of Fortune (USA)"
        ],
        "6": [
          "40288"
        ]
      },
      "Size": 524288,
      "Publishers": [
        0
      ],
      "Developers": [
        0
      ],
      "Tags": [
        2
      ],
      "ReleaseDate": "1/1/1997",
      "ESRB": "E",
      "Score": 4.5,
      "Reviewer": 5,
      "Genres": [
        5
      ],
      "Regions": [
        "US"
      ],
      "Languages": [
        "en"
      ]
    },
    {
      "Titles": [
        "Wheel of Fortune 2"
      ],
      "Serials": [
        "71527"
      ],
      "Sha1s2Md5": "8779f238f8d274d53eaab629ce410a7e",
      "Crcs2Md5": "dca3c5a873ab92cc927bb8240b270843",
      "Sets": {
        "1": [
          "wheelfo2"
        ],
        "2": [
          "Wheel of Fortune 2 (USA)"
        ],
        "6": [
          "46866"
        ]
      },
      "Size": 524288,
      "Publishers": [
        0
      ],
      "Developers": [
        0
      ],
      "ReleaseDate": "1/1/1998",
      "ESRB": "E",
      "Genres": [
        5
      ],
      "Regions": [
        "US"
      ],
      "Languages": [
        "en"
      ]
    },
    {
      "Titles": [
        "Williams Arcade Classics"
      ],
      "Serials": [
        "71722"
      ],
      "Sha1s2Md5": "1e5344761cca145317c7667e29228280",
      "Crcs2Md5": "40a9be80f63b3128bfd23d0826bc8255",
      "Sets": {
        "1": [
          "arcadecl"
        ],
        "2": [
          "Williams Arcade Classics (USA)"
        ],
        "6": [
          "42222"
        ]
      },
      "Overview": {
        "en": [
          9
        ]
      },
      "Size": 1048576,
      "Publishers": [
        0
      ],
      "Developers": [
        0
      ],
      "ReleaseDate": "1/1/1997",
      "Score": 4.0,
      "Reviewer": 5,
      "Genres": [
        0
      ],
      "Regions": [
        "US"
      ],
      "Languages": [
        "en"
      ]
    }
  ],
  "Overviews": {
    "en": {
      "0": "Zombies have overtaken the city. It's now up to you, a sworn officer of the law, to stop them. It's one terrifyingly evil encounter after another. Can you survive the horror? If the suspense doesn't kill you...something else will.",
      "1": "Everyone's favorite hedgehog is at it again and he's jammin'! Join Sonic on his action-packed adventure. It's high-speed, non-stop fun as the best of Sonic merges. Play classic levels of Sonic 2, 3 and Sonic & Knuckles.",
      "2": "It's Virtua Fighting 2 vs. Fighting Vipers! Two arcade smash hits, smashing into each other in the ultimate battle for supremacy. It's cutting edge combat. It's also filled with surprises - try to unlock your favorite characters from Daytona USA and Virtua Cop! This is fighting like you've never experienced before! Play alone or, with the compete.com cable (available separately), play head-to-head against a friend for face-kicking, stomach-churning action.",
      "3": "This successor to the arcade megahits features the meanest of the mean and the baddest of the bad. If you think you've mastered the moves and out-bossed the bosses, think again! It's one-on-one action with one of the most successful martial arts series of all times.",
      "4": "An evil chill confronts Batman and Robin. The sinister Mr. Freeze intends to remake Gotham City in the image of his own cold heart. Encouraged by the diabolical Poison Ivy, Mr. Freeze plans to steal all the city's diamonds. Playing as Batman or Robin, it's your mission to put these criminals in the cooler!",
      "5": "Hi-octane action at your fingertips! It's up to Duke Nukem to save the planet. Pull out your shotgun and start blasting as storms of aliens gun for your head. Will you survive? Only if you can think fast and shoot faster. Remember: it's a frag-or-be-fragged world.",
      "6": "Experience all the heart-pounding adventure of The Lost World, the sequel to Jurassic Park, one of the best-selling books and highest-grossing films of all time! You thought dinos are extinct? Well, think again. They're back - and they're all here!",
      "7": "How does the Frog cross the road? CAREFULLY!\r\n\r\nWith obstacles everywhere, this frog doesn't know where to hop! You'll need to guide its every leap across hazardous highways, its every bound over wild waterways. Watch out for trucks and disappearing lily pads. One wrong jump and your frogger is road kill... or fish food.\r\n\r\nBe ready. Or be dead!",
      "8": "Pass GO - and go directly to fun! It's all here, the best-loved board games of all time.\r\n\r\nPlay against game.com or against your friends (up to 6 can compete)\r\n\r\nTrade railroads! Buy houses! Build hotels! GET RICH!!",
      "9": "Five of the greatest arcade hits of all time - now available in one portable collection: Joust, Defender, Robotron, Defender II (Stargate), SiniStar! Classic game play, radical fun.\r\n\r\n-Full versions of the biggest hits in coin-op history!\r\n-Animation and sound effects from the originals\r\n-Staying power to the max: these classics launched an industry!",
      "10": "\"Step in and place your bets.  You've just entered the Tiger Casino, where you can test your luck at the classics: Video Poker, Video Black Jack, Roulette, Video Hi-Low (War) and two Video Slot Machines.  Practice your poker face.  Hone your skill.  Place your bets.  WIN!\r\n\r\n- 6 Casino-style games\r\n- Winning animation and sound effects\r\n- Full use of touch screen interface\r\n\r\nTHESE GAMES ARE FOR ENTERTAINMENT PURPOSES ONLY.  ANY USE FOR GAMBLING OR WAGERING IS PROHIBITED.  BECAUSE OF ITS THEME, THIS CART IS RECOMMENDED FOR MATURE AUDIENCES.\"",
      "11": "Game play consists of a series of \"rounds\" that are completed once the player eliminates the centipede(s) that wind down the playing field. Obstacles such as spiders, fleas, and scorpions complicate the game. At the same time, a population of mushrooms grows between the player and each centipede. Optionally, the player is tasked with rescuing villagers and bystanders and preventing damage to key structures; although ignoring these tasks does not prevent the player from being able to complete the round regardless.",
      "12": "This is a match game using sound and pictures. You have 16 buttons with sounds and pictures under them, given a clue you have to match a sound and picture. If you find a match the button will light, get 4 lights and the game is over. If you found the last one you when if not then your opponent wins. There are 3 game modes:\r\nPractice - Compete against yourself to get use to the game.\r\nSingle - This pits you against Henry.\r\nTwo Players - You can play against another person by alternating turns.\r\nYou also have the option to play with or without sound clues or visual clues.",
      "13": "IT'S ALL HERE: THE CHALLENGE, EXCITEMENT AND THRILL OF ONE  OF AMERICA'S FAVORITE TV GAME SHOWS. TEST YOUR KNOWLEDGE WITH AUTHENTIC PUZZLES. THEN HONE YOUR SKILLS AS YOU PREPARE FOR FINAL JEOPARDY!",
      "14": "The goal of the puzzle is to switch all the lights off, preferably in as few button presses as possible. It was shipped free with the console."
    }
  },
  "Genres": {
    "0": "Action",
    "1": "Platform",
    "2": "Fighting",
    "3": "Shooter",
    "4": "Racing",
    "5": "Puzzle",
    "6": "Strategy",
    "7": "Life Simulation"
  },
  "Companies": {
    "0": "Tiger Electronics",
    "1": "Sega",
    "2": "Midway",
    "3": "GT Interactive",
    "4": "Hasbro Interactive",
    "5": "Handheld Games"
  },
  "Tags": {
    "0": "BIOS",
    "1": "2 Player",
    "2": "3 Player",
    "3": "4 Player",
    "4": "Co-Op"
  }
}