{
  "PlatformName": "EXL 100",
  "LastUpdate": "6/25/2022 4:50:06 AM",
  "Games": [
    {
      "Titles": [
        "10.000"
      ],
      "Sha1s2Md5": "6e4ac5f0790402be1a84d014572dcee4",
      "Crcs2Md5": "8e65503973200265314779193e9d0e42",
      "Sets": {
        "4": [
          "10.000 (198x)(Minipuce)(FR)"
        ]
      },
      "Size": 10702,
      "Publishers": [
        5
      ],
      "Regions": [
        "FR"
      ],
      "Languages": [
        "fr"
      ]
    },
    {
      "Titles": [
        "10.000"
      ],
      "Sha1s2Md5": "298e64914c0501235d7eb87bfaed7b73",
      "Crcs2Md5": "f625277dca92faa9dfd6316a8a1e8227",
      "Sets": {
        "4": [
          "10.000 (198x)(Minipuce)(FR)"
        ]
      },
      "Size": 10090310,
      "Publishers": [
        5
      ],
      "Regions": [
        "FR"
      ],
      "Languages": [
        "fr"
      ]
    },
    {
      "Titles": [
        "1000 Bornes"
      ],
      "Sha1s2Md5": "2129dc5a93d82a2b6df202a7e05bf73f",
      "Crcs2Md5": "c2ea799c46335ad16cbfc63a829eaa52",
      "Sets": {
        "4": [
          "1000 Bornes (1985)(Free Game Blot)(FR)[b]"
        ]
      },
      "Size": 15684,
      "Publishers": [
        6
      ],
      "Tags": [
        0
      ],
      "ReleaseDate": "1/1/1985",
      "Regions": [
        "FR"
      ],
      "Languages": [
        "fr"
      ]
    },
    {
      "Titles": [
        "1000 Bornes"
      ],
      "Sha1s2Md5": "46f76f1b91a8dae67359391b3dc79ff7",
      "Crcs2Md5": "8bcf1ae7793349f3eb505a02fb3195ef",
      "Sets": {
        "4": [
          "1000 Bornes (1985)(Free Game Blot)(FR)[b]"
        ]
      },
      "Size": 7358874,
      "Publishers": [
        6
      ],
      "Tags": [
        0
      ],
      "ReleaseDate": "1/1/1985",
      "Regions": [
        "FR"
      ],
      "Languages": [
        "fr"
      ]
    },
    {
      "Titles": [
        "A Demi-Mot"
      ],
      "Sha1s2Md5": "c1aedb2dab01772fdde57baf6e4f69d3",
      "Crcs2Md5": "5677e4ef9bf4d50c6a356127e10526a2",
      "Sets": {
        "4": [
          "A Demi-Mot (198x)(Cedic, Nathan)(FR)"
        ]
      },
      "Size": 28347,
      "Publishers": [
        7
      ],
      "Regions": [
        "FR"
      ],
      "Languages": [
        "fr"
      ]
    },
    {
      "Titles": [
        "A Demi-Mot"
      ],
      "Sha1s2Md5": "8e8d700ca0b43791548c023c67fea94c",
      "Crcs2Md5": "428f4ce18c7ecf6bf248bd06f797f9bd",
      "Sets": {
        "4": [
          "A Demi-Mot (198x)(Cedic, Nathan)(FR)"
        ]
      },
      "Size": 16231040,
      "Publishers": [
        7
      ],
      "Regions": [
        "FR"
      ],
      "Languages": [
        "fr"
      ]
    },
    {
      "Titles": [
        "Aigles, Les"
      ],
      "Sha1s2Md5": "efe1f11a18d319f822c9292b27bdcd59",
      "Crcs2Md5": "8590d307ac8d019d2d55270440baab38",
      "Sets": {
        "4": [
          "Aigles, Les (198x)(P., Gerard)(FR)"
        ]
      },
      "Size": 17408,
      "Publishers": [
        1
      ],
      "Regions": [
        "FR"
      ],
      "Languages": [
        "fr"
      ]
    },
    {
      "Titles": [
        "Aigles, Les"
      ],
      "Sha1s2Md5": "d68380077945bb482d5ff31e4f8da9a8",
      "Crcs2Md5": "77fdebe754086b8aa75b401122b76d4a",
      "Sets": {
        "4": [
          "Aigles, Les (198x)(P., Gerard)(FR)"
        ]
      },
      "Size": 16224,
      "Publishers": [
        1
      ],
      "Regions": [
        "FR"
      ],
      "Languages": [
        "fr"
      ]
    },
    {
      "Titles": [
        "Air-Ball"
      ],
      "Sha1s2Md5": "c4039c908036cd115c6ab43a2d515cc3",
      "Crcs2Md5": "585b71cbdaedb4ef23a70542066baf95",
      "Sets": {
        "4": [
          "Air-Ball (198x)(Edition PUSSY)(FR)"
        ]
      },
      "Size": 6540,
      "Publishers": [
        8
      ],
      "Regions": [
        "FR"
      ],
      "Languages": [
        "fr"
      ]
    },
    {
      "Titles": [
        "Air-Ball"
      ],
      "Sha1s2Md5": "663259fe29a5ab79264aa2100e958027",
      "Crcs2Md5": "33707ff9ee9782b4d8bf214a68ad3fa5",
      "Sets": {
        "4": [
          "Air-Ball (198x)(Edition PUSSY)(FR)"
        ]
      },
      "Size": 3123104,
      "Publishers": [
        8
      ],
      "Regions": [
        "FR"
      ],
      "Languages": [
        "fr"
      ]
    },
    {
      "Titles": [
        "Anaconda"
      ],
      "Sha1s2Md5": "3153b3bb6d8e99c6c55c646baa3c935c",
      "Crcs2Md5": "6d0a10a4f80827f7ed88ffc019de0aaf",
      "Sets": {
        "4": [
          "Anaconda (198x)(Minipuce)(FR)"
        ]
      },
      "Size": 25962,
      "Publishers": [
        5
      ],
      "Regions": [
        "FR"
      ],
      "Languages": [
        "fr"
      ]
    },
    {
      "Titles": [
        "Anaconda"
      ],
      "Sha1s2Md5": "529e21fd22fe5d2345c79aafa1763ea5",
      "Crcs2Md5": "078a9fa6bab88d739810424a53b77597",
      "Sets": {
        "4": [
          "Anaconda (198x)(Minipuce)(FR)"
        ]
      },
      "Size": 1387208,
      "Publishers": [
        5
      ],
      "Regions": [
        "FR"
      ],
      "Languages": [
        "fr"
      ]
    },
    {
      "Titles": [
        "ATI 42"
      ],
      "Sha1s2Md5": "b0935144585bc6bd7963d6612f455770",
      "Crcs2Md5": "87132643b4b4fdb505e0b2feb15ad594",
      "Sets": {
        "4": [
          "ATI 42 (1985-07)(Minipuce)(FR)[a][req 64kb]"
        ]
      },
      "Size": 14694,
      "Publishers": [
        5
      ],
      "Tags": [
        1
      ],
      "ReleaseDate": "7/1/1985",
      "Regions": [
        "FR"
      ],
      "Languages": [
        "fr"
      ]
    },
    {
      "Titles": [
        "ATI 42"
      ],
      "Sha1s2Md5": "b8456e30d0c2747ad276abb35e3431a1",
      "Crcs2Md5": "49d337b0319fb2e365a6df9d45d533e3",
      "Sets": {
        "4": [
          "ATI 42 (1985-07)(Minipuce)(FR)[req 64kb]"
        ]
      },
      "Size": 14696,
      "Publishers": [
        5
      ],
      "ReleaseDate": "7/1/1985",
      "Regions": [
        "FR"
      ],
      "Languages": [
        "fr"
      ]
    },
    {
      "Titles": [
        "ATI 42"
      ],
      "Sha1s2Md5": "d766663530b292bdefc74e0d53e466d5",
      "Crcs2Md5": "6896e8d4056740ebb087e2de3d65ceec",
      "Sets": {
        "4": [
          "ATI 42 (1985-07)(Minipuce)(FR)[req 64kb]"
        ]
      },
      "Size": 6921910,
      "Publishers": [
        5
      ],
      "ReleaseDate": "7/1/1985",
      "Regions": [
        "FR"
      ],
      "Languages": [
        "fr"
      ]
    },
    {
      "Titles": [
        "Barman"
      ],
      "Sha1s2Md5": "2ce4e6da97bdcbc6366ca630f6c8278f",
      "Crcs2Md5": "8839d560948eea56d2fe49fffd725fce",
      "Sets": {
        "4": [
          "Barman (198x)(Minipuce)(FR)"
        ]
      },
      "Size": 6003,
      "Publishers": [
        5
      ],
      "Regions": [
        "FR"
      ],
      "Languages": [
        "fr"
      ]
    },
    {
      "Titles": [
        "Barman"
      ],
      "Sha1s2Md5": "4b803f8c6b8615a77d322a160ea32028",
      "Crcs2Md5": "218bd61ab4c584e8bbe9a5ef6dad2fc9",
      "Sets": {
        "4": [
          "Barman (198x)(Minipuce)(FR)"
        ]
      },
      "Size": 2803196,
      "Publishers": [
        5
      ],
      "Regions": [
        "FR"
      ],
      "Languages": [
        "fr"
      ]
    },
    {
      "Titles": [
        "Bombardier"
      ],
      "Sha1s2Md5": "37ac2b0ececa7d3c5373a02f78bcf8f6",
      "Crcs2Md5": "567da6e90b8eeea1734d6912c8f62474",
      "Sets": {
        "4": [
          "Bombardier (198x)(Minipuce)(FR)"
        ]
      },
      "Size": 5935,
      "Publishers": [
        5
      ],
      "Regions": [
        "FR"
      ],
      "Languages": [
        "fr"
      ]
    },
    {
      "Titles": [
        "Bombardier"
      ],
      "Sha1s2Md5": "be79bcdfdd1799456546cf648f81143f",
      "Crcs2Md5": "0569b7246ba694f109782120768b7ec5",
      "Sets": {
        "4": [
          "Bombardier (198x)(Minipuce)(FR)"
        ]
      },
      "Size": 5590548,
      "Publishers": [
        5
      ],
      "Regions": [
        "FR"
      ],
      "Languages": [
        "fr"
      ]
    },
    {
      "Titles": [
        "Boulderdash"
      ],
      "Sha1s2Md5": "abf9f7604ab5e2677031b4be1d24fe1a",
      "Crcs2Md5": "02fe9f29a413be6aeabc8f89510faecf",
      "Sets": {
        "4": [
          "Boulderdash (198x)(-)(FR)"
        ]
      },
      "Size": 16469,
      "Publishers": [
        9
      ],
      "Regions": [
        "FR"
      ],
      "Languages": [
        "fr"
      ]
    },
    {
      "Titles": [
        "Bugs Buster"
      ],
      "Sha1s2Md5": "2c7adcc7ef7e7ecd67c2daf2aca6160a",
      "Crcs2Md5": "bb7498424f8c43e36b17b217974e73de",
      "Sets": {
        "4": [
          "Bugs Buster (1986)(Free Game Blot)(FR)[req 64kb]"
        ]
      },
      "Size": 18046,
      "Publishers": [
        6
      ],
      "ReleaseDate": "1/1/1986",
      "Regions": [
        "FR"
      ],
      "Languages": [
        "fr"
      ]
    },
    {
      "Titles": [
        "Bugs Buster"
      ],
      "Sha1s2Md5": "2713be1e4689a52b6edb07adc1e27bc4",
      "Crcs2Md5": "e653dd3bafa21fdad6ac8e5cde4bb6da",
      "Sets": {
        "4": [
          "Bugs Buster (1986)(Free Game Blot)(FR)[req 64kb]"
        ]
      },
      "Size": 8932580,
      "Publishers": [
        6
      ],
      "ReleaseDate": "1/1/1986",
      "Regions": [
        "FR"
      ],
      "Languages": [
        "fr"
      ]
    },
    {
      "Titles": [
        "Burgertime"
      ],
      "Sha1s2Md5": "177ec6fbe0cfe62bc57360d4f994eb9c",
      "Crcs2Md5": "e9218aa5f46cd3b06f94c0c1a5fda160",
      "Sets": {
        "4": [
          "Burgertime (1987)(JMR Diffusion)(FR)"
        ]
      },
      "Size": 17408,
      "Publishers": [
        2
      ],
      "ReleaseDate": "1/1/1987",
      "Regions": [
        "FR"
      ],
      "Languages": [
        "fr"
      ]
    },
    {
      "Titles": [
        "Burgertime"
      ],
      "Sha1s2Md5": "a9f579502a2b8aee27a706f04b0bab25",
      "Crcs2Md5": "0557e4fa7b6c620676b44ee79881ae3f",
      "Sets": {
        "4": [
          "Burgertime (1987)(JMR Diffusion)(FR)"
        ]
      },
      "Size": 16128,
      "Publishers": [
        2
      ],
      "ReleaseDate": "1/1/1987",
      "Regions": [
        "FR"
      ],
      "Languages": [
        "fr"
      ]
    },
    {
      "Titles": [
        "Capitaine Menkar"
      ],
      "Sha1s2Md5": "eb8b8700de0050d3bb2d6e21ee27ab4d",
      "Crcs2Md5": "70d13780891efcf8b31ce9576df7f5d1",
      "Sets": {
        "1": [
          "capmenkr"
        ],
        "4": [
          "Capitaine Menkar (198x)(Exelvision)(FR)"
        ]
      },
      "Size": 16384,
      "Publishers": [
        0
      ],
      "Regions": [
        "FR"
      ],
      "Languages": [
        "fr"
      ]
    },
    {
      "Titles": [
        "Car Crash v1.8"
      ],
      "Sha1s2Md5": "136bfcb05867a6f69e56eb739f27d7d0",
      "Crcs2Md5": "182e62818cf1d9c645a33b773d5be185",
      "Sets": {
        "4": [
          "Car Crash v1.8 (1986-02)(Initiel)(FR)[a]"
        ]
      },
      "Version": "v1.8",
      "Size": 16627,
      "Publishers": [
        10
      ],
      "Tags": [
        1
      ],
      "ReleaseDate": "2/1/1986",
      "Regions": [
        "FR"
      ],
      "Languages": [
        "fr"
      ]
    },
    {
      "Titles": [
        "Car Crash v1.8"
      ],
      "Sha1s2Md5": "7f5177f20726af3f957600bdcd3e6a5d",
      "Crcs2Md5": "a58635a31516919d43f64fcab1b81fd8",
      "Sets": {
        "4": [
          "Car Crash v1.8 (1986-02)(Initiel)(FR)"
        ]
      },
      "Version": "v1.8",
      "Size": 16625,
      "Publishers": [
        10
      ],
      "ReleaseDate": "2/1/1986",
      "Regions": [
        "FR"
      ],
      "Languages": [
        "fr"
      ]
    },
    {
      "Titles": [
        "Car Crash v1.8"
      ],
      "Sha1s2Md5": "071434039ce7205a080d8e1c1a9be9ba",
      "Crcs2Md5": "4f5990c654f426041154bdf203a1b015",
      "Sets": {
        "4": [
          "Car Crash v1.8 (1986-02)(Initiel)(FR)"
        ]
      },
      "Version": "v1.8",
      "Size": 7775850,
      "Publishers": [
        10
      ],
      "ReleaseDate": "2/1/1986",
      "Regions": [
        "FR"
      ],
      "Languages": [
        "fr"
      ]
    },
    {
      "Titles": [
        "Casino la Boule"
      ],
      "Sha1s2Md5": "da79e69d169a62e14fb9c7633dc48319",
      "Crcs2Md5": "b3a7668efe80ffdf7c94668288d622ba",
      "Sets": {
        "4": [
          "Casino la Boule (19xx)(Minipuce)(FR)"
        ]
      },
      "Size": 3479,
      "Publishers": [
        5
      ],
      "Regions": [
        "FR"
      ],
      "Languages": [
        "fr"
      ]
    },
    {
      "Titles": [
        "Casino la Boule"
      ],
      "Sha1s2Md5": "6c6f62a6fdbce8d4ddc741c000cef56c",
      "Crcs2Md5": "ac65edc41cfab9e7cec887807614dd41",
      "Sets": {
        "4": [
          "Casino la Boule (19xx)(Minipuce)(FR)"
        ]
      },
      "Size": 1629258,
      "Publishers": [
        5
      ],
      "Regions": [
        "FR"
      ],
      "Languages": [
        "fr"
      ]
    },
    {
      "Titles": [
        "Casse Briques Puissance 5"
      ],
      "Sha1s2Md5": "1dafd39f2c3fe466893b9d58900c18a9",
      "Crcs2Md5": "7f997e78f9eeb6cc7510a5101d032a75",
      "Sets": {
        "4": [
          "Casse Briques Puissance 5 (198x)(Exelvision)(FR)[b]"
        ]
      },
      "Size": 16922,
      "Publishers": [
        0
      ],
      "Tags": [
        0
      ],
      "Regions": [
        "FR"
      ],
      "Languages": [
        "fr"
      ]
    },
    {
      "Titles": [
        "Casse Briques Puissance 5"
      ],
      "Sha1s2Md5": "a2a91fb13d46e112e230e4c7225bf689",
      "Crcs2Md5": "f49c18e925851a3638e8b6d36327271e",
      "Sets": {
        "4": [
          "Casse Briques Puissance 5 (198x)(Exelvision)(FR)[b]"
        ]
      },
      "Size": 7552196,
      "Publishers": [
        0
      ],
      "Tags": [
        0
      ],
      "Regions": [
        "FR"
      ],
      "Languages": [
        "fr"
      ]
    },
    {
      "Titles": [
        "CB5"
      ],
      "Sha1s2Md5": "9c343ee1a1e651224b8a95ef89b4c03c",
      "Crcs2Md5": "3e35d4a25e68137ab1a9ef6124aae888",
      "Sets": {
        "4": [
          "CB5 (198x)(Exelvision)(FR)"
        ]
      },
      "Size": 17408,
      "Publishers": [
        0
      ],
      "Regions": [
        "FR"
      ],
      "Languages": [
        "fr"
      ]
    },
    {
      "Titles": [
        "CB5"
      ],
      "Sha1s2Md5": "cc8fc50880ecef3ab31bb8db58ce502e",
      "Crcs2Md5": "b52fd3d527cc23d7177496a442d8c012",
      "Sets": {
        "4": [
          "CB5 (198x)(Exelvision)(FR)"
        ]
      },
      "Size": 16226,
      "Publishers": [
        0
      ],
      "Regions": [
        "FR"
      ],
      "Languages": [
        "fr"
      ]
    },
    {
      "Titles": [
        "Civil War"
      ],
      "Sha1s2Md5": "f82b62555154291f98de7b5064acd3d4",
      "Crcs2Md5": "45e267ddce2566cbc5e712732192427d",
      "Sets": {
        "4": [
          "Civil War (198x)(Exelement Votre)(FR)"
        ]
      },
      "Size": 19915,
      "Publishers": [
        11
      ],
      "Regions": [
        "FR"
      ],
      "Languages": [
        "fr"
      ]
    },
    {
      "Titles": [
        "Civil War"
      ],
      "Sha1s2Md5": "da61566969e3a20104ad7557b1f85691",
      "Crcs2Md5": "d44fe7b608400c24073f5972ac1bf6d9",
      "Sets": {
        "4": [
          "Civil War (198x)(Exelement Votre)(FR)"
        ]
      },
      "Size": 1040648,
      "Publishers": [
        11
      ],
      "Regions": [
        "FR"
      ],
      "Languages": [
        "fr"
      ]
    },
    {
      "Titles": [
        "Crocodiles"
      ],
      "Sha1s2Md5": "e620c051060ff00d19abf33fb8884688",
      "Crcs2Md5": "8353c1cc2a13f73d3489a8d372d7bbda",
      "Sets": {
        "4": [
          "Crocodiles (19xx)(-)(FR)"
        ]
      },
      "Size": 1029,
      "Publishers": [
        9
      ],
      "Regions": [
        "FR"
      ],
      "Languages": [
        "fr"
      ]
    },
    {
      "Titles": [
        "Descente"
      ],
      "Sha1s2Md5": "3b3b5895ec17566e664929798fcb53cf",
      "Crcs2Md5": "dd81ef551fa6a2e4b2a36768164a2f50",
      "Sets": {
        "4": [
          "Descente (198x)(Paralleles)(FR)"
        ]
      },
      "Size": 17408,
      "Publishers": [
        3
      ],
      "Regions": [
        "FR"
      ],
      "Languages": [
        "fr"
      ]
    },
    {
      "Titles": [
        "Descente"
      ],
      "Sha1s2Md5": "e4d0befa8c2167930be15d3708126916",
      "Crcs2Md5": "f487a92abc14841533fcfe0b6b64906f",
      "Sets": {
        "4": [
          "Descente (198x)(Paralleles)(FR)"
        ]
      },
      "Size": 16128,
      "Publishers": [
        3
      ],
      "Regions": [
        "FR"
      ],
      "Languages": [
        "fr"
      ]
    },
    {
      "Titles": [
        "Donkey Kong"
      ],
      "Sha1s2Md5": "43e47f601a17a5742878acd164c259b1",
      "Crcs2Md5": "9589b2b93cceb373cd0dec383cd1b9fa",
      "Sets": {
        "4": [
          "Donkey Kong (1990)(Edition PUSSY)(FR)"
        ]
      },
      "Size": 6793,
      "Publishers": [
        8
      ],
      "ReleaseDate": "1/1/1990",
      "Regions": [
        "FR"
      ],
      "Languages": [
        "fr"
      ]
    },
    {
      "Titles": [
        "Donkey Kong"
      ],
      "Sha1s2Md5": "0aebcf781e9e04a4313ca94708f6bb39",
      "Crcs2Md5": "39de8095459f3748ba69761a80a67d5d",
      "Sets": {
        "4": [
          "Donkey Kong (1990)(Edition PUSSY)(FR)"
        ]
      },
      "Size": 3212706,
      "Publishers": [
        8
      ],
      "ReleaseDate": "1/1/1990",
      "Regions": [
        "FR"
      ],
      "Languages": [
        "fr"
      ]
    },
    {
      "Titles": [
        "Dynamite-Ball"
      ],
      "Sha1s2Md5": "68d4fe599120b215dad1695a8bc466fa",
      "Crcs2Md5": "1f5f0b13d030fcdd6ee16d0b8677fa96",
      "Sets": {
        "4": [
          "Dynamite-Ball (198x)(Edition PUSSY)(FR)"
        ]
      },
      "Size": 4268,
      "Publishers": [
        8
      ],
      "Regions": [
        "FR"
      ],
      "Languages": [
        "fr"
      ]
    },
    {
      "Titles": [
        "Dynamite-Ball"
      ],
      "Sha1s2Md5": "4a76ca396808b841a404b50c0680654c",
      "Crcs2Md5": "59c004e46578d5704b5d658ee48c2128",
      "Sets": {
        "4": [
          "Dynamite-Ball (198x)(Edition PUSSY)(FR)"
        ]
      },
      "Size": 2012964,
      "Publishers": [
        8
      ],
      "Regions": [
        "FR"
      ],
      "Languages": [
        "fr"
      ]
    },
    {
      "Titles": [
        "Dynamite-Ball v2"
      ],
      "Sha1s2Md5": "b582a867d5fd2f9ef4debf3472f99a53",
      "Crcs2Md5": "8316ded6b773c196a0fb03de73ead123",
      "Sets": {
        "4": [
          "Dynamite-Ball v2 (198x)(Edition PUSSY)(FR)"
        ]
      },
      "Version": "v2",
      "Size": 5274,
      "Publishers": [
        8
      ],
      "Regions": [
        "FR"
      ],
      "Languages": [
        "fr"
      ]
    },
    {
      "Titles": [
        "Dynamite-Ball v2"
      ],
      "Sha1s2Md5": "3fdf63ebd0bcb3f77cf4b840910fda02",
      "Crcs2Md5": "cff1711be9e2d44199c9a7aa97c1f90c",
      "Sets": {
        "4": [
          "Dynamite-Ball v2 (198x)(Edition PUSSY)(FR)"
        ]
      },
      "Version": "v2",
      "Size": 2469456,
      "Publishers": [
        8
      ],
      "Regions": [
        "FR"
      ],
      "Languages": [
        "fr"
      ]
    },
    {
      "Titles": [
        "Echecs-Dames"
      ],
      "Sha1s2Md5": "8c69c8d60f8fbe522f583533d28d8756",
      "Crcs2Md5": "73d4e41c8cceac081d3b248053301a4d",
      "Sets": {
        "4": [
          "Echecs-Dames (1988)(Edition PUSSY)(FR)"
        ]
      },
      "Size": 7181,
      "Publishers": [
        8
      ],
      "ReleaseDate": "1/1/1988",
      "Regions": [
        "FR"
      ],
      "Languages": [
        "fr"
      ]
    },
    {
      "Titles": [
        "Echecs-Dames"
      ],
      "Sha1s2Md5": "e73e816b3075935bb37f5026583b9ddc",
      "Crcs2Md5": "045535ceec60de496352b1177ce205da",
      "Sets": {
        "4": [
          "Echecs-Dames (1988)(Edition PUSSY)(FR)"
        ]
      },
      "Size": 3390336,
      "Publishers": [
        8
      ],
      "ReleaseDate": "1/1/1988",
      "Regions": [
        "FR"
      ],
      "Languages": [
        "fr"
      ]
    },
    {
      "Titles": [
        "Exel Jack"
      ],
      "Sha1s2Md5": "5de60f9cc274899b4c22b973b25720ca",
      "Crcs2Md5": "ac75f717dad4992a7cd5c84050cf08ae",
      "Sets": {
        "4": [
          "Exel Jack (198x)(Exelvision)(FR)"
        ]
      },
      "Size": 13986,
      "Publishers": [
        0
      ],
      "Regions": [
        "FR"
      ],
      "Languages": [
        "fr"
      ]
    },
    {
      "Titles": [
        "Exel Jack"
      ],
      "Sha1s2Md5": "23dcb0abb0b0249688b3a18d05e7c72f",
      "Crcs2Md5": "a2a535a24a7a28491ea1873f500611c6",
      "Sets": {
        "4": [
          "Exel Jack (198x)(Exelvision)(FR)"
        ]
      },
      "Size": 761196,
      "Publishers": [
        0
      ],
      "Regions": [
        "FR"
      ],
      "Languages": [
        "fr"
      ]
    },
    {
      "Titles": [
        "Exel Poker"
      ],
      "Sha1s2Md5": "e4eaa1e320711772ac7514242834160d",
      "Crcs2Md5": "09639be5ed18691397280ab1d88d18c2",
      "Sets": {
        "4": [
          "Exel Poker (1984)(Electron Software)(FR)"
        ]
      },
      "Size": 13312,
      "Publishers": [
        12
      ],
      "ReleaseDate": "1/1/1984",
      "Regions": [
        "FR"
      ],
      "Languages": [
        "fr"
      ]
    },
    {
      "Titles": [
        "Exel Poker"
      ],
      "Sha1s2Md5": "4429ca7ff117d5c96f7b1aeaa636a97d",
      "Crcs2Md5": "7fa6ff84da8f02ff2d5fab2082d1ef5e",
      "Sets": {
        "4": [
          "Exel Poker (1984)(Electron Software)(FR)"
        ]
      },
      "Size": 727916,
      "Publishers": [
        12
      ],
      "ReleaseDate": "1/1/1984",
      "Regions": [
        "FR"
      ],
      "Languages": [
        "fr"
      ]
    },
    {
      "Titles": [
        "ExelBASIC"
      ],
      "Sha1s2Md5": "966e080a43ebd6dc735f9bd55ef03eb6",
      "Crcs2Md5": "7e55f9c5d264b51b841dadeb711e080b",
      "Sets": {
        "1": [
          "exelbas"
        ]
      },
      "Size": 32256,
      "Publishers": [
        0
      ]
    },
    {
      "Titles": [
        "ExelBASIC+"
      ],
      "Sha1s2Md5": "8abbd9625a0580be54e167cc935b7b67",
      "Crcs2Md5": "7e30b482e0c5746d04b1e2e03dab93eb",
      "Sets": {
        "1": [
          "exelbasp"
        ]
      },
      "Size": 32256,
      "Publishers": [
        0
      ]
    },
    {
      "Titles": [
        "Exeldrums"
      ],
      "Sha1s2Md5": "47fc176470e4d4f9be28d4386c472268",
      "Crcs2Md5": "9801d5247aff6c7e1e3fbed0becf93aa",
      "Sets": {
        "1": [
          "exeldrum"
        ]
      },
      "Size": 16384,
      "Publishers": [
        0
      ]
    },
    {
      "Titles": [
        "Exelmax v1.6"
      ],
      "Sha1s2Md5": "996421140887594b64a3099ee0a6e184",
      "Crcs2Md5": "c30348e76f1f32944e0721e4de535502",
      "Sets": {
        "1": [
          "exelmax"
        ]
      },
      "Size": 32256,
      "Publishers": [
        0
      ],
      "ReleaseDate": "1/1/1986"
    },
    {
      "Titles": [
        "Exelmodem"
      ],
      "Sha1s2Md5": "a80eeecac7bd2a12b651999b53452f22",
      "Crcs2Md5": "044b07cc37f63e2970854b1c0fd7e624",
      "Sets": {
        "1": [
          "exlmodem"
        ]
      },
      "Size": 32256,
      "Publishers": [
        0
      ]
    },
    {
      "Titles": [
        "Exelogo v1.0"
      ],
      "Sha1s2Md5": "bfd86a585f4a3ef40b37993b9d4541fa",
      "Crcs2Md5": "33d54c6303f7d98806a8f09dbb9f9ff2",
      "Sets": {
        "1": [
          "exelogo"
        ]
      },
      "Size": 32256,
      "Publishers": [
        0
      ],
      "ReleaseDate": "1/1/1985"
    },
    {
      "Titles": [
        "Exelpaint v1.0"
      ],
      "Sha1s2Md5": "a898302814cd2ecd47a9c4cf4039a000",
      "Crcs2Md5": "de5585cfb980e98b543737153628b99d",
      "Sets": {
        "1": [
          "exlpaint"
        ]
      },
      "Size": 32768,
      "Publishers": [
        0
      ]
    },
    {
      "Titles": [
        "Exeltexte"
      ],
      "Sha1s2Md5": "4a2d16fbfde98cd72549df67040d9ec2",
      "Crcs2Md5": "4c2c9dacec110011d6b7122487362747",
      "Sets": {
        "1": [
          "exeltext"
        ]
      },
      "Size": 32768,
      "Publishers": [
        0
      ],
      "ReleaseDate": "1/1/1985"
    },
    {
      "Titles": [
        "Formule 1"
      ],
      "Sha1s2Md5": "110dc229958be26a2731477c3b9164a1",
      "Crcs2Md5": "bada06a88d5bd16483c968b40b4ffd8e",
      "Sets": {
        "4": [
          "Formule 1 (198x)(Minipuce)(FR)"
        ]
      },
      "Size": 7931,
      "Publishers": [
        5
      ],
      "Regions": [
        "FR"
      ],
      "Languages": [
        "fr"
      ]
    },
    {
      "Titles": [
        "Geomega le Monde"
      ],
      "Sha1s2Md5": "7db24c87cf25839b3bcca6f629e72db4",
      "Crcs2Md5": "57c30f81f3e0c70e9b9089bf3afa9873",
      "Sets": {
        "4": [
          "Geomega le Monde (198x)(Minipuce)(FR)"
        ]
      },
      "Size": 21157,
      "Publishers": [
        5
      ],
      "Regions": [
        "FR"
      ],
      "Languages": [
        "fr"
      ]
    },
    {
      "Titles": [
        "Geomega le Monde"
      ],
      "Sha1s2Md5": "7533e7a15cdf745b2a8e8d2d4268fea3",
      "Crcs2Md5": "a3b106baaf91162cb2ffe5d0cbe14aeb",
      "Sets": {
        "4": [
          "Geomega le Monde (198x)(Minipuce)(FR)"
        ]
      },
      "Size": 1125808,
      "Publishers": [
        5
      ],
      "Regions": [
        "FR"
      ],
      "Languages": [
        "fr"
      ]
    },
    {
      "Titles": [
        "Guppy"
      ],
      "Sha1s2Md5": "fd5046f0c288ca658818a40e7b804320",
      "Crcs2Md5": "98fd952a7b373ae0a87c27a9addc0fa2",
      "Sets": {
        "1": [
          "guppy"
        ],
        "4": [
          "Guppy (198x)(Exelvision)(FR)"
        ]
      },
      "Size": 8192,
      "Publishers": [
        0
      ],
      "Regions": [
        "FR"
      ],
      "Languages": [
        "fr"
      ]
    },
    {
      "Titles": [
        "Hamburgers"
      ],
      "Sha1s2Md5": "2b9e698f10afee68589120a18a1ba46c",
      "Crcs2Md5": "6c5f59daedf9d27387d322384c3ecebe",
      "Sets": {
        "4": [
          "Hamburgers (1987)(Edition PUSSY)(FR)"
        ]
      },
      "Size": 5855,
      "Publishers": [
        8
      ],
      "ReleaseDate": "1/1/1987",
      "Regions": [
        "FR"
      ],
      "Languages": [
        "fr"
      ]
    },
    {
      "Titles": [
        "Hamburgers"
      ],
      "Sha1s2Md5": "863c3577c768262aa3fe3fe2df1c5f16",
      "Crcs2Md5": "98c316b0a2dfe13d5a2169bb93bfff85",
      "Sets": {
        "4": [
          "Hamburgers (1987)(Edition PUSSY)(FR)"
        ]
      },
      "Size": 2778614,
      "Publishers": [
        8
      ],
      "ReleaseDate": "1/1/1987",
      "Regions": [
        "FR"
      ],
      "Languages": [
        "fr"
      ]
    },
    {
      "Titles": [
        "Imagix"
      ],
      "Sha1s2Md5": "e9e2a55917363493c8536bc4ac441038",
      "Crcs2Md5": "a18d7e969ecec49b781efdb3480f21e4",
      "Sets": {
        "1": [
          "imagix"
        ]
      },
      "Size": 8192,
      "Publishers": [
        0
      ]
    },
    {
      "Titles": [
        "Invasion de Fautes"
      ],
      "Sha1s2Md5": "f6dff6355db5347043c5f527ea81e77c",
      "Crcs2Md5": "3f57d5735840b811435937ab276ca7c1",
      "Sets": {
        "4": [
          "Invasion de Fautes (1985-11)(EH Services)(FR)(beta)[unreleased]"
        ]
      },
      "Size": 9658,
      "Publishers": [
        13
      ],
      "Tags": [
        2
      ],
      "ReleaseDate": "11/1/1985",
      "Regions": [
        "FR"
      ],
      "Languages": [
        "fr"
      ]
    },
    {
      "Titles": [
        "Invasion de Fautes"
      ],
      "Sha1s2Md5": "abe5b784289c29039c9d1495114b682f",
      "Crcs2Md5": "3e6676d1b14b334c713fd9c2a4c16a2a",
      "Sets": {
        "4": [
          "Invasion de Fautes (1985-11)(EH Services)(FR)(beta)[unreleased]"
        ]
      },
      "Size": 4760720,
      "Publishers": [
        13
      ],
      "Tags": [
        2
      ],
      "ReleaseDate": "11/1/1985",
      "Regions": [
        "FR"
      ],
      "Languages": [
        "fr"
      ]
    },
    {
      "Titles": [
        "Kamicar"
      ],
      "Sha1s2Md5": "8109d6e17c639d39ee50d1be1f9a3d9c",
      "Crcs2Md5": "b8800225f723d6487633ad018276358b",
      "Sets": {
        "4": [
          "Kamicar (1987)(Arosio, Charles)(FR)"
        ]
      },
      "Size": 17408,
      "Publishers": [
        4
      ],
      "ReleaseDate": "1/1/1987",
      "Regions": [
        "FR"
      ],
      "Languages": [
        "fr"
      ]
    },
    {
      "Titles": [
        "Kamicar"
      ],
      "Sha1s2Md5": "c4dfbcf19e7def0d7b9ab491aeffd55e",
      "Crcs2Md5": "f3a5fa20ba6ebef9bdb45219635dbe4b",
      "Sets": {
        "4": [
          "Kamicar (1987)(Arosio, Charles)(FR)"
        ]
      },
      "Size": 10755,
      "Publishers": [
        4
      ],
      "ReleaseDate": "1/1/1987",
      "Regions": [
        "FR"
      ],
      "Languages": [
        "fr"
      ]
    },
    {
      "Titles": [
        "Kart"
      ],
      "Sha1s2Md5": "166082a39bc754810420816a5103f32e",
      "Crcs2Md5": "21e18b104111a67ceea91bc90f47f7d6",
      "Sets": {
        "4": [
          "Kart (19xx)(-)(FR)"
        ]
      },
      "Size": 1300,
      "Publishers": [
        9
      ],
      "Regions": [
        "FR"
      ],
      "Languages": [
        "fr"
      ]
    },
    {
      "Titles": [
        "Keys-Ball III"
      ],
      "Sha1s2Md5": "b6f6da7e4be301ba44765c62c1b7b638",
      "Crcs2Md5": "980e26740de0ef21cc1392d24d3d2123",
      "Sets": {
        "4": [
          "Keys-Ball III (198x)(Edition PUSSY)(FR)"
        ]
      },
      "Size": 16156,
      "Publishers": [
        8
      ],
      "Regions": [
        "FR"
      ],
      "Languages": [
        "fr"
      ]
    },
    {
      "Titles": [
        "Keys-Ball III"
      ],
      "Sha1s2Md5": "3ac4b2b668798bc463ab1205f24ef98b",
      "Crcs2Md5": "0212389b0ba6ef9cc45c2d0aeaa3b542",
      "Sets": {
        "4": [
          "Keys-Ball III (198x)(Edition PUSSY)(FR)[a]"
        ]
      },
      "Size": 16156,
      "Publishers": [
        8
      ],
      "Tags": [
        1
      ],
      "Regions": [
        "FR"
      ],
      "Languages": [
        "fr"
      ]
    },
    {
      "Titles": [
        "Keys-Ball III"
      ],
      "Sha1s2Md5": "0590eabda21c0b3de34ca9a36788ac56",
      "Crcs2Md5": "b35ad6181ff3d1d2ce4e4d5053c61d8b",
      "Sets": {
        "4": [
          "Keys-Ball III (198x)(Edition PUSSY)(FR)"
        ]
      },
      "Size": 7862712,
      "Publishers": [
        8
      ],
      "Regions": [
        "FR"
      ],
      "Languages": [
        "fr"
      ]
    },
    {
      "Titles": [
        "Keys-Ball PRO"
      ],
      "Sha1s2Md5": "7e6a161529339962acc4d877af23959b",
      "Crcs2Md5": "19e33c54f52f80a8dc0738a181117444",
      "Sets": {
        "4": [
          "Keys-Ball PRO (198x)(Edition PUSSY)(FR)"
        ]
      },
      "Size": 16850,
      "Publishers": [
        8
      ],
      "Regions": [
        "FR"
      ],
      "Languages": [
        "fr"
      ]
    },
    {
      "Titles": [
        "Keys-Ball PRO"
      ],
      "Sha1s2Md5": "161ade45a0bc91bd0aded575e87d2b23",
      "Crcs2Md5": "c61aa5d3e2e70866fcfa4b8f0bfab1ac",
      "Sets": {
        "4": [
          "Keys-Ball PRO (198x)(Edition PUSSY)(FR)"
        ]
      },
      "Size": 8190118,
      "Publishers": [
        8
      ],
      "Regions": [
        "FR"
      ],
      "Languages": [
        "fr"
      ]
    },
    {
      "Titles": [
        "Kong"
      ],
      "Sha1s2Md5": "1c1d928f5c371a12d4e7f71f1e054854",
      "Crcs2Md5": "64ce6cc9ade14eee75287535e29f41fe",
      "Sets": {
        "4": [
          "Kong (1987)(JMR Diffusion)(FR)"
        ]
      },
      "Size": 17408,
      "Publishers": [
        2
      ],
      "ReleaseDate": "1/1/1987",
      "Regions": [
        "FR"
      ],
      "Languages": [
        "fr"
      ]
    },
    {
      "Titles": [
        "Kong"
      ],
      "Sha1s2Md5": "cc70d539f146d714c0e3f994445e7272",
      "Crcs2Md5": "a6fc3f48d274d4f3ca6e0ed2a8acd6aa",
      "Sets": {
        "4": [
          "Kong (1987)(JMR Diffusion)(FR)"
        ]
      },
      "Size": 14592,
      "Publishers": [
        2
      ],
      "ReleaseDate": "1/1/1987",
      "Regions": [
        "FR"
      ],
      "Languages": [
        "fr"
      ]
    },
    {
      "Titles": [
        "Kung-Fu"
      ],
      "Sha1s2Md5": "2df4503a080a3d339f5dc96d7a215d7c",
      "Crcs2Md5": "31a4492d62715644a07c3e44f15b1ce1",
      "Sets": {
        "4": [
          "Kung-Fu (198x)(Exelvision)(FR)"
        ]
      },
      "Size": 26160,
      "Publishers": [
        0
      ],
      "Regions": [
        "FR"
      ],
      "Languages": [
        "fr"
      ]
    },
    {
      "Titles": [
        "Kung-Fu"
      ],
      "Sha1s2Md5": "169057e70698a7195c5a174dd627adec",
      "Crcs2Md5": "979c13721437660c222b87807d2b812b",
      "Sets": {
        "4": [
          "Kung-Fu (198x)(Exelvision)(FR)[a2]"
        ]
      },
      "Size": 26160,
      "Publishers": [
        0
      ],
      "Regions": [
        "FR"
      ],
      "Languages": [
        "fr"
      ]
    },
    {
      "Titles": [
        "Kung-Fu"
      ],
      "Sha1s2Md5": "b629a20d845c06e7b88b3f0e80e5c7c5",
      "Crcs2Md5": "deadf1d78b484c0e7f2c4cc9ceb8307c",
      "Sets": {
        "4": [
          "Kung-Fu (198x)(Exelvision)(FR)[a]"
        ]
      },
      "Size": 26162,
      "Publishers": [
        0
      ],
      "Tags": [
        1
      ],
      "Regions": [
        "FR"
      ],
      "Languages": [
        "fr"
      ]
    },
    {
      "Titles": [
        "Kung-Fu"
      ],
      "Sha1s2Md5": "892af429d7b15f4f40902d3a68ee1b33",
      "Crcs2Md5": "03901a2f2dc3ff4cc6e332707353bc1e",
      "Sets": {
        "4": [
          "Kung-Fu (198x)(Exelvision)(FR)"
        ]
      },
      "Size": 12419210,
      "Publishers": [
        0
      ],
      "Regions": [
        "FR"
      ],
      "Languages": [
        "fr"
      ]
    },
    {
      "Titles": [
        "Kung-Fu"
      ],
      "Sha1s2Md5": "53a5cfe2934fb0dbd56bf636b2a231ce",
      "Crcs2Md5": "063fc5a26f439e1e2711314b2abb4300",
      "Sets": {
        "4": [
          "Kung-Fu (198x)(Exelvision)(FR)[a]"
        ]
      },
      "Size": 12685472,
      "Publishers": [
        0
      ],
      "Tags": [
        1
      ],
      "Regions": [
        "FR"
      ],
      "Languages": [
        "fr"
      ]
    },
    {
      "Titles": [
        "Labyrinthe in the Pyramide, A"
      ],
      "Sha1s2Md5": "df052088d09faa778cca19280461d6f3",
      "Crcs2Md5": "a967f59b653eba140317765e1c65a688",
      "Sets": {
        "4": [
          "Labyrinthe in the Pyramide, A (1988)(Edition PUSSY)(FR)"
        ]
      },
      "Size": 14088,
      "Publishers": [
        8
      ],
      "ReleaseDate": "1/1/1988",
      "Regions": [
        "FR"
      ],
      "Languages": [
        "fr"
      ]
    },
    {
      "Titles": [
        "Labyrinthe in the Pyramide, A"
      ],
      "Sha1s2Md5": "45d4759441411d6d7a5f02a4cf2e9b92",
      "Crcs2Md5": "1465fcad3a9f9d0b63febd0b2e3dfaac",
      "Sets": {
        "4": [
          "Labyrinthe in the Pyramide, A (1988)(Edition PUSSY)(FR)"
        ]
      },
      "Size": 6602950,
      "Publishers": [
        8
      ],
      "ReleaseDate": "1/1/1988",
      "Regions": [
        "FR"
      ],
      "Languages": [
        "fr"
      ]
    },
    {
      "Titles": [
        "Logiformes"
      ],
      "Sha1s2Md5": "ccfccb7ebe6cc110cf6474dc4f25088b",
      "Crcs2Md5": "0fb870eacf32b64ec365481adbe472cd",
      "Sets": {
        "4": [
          "Logiformes (19xx)(Squirelle)(FR)"
        ]
      },
      "Size": 19909,
      "Publishers": [
        14
      ],
      "Regions": [
        "FR"
      ],
      "Languages": [
        "fr"
      ]
    },
    {
      "Titles": [
        "Logiformes"
      ],
      "Sha1s2Md5": "44d50aa944e836a83418dfddbef72388",
      "Crcs2Md5": "8de08c61b17e7aae3853c24b07ed894a",
      "Sets": {
        "4": [
          "Logiformes (19xx)(Squirelle)(FR)"
        ]
      },
      "Size": 9589436,
      "Publishers": [
        14
      ],
      "Regions": [
        "FR"
      ],
      "Languages": [
        "fr"
      ]
    },
    {
      "Titles": [
        "Logiphrases"
      ],
      "Sha1s2Md5": "fbfa73afd860f832e3c8fb85d140ae0d",
      "Crcs2Md5": "1d0756f3397f924d4cb7b6e9a518051b",
      "Sets": {
        "4": [
          "Logiphrases (19xx)(Squirelle)(FR)"
        ]
      },
      "Size": 21559,
      "Publishers": [
        14
      ],
      "Regions": [
        "FR"
      ],
      "Languages": [
        "fr"
      ]
    },
    {
      "Titles": [
        "Logiphrases"
      ],
      "Sha1s2Md5": "e0254a4c6e60bf09eb59b00e6f988187",
      "Crcs2Md5": "b4431518a045c9261abee2ecc47c7ef2",
      "Sets": {
        "4": [
          "Logiphrases (19xx)(Squirelle)(FR)"
        ]
      },
      "Size": 10401128,
      "Publishers": [
        14
      ],
      "Regions": [
        "FR"
      ],
      "Languages": [
        "fr"
      ]
    },
    {
      "Titles": [
        "Loto"
      ],
      "Sha1s2Md5": "cbb6868597a7b7edef4242997194eec1",
      "Crcs2Md5": "5803bda848733bc7886a67d90954be91",
      "Sets": {
        "4": [
          "Loto (198x)(Edition PUSSY)(FR)"
        ]
      },
      "Size": 2611,
      "Publishers": [
        8
      ],
      "Regions": [
        "FR"
      ],
      "Languages": [
        "fr"
      ]
    },
    {
      "Titles": [
        "Loto"
      ],
      "Sha1s2Md5": "ca2baf5ac6243ef489dfdc340712003c",
      "Crcs2Md5": "2b47e1c312d1149369dd596b705ac4f6",
      "Sets": {
        "4": [
          "Loto (198x)(Edition PUSSY)(FR)"
        ]
      },
      "Size": 1223334,
      "Publishers": [
        8
      ],
      "Regions": [
        "FR"
      ],
      "Languages": [
        "fr"
      ]
    },
    {
      "Titles": [
        "M'yams"
      ],
      "Sha1s2Md5": "e412e5a137cc507da62f477410ba297b",
      "Crcs2Md5": "a125dbc0c322cadcb1fce04f08e4aff8",
      "Sets": {
        "4": [
          "M'yams (198x)(Exelvision)(FR)[h Edition PUSSY]"
        ]
      },
      "Size": 17520,
      "Publishers": [
        0
      ],
      "Tags": [
        3
      ],
      "Regions": [
        "FR"
      ],
      "Languages": [
        "fr"
      ]
    },
    {
      "Titles": [
        "M'yams"
      ],
      "Sha1s2Md5": "979eda908780652604fc67ec44f86026",
      "Crcs2Md5": "df540adc4279fe438ebb501d3575069b",
      "Sets": {
        "4": [
          "M'yams (198x)(Exelvision)(FR)[h Edition PUSSY]"
        ]
      },
      "Size": 8200742,
      "Publishers": [
        0
      ],
      "Tags": [
        3
      ],
      "Regions": [
        "FR"
      ],
      "Languages": [
        "fr"
      ]
    },
    {
      "Titles": [
        "Mario's Cement Factory"
      ],
      "Sha1s2Md5": "14478a51571009d62c0df1005cde9ffd",
      "Crcs2Md5": "ed41ae223dc63ababb8fbd22e5d285f2",
      "Sets": {
        "4": [
          "Mario's Cement Factory (1987)(Exelement Votre)(FR)"
        ]
      },
      "Size": 29112,
      "Publishers": [
        11
      ],
      "ReleaseDate": "1/1/1987",
      "Regions": [
        "FR"
      ],
      "Languages": [
        "fr"
      ]
    },
    {
      "Titles": [
        "Mario's Cement Factory"
      ],
      "Sha1s2Md5": "577a567f518991ca2082e35271cb1ccb",
      "Crcs2Md5": "a426abacd9eef4ad578cbd8c1d536768",
      "Sets": {
        "4": [
          "Mario's Cement Factory (1987)(Exelement Votre)(FR)"
        ]
      },
      "Size": 1587900,
      "Publishers": [
        11
      ],
      "ReleaseDate": "1/1/1987",
      "Regions": [
        "FR"
      ],
      "Languages": [
        "fr"
      ]
    },
    {
      "Titles": [
        "Maze-Ball"
      ],
      "Sha1s2Md5": "7aae6b705613f0520d576a6035e2b2c9",
      "Crcs2Md5": "2b4657d354eee5285b095e2b58b123f1",
      "Sets": {
        "4": [
          "Maze-Ball (1990)(Edition PUSSY)(FR)"
        ]
      },
      "Size": 8332,
      "Publishers": [
        8
      ],
      "ReleaseDate": "1/1/1990",
      "Regions": [
        "FR"
      ],
      "Languages": [
        "fr"
      ]
    },
    {
      "Titles": [
        "Maze-Ball"
      ],
      "Sha1s2Md5": "7955c50ec0a410ae75246dcf04f59309",
      "Crcs2Md5": "6d1716d64766ece6e85d97d94f18bd4b",
      "Sets": {
        "4": [
          "Maze-Ball (1990)(Edition PUSSY)(FR)[a]"
        ]
      },
      "Size": 8332,
      "Publishers": [
        8
      ],
      "Tags": [
        1
      ],
      "ReleaseDate": "1/1/1990",
      "Regions": [
        "FR"
      ],
      "Languages": [
        "fr"
      ]
    },
    {
      "Titles": [
        "Maze-Ball"
      ],
      "Sha1s2Md5": "c0bb56c2bcbfcbdbfecdbfbbb91d1060",
      "Crcs2Md5": "588bc2bbef1f7653f6a8b44684e2ac35",
      "Sets": {
        "4": [
          "Maze-Ball (1990)(Edition PUSSY)(FR)"
        ]
      },
      "Size": 4028378,
      "Publishers": [
        8
      ],
      "ReleaseDate": "1/1/1990",
      "Regions": [
        "FR"
      ],
      "Languages": [
        "fr"
      ]
    },
    {
      "Titles": [
        "Memoire"
      ],
      "Sha1s2Md5": "fd578be9223053425b107943296ce205",
      "Crcs2Md5": "768316a96582d0c4bd1af0584230489d",
      "Sets": {
        "4": [
          "Memoire (198x)(-)(FR)"
        ]
      },
      "Size": 3400,
      "Publishers": [
        9
      ],
      "Regions": [
        "FR"
      ],
      "Languages": [
        "fr"
      ]
    },
    {
      "Titles": [
        "Mesure du Golf"
      ],
      "Sha1s2Md5": "10dc8e5cdccfe25cb1aa1609db5f6561",
      "Crcs2Md5": "e7eb8b108be703deb2ccd59c7895a860",
      "Sets": {
        "4": [
          "Mesure du Golf (198x)(Cedic, Nathan)(FR)"
        ]
      },
      "Size": 27103,
      "Publishers": [
        7
      ],
      "Regions": [
        "FR"
      ],
      "Languages": [
        "fr"
      ]
    },
    {
      "Titles": [
        "Mesure du Golf"
      ],
      "Sha1s2Md5": "4b3a3165113418a480c4b079a3eb44bc",
      "Crcs2Md5": "ffbffbc1fd3e8e8dc33b51b7d75a4fa4",
      "Sets": {
        "4": [
          "Mesure du Golf (198x)(Cedic, Nathan)(FR)"
        ]
      },
      "Size": 14034716,
      "Publishers": [
        7
      ],
      "Regions": [
        "FR"
      ],
      "Languages": [
        "fr"
      ]
    },
    {
      "Titles": [
        "Mesure du Temps"
      ],
      "Sha1s2Md5": "e2592e08f4433219a1368b7b5befae66",
      "Crcs2Md5": "0388d1b84d64c9a97688746b52e48041",
      "Sets": {
        "4": [
          "Mesure du Temps (198x)(Cedic, Nathan)(FR)"
        ]
      },
      "Size": 19861,
      "Publishers": [
        7
      ],
      "Regions": [
        "FR"
      ],
      "Languages": [
        "fr"
      ]
    },
    {
      "Titles": [
        "Mesure du Temps"
      ],
      "Sha1s2Md5": "189e3c2aa51206afa066da8e7edb3ea3",
      "Crcs2Md5": "72724a6625008d68f31062b17b1fe486",
      "Sets": {
        "4": [
          "Mesure du Temps (198x)(Cedic, Nathan)(FR)"
        ]
      },
      "Size": 9663236,
      "Publishers": [
        7
      ],
      "Regions": [
        "FR"
      ],
      "Languages": [
        "fr"
      ]
    },
    {
      "Titles": [
        "Meurtre - A Grande Vitesse"
      ],
      "Sha1s2Md5": "6716bc26e7d8293fc3e1f6bc7849aaf3",
      "Crcs2Md5": "b2458fc4eac561abcee83588df0b96ef",
      "Sets": {
        "4": [
          "Meurtre - A Grande Vitesse (1985-12-21)(Cobra Soft - Minipuce)(FR)"
        ]
      },
      "Size": 60228,
      "Publishers": [
        15,
        5
      ],
      "ReleaseDate": "12/21/1985",
      "Regions": [
        "FR"
      ],
      "Languages": [
        "fr"
      ]
    },
    {
      "Titles": [
        "Meurtre - A Grande Vitesse"
      ],
      "Sha1s2Md5": "7959c0e083a059f66eaaca18b1995411",
      "Crcs2Md5": "836c1a118720121da79a0f8d1e3051bd",
      "Sets": {
        "4": [
          "Meurtre - A Grande Vitesse (1985-12-21)(Cobra Soft - Minipuce)(FR)"
        ]
      },
      "Size": 35579924,
      "Publishers": [
        15,
        5
      ],
      "ReleaseDate": "12/21/1985",
      "Regions": [
        "FR"
      ],
      "Languages": [
        "fr"
      ]
    },
    {
      "Titles": [
        "Midway"
      ],
      "Sha1s2Md5": "1554d54d1bb225af5e2a5048e58ac303",
      "Crcs2Md5": "7e16dd0354b6839bbcd25afcc74a9549",
      "Sets": {
        "4": [
          "Midway (198x)(Minipuce)(FR)"
        ]
      },
      "Size": 12875,
      "Publishers": [
        5
      ],
      "Regions": [
        "FR"
      ],
      "Languages": [
        "fr"
      ]
    },
    {
      "Titles": [
        "Midway"
      ],
      "Sha1s2Md5": "23c2214519b1301dfbdfdbb584f3759c",
      "Crcs2Md5": "31b0a2a401ecfd750755aba8f353d118",
      "Sets": {
        "4": [
          "Midway (198x)(Minipuce)(FR)"
        ]
      },
      "Size": 6364268,
      "Publishers": [
        5
      ],
      "Regions": [
        "FR"
      ],
      "Languages": [
        "fr"
      ]
    },
    {
      "Titles": [
        "Mille Bornes"
      ],
      "Sha1s2Md5": "d28af70597bef3d7bbea16e3bc60590c",
      "Crcs2Md5": "41ac5f4319f2b883cc3bbbcecf53a461",
      "Sets": {
        "4": [
          "Mille Bornes (1985)(Free Game Blot)(FR)"
        ]
      },
      "Size": 18398,
      "Publishers": [
        6
      ],
      "ReleaseDate": "1/1/1985",
      "Regions": [
        "FR"
      ],
      "Languages": [
        "fr"
      ]
    },
    {
      "Titles": [
        "Mille Bornes"
      ],
      "Sha1s2Md5": "aa7569fe3f1f783ac9683f3073040cd3",
      "Crcs2Md5": "8c4a1e63667f00e371f3dd96eb3cc3a8",
      "Sets": {
        "4": [
          "Mille Bornes (1985)(Free Game Blot)(FR)"
        ]
      },
      "Size": 1006512,
      "Publishers": [
        6
      ],
      "ReleaseDate": "1/1/1985",
      "Regions": [
        "FR"
      ],
      "Languages": [
        "fr"
      ]
    },
    {
      "Titles": [
        "Mille-pattes"
      ],
      "Sha1s2Md5": "aeadc68c78d632e20488516d63d78942",
      "Crcs2Md5": "5c28d7cdda8e7fa1bcba920aed8b8935",
      "Sets": {
        "4": [
          "Mille-pattes (1985-07)(Exelvision)(FR)"
        ]
      },
      "Size": 11652,
      "Publishers": [
        0
      ],
      "ReleaseDate": "7/1/1985",
      "Regions": [
        "FR"
      ],
      "Languages": [
        "fr"
      ]
    },
    {
      "Titles": [
        "Mille-pattes"
      ],
      "Sha1s2Md5": "590bb05237560d39c86c7c46af8aab80",
      "Crcs2Md5": "efadc5fd8649178f435df95dad965059",
      "Sets": {
        "4": [
          "Mille-pattes (1985-07)(Exelvision)(FR)"
        ]
      },
      "Size": 5453166,
      "Publishers": [
        0
      ],
      "ReleaseDate": "7/1/1985",
      "Regions": [
        "FR"
      ],
      "Languages": [
        "fr"
      ]
    },
    {
      "Titles": [
        "Mille-Pattes"
      ],
      "Sha1s2Md5": "10227b7cf9f4d50349eb8b73d1aa029a",
      "Crcs2Md5": "ec9a2f18eddc9a2a89f31d89b95dd4e6",
      "Sets": {
        "4": [
          "Mille-Pattes (19xx)(Laboureau, Christophe)(FR)"
        ]
      },
      "Size": 21129,
      "Publishers": [
        16
      ],
      "Regions": [
        "FR"
      ],
      "Languages": [
        "fr"
      ]
    },
    {
      "Titles": [
        "Monopolic"
      ],
      "Sha1s2Md5": "441a6f88c35cee9e2f6d29e1289f0406",
      "Crcs2Md5": "438c1ab1ed5eb4c5753057d5dae99e7d",
      "Sets": {
        "4": [
          "Monopolic (198x)(Free Game Blot)(FR)"
        ]
      },
      "Size": 29656,
      "Publishers": [
        6
      ],
      "Regions": [
        "FR"
      ],
      "Languages": [
        "fr"
      ]
    },
    {
      "Titles": [
        "Monopolic"
      ],
      "Sha1s2Md5": "3ceaf097adba1944dd8dc3155447b462",
      "Crcs2Md5": "6b1bea47d8f924cfef5e8e84f469f596",
      "Sets": {
        "4": [
          "Monopolic (198x)(Free Game Blot)(FR)"
        ]
      },
      "Size": 1723484,
      "Publishers": [
        6
      ],
      "Regions": [
        "FR"
      ],
      "Languages": [
        "fr"
      ]
    },
    {
      "Titles": [
        "Nimbus"
      ],
      "Sha1s2Md5": "9af2de6e3dee4009b3cf3c8290b414e8",
      "Crcs2Md5": "f92c1d066a28d3bffba1e185d9808fb2",
      "Sets": {
        "4": [
          "Nimbus (1985)(Micro Scoop)(FR)[h Edition PUSSY]"
        ]
      },
      "Size": 25093,
      "Publishers": [
        17
      ],
      "Tags": [
        3
      ],
      "ReleaseDate": "1/1/1985",
      "Regions": [
        "FR"
      ],
      "Languages": [
        "fr"
      ]
    },
    {
      "Titles": [
        "Nimbus"
      ],
      "Sha1s2Md5": "c037b9a09a2405a623b2c7878907eb28",
      "Crcs2Md5": "5277a56d0c6fb2f0a9f828f2585ce675",
      "Sets": {
        "4": [
          "Nimbus (1985)(Micro Scoop)(FR)[h Edition PUSSY][a]"
        ]
      },
      "Size": 25091,
      "Publishers": [
        17
      ],
      "Tags": [
        3,
        1
      ],
      "ReleaseDate": "1/1/1985",
      "Regions": [
        "FR"
      ],
      "Languages": [
        "fr"
      ]
    },
    {
      "Titles": [
        "Nimbus"
      ],
      "Sha1s2Md5": "208e49470dd573ce51f3706ddd109206",
      "Crcs2Md5": "e9c81a685533521d65570f0c404d6e44",
      "Sets": {
        "4": [
          "Nimbus (1985)(Micro Scoop)(FR)[h Edition PUSSY]"
        ]
      },
      "Size": 11744760,
      "Publishers": [
        17
      ],
      "Tags": [
        3
      ],
      "ReleaseDate": "1/1/1985",
      "Regions": [
        "FR"
      ],
      "Languages": [
        "fr"
      ]
    },
    {
      "Titles": [
        "Nombre Mysterieux, Le"
      ],
      "Sha1s2Md5": "8270e9acdc44d210e5fda475dfe2801c",
      "Crcs2Md5": "02f1fc25b5f3877173451b8c5fdc97d3",
      "Sets": {
        "4": [
          "Nombre Mysterieux, Le (198x)(EH Services)(FR)(beta)[a][unreleased]"
        ]
      },
      "Size": 24777,
      "Publishers": [
        13
      ],
      "Tags": [
        1,
        2
      ],
      "Regions": [
        "FR"
      ],
      "Languages": [
        "fr"
      ]
    },
    {
      "Titles": [
        "Nombre Mysterieux, Le"
      ],
      "Sha1s2Md5": "76bb2607a5cd3c76c086e7d96004aef6",
      "Crcs2Md5": "745531c8f1afac20a72f110daac191e5",
      "Sets": {
        "4": [
          "Nombre Mysterieux, Le (198x)(EH Services)(FR)(beta)[unreleased]"
        ]
      },
      "Size": 65079,
      "Publishers": [
        13
      ],
      "Tags": [
        2
      ],
      "Regions": [
        "FR"
      ],
      "Languages": [
        "fr"
      ]
    },
    {
      "Titles": [
        "Nombre Mysterieux, Le"
      ],
      "Sha1s2Md5": "af0a461863b090f8b6949ca823c90f5d",
      "Crcs2Md5": "2e8b16f87544f07d3c6eb55ef1406c28",
      "Sets": {
        "4": [
          "Nombre Mysterieux, Le (198x)(EH Services)(FR)(beta)[a][unreleased]"
        ]
      },
      "Size": 6264224,
      "Publishers": [
        13
      ],
      "Tags": [
        1,
        2
      ],
      "Regions": [
        "FR"
      ],
      "Languages": [
        "fr"
      ]
    },
    {
      "Titles": [
        "Nombre Mysterieux, Le"
      ],
      "Sha1s2Md5": "987c50aa7bacecf027f5ce5a5bd33e63",
      "Crcs2Md5": "2d26f46e778b48c74e54d57225498742",
      "Sets": {
        "4": [
          "Nombre Mysterieux, Le (198x)(EH Services)(FR)(beta)[unreleased]"
        ]
      },
      "Size": 32296436,
      "Publishers": [
        13
      ],
      "Tags": [
        2
      ],
      "Regions": [
        "FR"
      ],
      "Languages": [
        "fr"
      ]
    },
    {
      "Titles": [
        "Pacific"
      ],
      "Sha1s2Md5": "c9d5062a2ba952cc75b1e7038383a715",
      "Crcs2Md5": "011b867bef473d88a4cdc5e4954f4b29",
      "Sets": {
        "4": [
          "Pacific (1988)(Edition PUSSY)(FR)"
        ]
      },
      "Size": 10429,
      "Publishers": [
        8
      ],
      "ReleaseDate": "1/1/1988",
      "Regions": [
        "FR"
      ],
      "Languages": [
        "fr"
      ]
    },
    {
      "Titles": [
        "Pacific"
      ],
      "Sha1s2Md5": "2a08929133fde3847f8ffa019223a01d",
      "Crcs2Md5": "f99f69ee6e0fd1060b03d2a69af535c5",
      "Sets": {
        "4": [
          "Pacific (1988)(Edition PUSSY)(FR)"
        ]
      },
      "Size": 4923700,
      "Publishers": [
        8
      ],
      "ReleaseDate": "1/1/1988",
      "Regions": [
        "FR"
      ],
      "Languages": [
        "fr"
      ]
    },
    {
      "Titles": [
        "Parsec"
      ],
      "Sha1s2Md5": "1f6f46838883a02d9bd60515debbc44a",
      "Crcs2Md5": "265cc2b91e4eeccbf988875a101d18cc",
      "Sets": {
        "4": [
          "Parsec (1989)(Edition PUSSY)(FR)"
        ]
      },
      "Size": 7235,
      "Publishers": [
        8
      ],
      "ReleaseDate": "1/1/1989",
      "Regions": [
        "FR"
      ],
      "Languages": [
        "fr"
      ]
    },
    {
      "Titles": [
        "Parsec"
      ],
      "Sha1s2Md5": "de7668d001ae405de4b2eb64f30f2f61",
      "Crcs2Md5": "6376ed3cf45c1d3fb4e1ca335f64ddc1",
      "Sets": {
        "4": [
          "Parsec (1989)(Edition PUSSY)(FR)[a]"
        ]
      },
      "Size": 7235,
      "Publishers": [
        8
      ],
      "Tags": [
        1
      ],
      "ReleaseDate": "1/1/1989",
      "Regions": [
        "FR"
      ],
      "Languages": [
        "fr"
      ]
    },
    {
      "Titles": [
        "Parsec"
      ],
      "Sha1s2Md5": "93d04afd3cc7c7c9d1169a87c56e323b",
      "Crcs2Md5": "6e01db952c3dcebd6e51332468a0163d",
      "Sets": {
        "4": [
          "Parsec (1989)(Edition PUSSY)(FR)"
        ]
      },
      "Size": 3416266,
      "Publishers": [
        8
      ],
      "ReleaseDate": "1/1/1989",
      "Regions": [
        "FR"
      ],
      "Languages": [
        "fr"
      ]
    },
    {
      "Titles": [
        "Petanque"
      ],
      "Sha1s2Md5": "305ccee135fa5484dfac1324c6e1a906",
      "Crcs2Md5": "eabca80c30a534257d9eeebdb57b7b46",
      "Sets": {
        "4": [
          "Petanque (198x)(Minipuce)(FR)[b gfx]"
        ]
      },
      "Size": 4930,
      "Publishers": [
        5
      ],
      "Tags": [
        0
      ],
      "Regions": [
        "FR"
      ],
      "Languages": [
        "fr"
      ]
    },
    {
      "Titles": [
        "Petanque"
      ],
      "Sha1s2Md5": "832aec59650de8765738e0d7f9fbeaf2",
      "Crcs2Md5": "f7f90e74185d4003a223c317ea12edf5",
      "Sets": {
        "4": [
          "Petanque (198x)(Minipuce)(FR)[b gfx]"
        ]
      },
      "Size": 2321176,
      "Publishers": [
        5
      ],
      "Tags": [
        0
      ],
      "Regions": [
        "FR"
      ],
      "Languages": [
        "fr"
      ]
    },
    {
      "Titles": [
        "Petit Pendu Junior, Le"
      ],
      "Sha1s2Md5": "a800d0ebc26dc8071a6de26f32cd408f",
      "Crcs2Md5": "49e9a60b56b1d70113c4cd8e12922d2e",
      "Sets": {
        "4": [
          "Petit Pendu Junior, Le (198x)(Edition PUSSY)(FR)"
        ]
      },
      "Size": 4890,
      "Publishers": [
        8
      ],
      "Regions": [
        "FR"
      ],
      "Languages": [
        "fr"
      ]
    },
    {
      "Titles": [
        "Petit Pendu Junior, Le"
      ],
      "Sha1s2Md5": "8ac0f0875cd7fabcac499150123e95de",
      "Crcs2Md5": "d3212ba6737a3dce3770be9556fbe3dc",
      "Sets": {
        "4": [
          "Petit Pendu Junior, Le (198x)(Edition PUSSY)(FR)"
        ]
      },
      "Size": 2261814,
      "Publishers": [
        8
      ],
      "Regions": [
        "FR"
      ],
      "Languages": [
        "fr"
      ]
    },
    {
      "Titles": [
        "Pindo"
      ],
      "Sha1s2Md5": "be3947aaddc23e98dd316731e72f189f",
      "Crcs2Md5": "90b0cb3dfdd2ef2a640a4499d71d89f5",
      "Sets": {
        "1": [
          "pindo"
        ]
      },
      "Size": 16384,
      "Publishers": [
        0
      ]
    },
    {
      "Titles": [
        "Pindo"
      ],
      "Sha1s2Md5": "2d958effc83b5d3781bc6d2a637c5a4a",
      "Crcs2Md5": "843ee813d5ccfc6a6fa2d53dc609bddb",
      "Sets": {
        "4": [
          "Pindo (198x)(Minipuce)(FR)"
        ]
      },
      "Size": 17408,
      "Publishers": [
        5
      ],
      "Regions": [
        "FR"
      ],
      "Languages": [
        "fr"
      ]
    },
    {
      "Titles": [
        "Pindo"
      ],
      "Sha1s2Md5": "67c9688d169300a201813c53fa4383f8",
      "Crcs2Md5": "b62ecf164cfc690bc954ce61c3fa2eba",
      "Sets": {
        "4": [
          "Pindo (198x)(Minipuce)(FR)"
        ]
      },
      "Size": 14214,
      "Publishers": [
        5
      ],
      "Regions": [
        "FR"
      ],
      "Languages": [
        "fr"
      ]
    },
    {
      "Titles": [
        "Programe de Reflexion"
      ],
      "Sha1s2Md5": "f38bd436ba988a4296205ea6eb56b393",
      "Crcs2Md5": "46ee50fc6ef20a7ff3176c0c7b77eedf",
      "Sets": {
        "4": [
          "Programe de Reflexion (198x)(Exelvision)(FR)"
        ]
      },
      "Size": 5115,
      "Publishers": [
        0
      ],
      "Regions": [
        "FR"
      ],
      "Languages": [
        "fr"
      ]
    },
    {
      "Titles": [
        "Pyrox"
      ],
      "Sha1s2Md5": "97e694b45a9d4005e5a55a5c260e17fc",
      "Crcs2Md5": "06190607f2a3415d27a6d56473c884e5",
      "Sets": {
        "4": [
          "Pyrox (198x)(Paralleles)(FR)"
        ]
      },
      "Size": 17408,
      "Publishers": [
        3
      ],
      "Regions": [
        "FR"
      ],
      "Languages": [
        "fr"
      ]
    },
    {
      "Titles": [
        "Pyrox"
      ],
      "Sha1s2Md5": "db2759abf878815e7ef1d4b397342a0b",
      "Crcs2Md5": "fc405fd1ca282f0c161df652b7931879",
      "Sets": {
        "4": [
          "Pyrox (198x)(Paralleles)(FR)"
        ]
      },
      "Size": 16227,
      "Publishers": [
        3
      ],
      "Regions": [
        "FR"
      ],
      "Languages": [
        "fr"
      ]
    },
    {
      "Titles": [
        "Quizzy"
      ],
      "Sha1s2Md5": "c7ad9045ddced26bd8e63ee5e25e93c1",
      "Crcs2Md5": "b672ff3388ba7636abbef026c67ff92f",
      "Sets": {
        "1": [
          "quizzy"
        ]
      },
      "Size": 16384,
      "Publishers": [
        0
      ]
    },
    {
      "Titles": [
        "Quizzy"
      ],
      "Sha1s2Md5": "12b4f0b5f414bcf99bb0216a735d7115",
      "Crcs2Md5": "7ab743e8a013828a693df000fc995b68",
      "Sets": {
        "4": [
          "Quizzy (198x)(Exelvision)(FR)"
        ]
      },
      "Size": 17408,
      "Publishers": [
        0
      ],
      "Regions": [
        "FR"
      ],
      "Languages": [
        "fr"
      ]
    },
    {
      "Titles": [
        "Robix"
      ],
      "Sha1s2Md5": "b18f56b2678519db3db97103d3bf1bdd",
      "Crcs2Md5": "871ae70ee9bf38a2ee7ce2ff84a055dc",
      "Sets": {
        "4": [
          "Robix (198x)(Lacral Software)(FR)"
        ]
      },
      "Size": 29416,
      "Publishers": [
        18
      ],
      "Regions": [
        "FR"
      ],
      "Languages": [
        "fr"
      ]
    },
    {
      "Titles": [
        "Robix"
      ],
      "Sha1s2Md5": "ca0d69e72f92121dbd194244fdba86ed",
      "Crcs2Md5": "50d0997e72a01cc68f9c7a5d6ee11572",
      "Sets": {
        "4": [
          "Robix (198x)(Lacral Software)(FR)"
        ]
      },
      "Size": 14220440,
      "Publishers": [
        18
      ],
      "Regions": [
        "FR"
      ],
      "Languages": [
        "fr"
      ]
    },
    {
      "Titles": [
        "Roboman"
      ],
      "Sha1s2Md5": "0569ea8e5a42cb46741f9a371d4e6994",
      "Crcs2Md5": "56b7bd56de6f872a3f949cb8ccfc943f",
      "Sets": {
        "4": [
          "Roboman (1987)(Jouanot, Fabrice)(FR)"
        ]
      },
      "Size": 18486,
      "Publishers": [
        19
      ],
      "ReleaseDate": "1/1/1987",
      "Regions": [
        "FR"
      ],
      "Languages": [
        "fr"
      ]
    },
    {
      "Titles": [
        "Slalom Geant"
      ],
      "Sha1s2Md5": "396b735b49a65a4d50df3d1f7bb83f5b",
      "Crcs2Md5": "869b37a06816abffaca6a3652aff2dcd",
      "Sets": {
        "4": [
          "Slalom Geant (198x)(Paralleles)(FR)"
        ]
      },
      "Size": 17408,
      "Publishers": [
        3
      ],
      "Regions": [
        "FR"
      ],
      "Languages": [
        "fr"
      ]
    },
    {
      "Titles": [
        "Slalom Geant"
      ],
      "Sha1s2Md5": "29389a2e7516a05d2f5b7961c336d98c",
      "Crcs2Md5": "eb0e8469f8b04390775dbd23af60f3d6",
      "Sets": {
        "4": [
          "Slalom Geant (198x)(Paralleles)(FR)"
        ]
      },
      "Size": 16128,
      "Publishers": [
        3
      ],
      "Regions": [
        "FR"
      ],
      "Languages": [
        "fr"
      ]
    },
    {
      "Titles": [
        "Space Runner"
      ],
      "Sha1s2Md5": "b4d3a0755c551fa9ca06f4c6916241b0",
      "Crcs2Md5": "dcb12f82d21851844b1c376417f0f2d8",
      "Sets": {
        "4": [
          "Space Runner (1988)(Edition PUSSY)(FR)"
        ]
      },
      "Size": 7339,
      "Publishers": [
        8
      ],
      "ReleaseDate": "1/1/1988",
      "Regions": [
        "FR"
      ],
      "Languages": [
        "fr"
      ]
    },
    {
      "Titles": [
        "Space Runner"
      ],
      "Sha1s2Md5": "ccaaa9653a5f342e81ad9dd22894f226",
      "Crcs2Md5": "a14e744054e57214e3c07ea61897ccf9",
      "Sets": {
        "4": [
          "Space Runner (1988)(Edition PUSSY)(FR)"
        ]
      },
      "Size": 3432120,
      "Publishers": [
        8
      ],
      "ReleaseDate": "1/1/1988",
      "Regions": [
        "FR"
      ],
      "Languages": [
        "fr"
      ]
    },
    {
      "Titles": [
        "Sphinx d'Or, Le"
      ],
      "Sha1s2Md5": "33b33c578bd441ea22641dd197ded38d",
      "Crcs2Md5": "8473ed572ea5bf72580686a73e343ad4",
      "Sets": {
        "4": [
          "Sphinx d'Or, Le (198x)(Paralleles)(FR)"
        ]
      },
      "Size": 17408,
      "Publishers": [
        3
      ],
      "Regions": [
        "FR"
      ],
      "Languages": [
        "fr"
      ]
    },
    {
      "Titles": [
        "Sphinx d'Or, Le"
      ],
      "Sha1s2Md5": "f16a312ad102e658c217ad5e66170349",
      "Crcs2Md5": "eb8077f41ebfcaade3ad87d8ea71a2dc",
      "Sets": {
        "4": [
          "Sphinx d'Or, Le (198x)(Paralleles)(FR)"
        ]
      },
      "Size": 14304,
      "Publishers": [
        3
      ],
      "Regions": [
        "FR"
      ],
      "Languages": [
        "fr"
      ]
    },
    {
      "Titles": [
        "Startrek"
      ],
      "Sha1s2Md5": "321a0dbebd2e2376608bd13d2dd3eb6d",
      "Crcs2Md5": "7febff75f4ff0ea25126e54bef2f499f",
      "Sets": {
        "4": [
          "Startrek (198x)(Exelement Votre)(FR)"
        ]
      },
      "Size": 20442,
      "Publishers": [
        11
      ],
      "Regions": [
        "FR"
      ],
      "Languages": [
        "fr"
      ]
    },
    {
      "Titles": [
        "Startrek"
      ],
      "Sha1s2Md5": "4a1ad064fae4770166db1daa4a55eb4c",
      "Crcs2Md5": "3bd2f4cf3e9e330d1976d78ba8f0f713",
      "Sets": {
        "4": [
          "Startrek (198x)(Exelement Votre)(FR)"
        ]
      },
      "Size": 1089988,
      "Publishers": [
        11
      ],
      "Regions": [
        "FR"
      ],
      "Languages": [
        "fr"
      ]
    },
    {
      "Titles": [
        "Super Line 4"
      ],
      "Sha1s2Md5": "26b4f70e6950747320ce178f793410ce",
      "Crcs2Md5": "bb62d154cc4e5f1b80b730c7dcd6ae12",
      "Sets": {
        "4": [
          "Super Line 4 (198x)(Edition PUSSY)(FR)"
        ]
      },
      "Size": 4150,
      "Publishers": [
        8
      ],
      "Regions": [
        "FR"
      ],
      "Languages": [
        "fr"
      ]
    },
    {
      "Titles": [
        "Super Line 4"
      ],
      "Sha1s2Md5": "a23c0717e2995a7dcd8f54488f051b9c",
      "Crcs2Md5": "70ba3eb483ccd2285649e186bb234687",
      "Sets": {
        "4": [
          "Super Line 4 (198x)(Edition PUSSY)(FR)"
        ]
      },
      "Size": 1947292,
      "Publishers": [
        8
      ],
      "Regions": [
        "FR"
      ],
      "Languages": [
        "fr"
      ]
    },
    {
      "Titles": [
        "Superbad"
      ],
      "Sha1s2Md5": "3e2eb68727a4271a317c4608b9673ba4",
      "Crcs2Md5": "2647ab22783fb55fb5d52d5de83bc840",
      "Sets": {
        "4": [
          "Superbad (1985)(Exelvision)(FR)"
        ]
      },
      "Size": 10605,
      "Publishers": [
        0
      ],
      "ReleaseDate": "1/1/1985",
      "Regions": [
        "FR"
      ],
      "Languages": [
        "fr"
      ]
    },
    {
      "Titles": [
        "Superbad"
      ],
      "Sha1s2Md5": "021b391e767f06f67a9bc1f7f379fc1c",
      "Crcs2Md5": "4f3fa6e708879b52e728d93dfd73b549",
      "Sets": {
        "4": [
          "Superbad (1985)(Exelvision)(FR)"
        ]
      },
      "Size": 4976828,
      "Publishers": [
        0
      ],
      "ReleaseDate": "1/1/1985",
      "Regions": [
        "FR"
      ],
      "Languages": [
        "fr"
      ]
    },
    {
      "Titles": [
        "Symetries Translations"
      ],
      "Sha1s2Md5": "f80601eb16bcdc033264a6ab3aaf41f5",
      "Crcs2Md5": "21274b72096f32c4870653f375d6eccf",
      "Sets": {
        "4": [
          "Symetries Translations (198x)(Cedic, Nathan)(FR)"
        ]
      },
      "Size": 19500,
      "Publishers": [
        7
      ],
      "Regions": [
        "FR"
      ],
      "Languages": [
        "fr"
      ]
    },
    {
      "Titles": [
        "Symetries Translations"
      ],
      "Sha1s2Md5": "5123db9e9c7676d1da26b23a21373cef",
      "Crcs2Md5": "813c1a843a82bb5697171330c91bc823",
      "Sets": {
        "4": [
          "Symetries Translations (198x)(Cedic, Nathan)(FR)"
        ]
      },
      "Size": 9851984,
      "Publishers": [
        7
      ],
      "Regions": [
        "FR"
      ],
      "Languages": [
        "fr"
      ]
    },
    {
      "Titles": [
        "Tarot"
      ],
      "Sha1s2Md5": "a127e593c93864992ba6dde54e849629",
      "Crcs2Md5": "26b433bf3c67a6269d0f3dcc942ae859",
      "Sets": {
        "4": [
          "Tarot (1985-12-10)(Exelement Votre)(FR)"
        ]
      },
      "Size": 28337,
      "Publishers": [
        11
      ],
      "ReleaseDate": "12/10/1985",
      "Regions": [
        "FR"
      ],
      "Languages": [
        "fr"
      ]
    },
    {
      "Titles": [
        "Tarot"
      ],
      "Sha1s2Md5": "f511f961dea1f582dad1aeb658ca9abb",
      "Crcs2Md5": "24d50d34558c701e2d30604ea25cdb9a",
      "Sets": {
        "4": [
          "Tarot (1985-12-10)(Exelement Votre)(FR)"
        ]
      },
      "Size": 13709672,
      "Publishers": [
        11
      ],
      "ReleaseDate": "12/10/1985",
      "Regions": [
        "FR"
      ],
      "Languages": [
        "fr"
      ]
    },
    {
      "Titles": [
        "Tennis"
      ],
      "Sha1s2Md5": "6cf219d0d83a48c988dc18f3cfe13df0",
      "Crcs2Md5": "a982f7aa180f692a1c93890055389585",
      "Sets": {
        "1": [
          "tennis"
        ],
        "4": [
          "Tennis (198x)(Exelvision)(FR)"
        ]
      },
      "Size": 32256,
      "Publishers": [
        0
      ],
      "Regions": [
        "FR"
      ],
      "Languages": [
        "fr"
      ]
    },
    {
      "Titles": [
        "Theme Astral"
      ],
      "Sha1s2Md5": "4d1dce6a7ef11b5c37678e96c26aeb82",
      "Crcs2Md5": "fc18f5d4583ab34ac36d65096aed5043",
      "Sets": {
        "4": [
          "Theme Astral (19xx)(Minipuce)(FR)"
        ]
      },
      "Size": 7531,
      "Publishers": [
        5
      ],
      "Regions": [
        "FR"
      ],
      "Languages": [
        "fr"
      ]
    },
    {
      "Titles": [
        "Theme Astral"
      ],
      "Sha1s2Md5": "de187c6ec1d721fee49de462e1b1c15e",
      "Crcs2Md5": "a6767f4bf0205c4f36b6efaebded7112",
      "Sets": {
        "4": [
          "Theme Astral (19xx)(Minipuce)(FR)"
        ]
      },
      "Size": 3518120,
      "Publishers": [
        5
      ],
      "Regions": [
        "FR"
      ],
      "Languages": [
        "fr"
      ]
    },
    {
      "Titles": [
        "Third World War"
      ],
      "Sha1s2Md5": "a9680b6241d6e8d65a7cb18188ec0b3c",
      "Crcs2Md5": "53489dc21a34cba685574cf464caecfc",
      "Sets": {
        "4": [
          "Third World War (1984)(Free Game Blot)(FR)"
        ]
      },
      "Size": 13781,
      "Publishers": [
        6
      ],
      "ReleaseDate": "1/1/1984",
      "Regions": [
        "FR"
      ],
      "Languages": [
        "fr"
      ]
    },
    {
      "Titles": [
        "Three-in-a-Row"
      ],
      "Sha1s2Md5": "ebeceddee05edfd62e1867c01285050a",
      "Crcs2Md5": "4d2f81c7c5fb54c1db6bd6882c9081a5",
      "Sets": {
        "4": [
          "Three-in-a-Row (198x)(-)(FR)"
        ]
      },
      "Size": 6057,
      "Publishers": [
        9
      ],
      "Regions": [
        "FR"
      ],
      "Languages": [
        "in"
      ]
    },
    {
      "Titles": [
        "Tire Croise"
      ],
      "Sha1s2Md5": "ef22eac3dd1330e95d29d910ff1cbd37",
      "Crcs2Md5": "16c52dce1c2b616b62b6cc2a6f9e290a",
      "Sets": {
        "4": [
          "Tire Croise (198x)(Edition PUSSY)(FR)"
        ]
      },
      "Size": 2494,
      "Publishers": [
        8
      ],
      "Regions": [
        "FR"
      ],
      "Languages": [
        "fr"
      ]
    },
    {
      "Titles": [
        "Tire Croise"
      ],
      "Sha1s2Md5": "290b2a2cfda0f03f0a913a56ef9bb352",
      "Crcs2Md5": "caddd3a913a154519bc058781b2d74f4",
      "Sets": {
        "4": [
          "Tire Croise (198x)(Edition PUSSY)(FR)"
        ]
      },
      "Size": 1165546,
      "Publishers": [
        8
      ],
      "Regions": [
        "FR"
      ],
      "Languages": [
        "fr"
      ]
    },
    {
      "Titles": [
        "Tour d'Europe"
      ],
      "Sha1s2Md5": "6ab9f97ed02efeb3685bd49509a8c7b4",
      "Crcs2Md5": "79f26d453bbd8544b022b81076208b24",
      "Sets": {
        "4": [
          "Tour d'Europe (1985)(Exelvision)(FR)"
        ]
      },
      "Size": 19083,
      "Publishers": [
        0
      ],
      "ReleaseDate": "1/1/1985",
      "Regions": [
        "FR"
      ],
      "Languages": [
        "fr"
      ]
    },
    {
      "Titles": [
        "Tour d'Europe"
      ],
      "Sha1s2Md5": "0adfa075e7bf7a0c3a50862f007e7403",
      "Crcs2Md5": "e45b4411596fbb4edc032fc6d290be9c",
      "Sets": {
        "4": [
          "Tour d'Europe (1985)(Exelvision)(FR)"
        ]
      },
      "Size": 9400688,
      "Publishers": [
        0
      ],
      "ReleaseDate": "1/1/1985",
      "Regions": [
        "FR"
      ],
      "Languages": [
        "fr"
      ]
    },
    {
      "Titles": [
        "Track-Ball 5"
      ],
      "Sha1s2Md5": "71d15ea27b3bdd59e9a14ed27933b426",
      "Crcs2Md5": "c7dae924e8af3a7fe22709489b0bff16",
      "Sets": {
        "4": [
          "Track-Ball 5 (1990)(Edition PUSSY)(FR)"
        ]
      },
      "Size": 6436,
      "Publishers": [
        8
      ],
      "ReleaseDate": "1/1/1990",
      "Regions": [
        "FR"
      ],
      "Languages": [
        "fr"
      ]
    },
    {
      "Titles": [
        "Track-Ball 5"
      ],
      "Sha1s2Md5": "7f8d077700be2ca7d57817e3477e0d0d",
      "Crcs2Md5": "db27ab1fb4d1e31da34b6bf8574d8be8",
      "Sets": {
        "4": [
          "Track-Ball 5 (1990)(Edition PUSSY)(FR)"
        ]
      },
      "Size": 6085932,
      "Publishers": [
        8
      ],
      "ReleaseDate": "1/1/1990",
      "Regions": [
        "FR"
      ],
      "Languages": [
        "fr"
      ]
    },
    {
      "Titles": [
        "Une Affaire en Or"
      ],
      "Sha1s2Md5": "715b8939e8b88d0f596f9e3eccb198b4",
      "Crcs2Md5": "cbd73e84df7698fdc49b5854766be3f8",
      "Sets": {
        "4": [
          "Une Affaire en Or (198x)(Free Game Blot)(FR)[h Edition PUSSY]"
        ]
      },
      "Size": 24802,
      "Publishers": [
        6
      ],
      "Tags": [
        3
      ],
      "Regions": [
        "FR"
      ],
      "Languages": [
        "fr"
      ]
    },
    {
      "Titles": [
        "Une Affaire en Or"
      ],
      "Sha1s2Md5": "3afb5030b5cbdeb5f0b4c8db06aa1e9f",
      "Crcs2Md5": "96b919f569b0e29d71acbdcbd558d349",
      "Sets": {
        "4": [
          "Une Affaire en Or (198x)(Free Game Blot)(FR)[h Edition PUSSY]"
        ]
      },
      "Size": 11697924,
      "Publishers": [
        6
      ],
      "Tags": [
        3
      ],
      "Regions": [
        "FR"
      ],
      "Languages": [
        "fr"
      ]
    },
    {
      "Titles": [
        "Vampire"
      ],
      "Sha1s2Md5": "dccdf1097cb456c3fec609407fa1f737",
      "Crcs2Md5": "f52e3d7c817da4a383b7cf06a3624dd9",
      "Sets": {
        "4": [
          "Vampire (198x)(Edition PUSSY)(FR)"
        ]
      },
      "Size": 10563,
      "Publishers": [
        8
      ],
      "Regions": [
        "FR"
      ],
      "Languages": [
        "fr"
      ]
    },
    {
      "Titles": [
        "Vampire"
      ],
      "Sha1s2Md5": "717b547945cc670a89ffd0447e2a40bc",
      "Crcs2Md5": "e0c9145a2d327e871d90c1cd3170e649",
      "Sets": {
        "4": [
          "Vampire (198x)(Edition PUSSY)(FR)"
        ]
      },
      "Size": 5000184,
      "Publishers": [
        8
      ],
      "Regions": [
        "FR"
      ],
      "Languages": [
        "fr"
      ]
    },
    {
      "Titles": [
        "Vega X4"
      ],
      "Sha1s2Md5": "8139e1e08b992b1b5ab307290a2d0f60",
      "Crcs2Md5": "71c23176a35ad4366941de8c60276ac5",
      "Sets": {
        "4": [
          "Vega X4 (1986)(Minipuce)(FR)"
        ]
      },
      "Size": 26197,
      "Publishers": [
        5
      ],
      "ReleaseDate": "1/1/1986",
      "Regions": [
        "FR"
      ],
      "Languages": [
        "fr"
      ]
    },
    {
      "Titles": [
        "Vega X4"
      ],
      "Sha1s2Md5": "17efd4b14503ba6cb79bbd54f64822a5",
      "Crcs2Md5": "cf322e7d16d83d1589734c58f5f9610a",
      "Sets": {
        "4": [
          "Vega X4 (1986)(Minipuce)(FR)"
        ]
      },
      "Size": 12678452,
      "Publishers": [
        5
      ],
      "ReleaseDate": "1/1/1986",
      "Regions": [
        "FR"
      ],
      "Languages": [
        "fr"
      ]
    },
    {
      "Titles": [
        "Virus"
      ],
      "Sha1s2Md5": "0d1297f9f69dde51c4bc6fe8c69754d8",
      "Crcs2Md5": "e38cd9e4b34b5071af21f46b7612ccfd",
      "Sets": {
        "1": [
          "virus"
        ],
        "4": [
          "Virus (198x)(Exelvision)(FR)"
        ]
      },
      "Size": 16384,
      "Publishers": [
        0
      ],
      "Regions": [
        "FR"
      ],
      "Languages": [
        "fr"
      ]
    },
    {
      "Titles": [
        "Wizord"
      ],
      "Sha1s2Md5": "c49fe88e37ebfe372e7f158540d53bd9",
      "Crcs2Md5": "b23d92ada0c1210413df9bac7a938965",
      "Sets": {
        "1": [
          "wizord"
        ],
        "4": [
          "Wizord (198x)(Exelvision)(FR)"
        ]
      },
      "Size": 8192,
      "Publishers": [
        0
      ],
      "Regions": [
        "FR"
      ],
      "Languages": [
        "fr"
      ]
    }
  ],
  "Overviews": {},
  "Genres": {},
  "Companies": {
    "0": "Exelvision",
    "1": "P., Gerard",
    "2": "JMR Diffusion",
    "3": "Paralleles",
    "4": "Arosio, Charles",
    "5": "Minipuce",
    "6": "Free Game Blot",
    "7": "Cedic, Nathan",
    "8": "Edition PUSSY",
    "9": "-",
    "10": "Initiel",
    "11": "Exelement Votre",
    "12": "Electron Software",
    "13": "EH Services",
    "14": "Squirelle",
    "15": "Cobra Soft",
    "16": "Laboureau, Christophe",
    "17": "Micro Scoop",
    "18": "Lacral Software",
    "19": "Jouanot, Fabrice"
  },
  "Tags": {
    "0": "Bad Dump",
    "1": "Alternate",
    "2": "Beta",
    "3": "Hacked"
  }
}