{
  "PlatformName": "Super A'Can",
  "LastUpdate": "6/25/2022 4:53:16 AM",
  "Games": [
    {
      "Titles": [
        "Boom Zoo ~ Bao Bao Dong Wu Yuan",
        "Boom Zoo"
      ],
      "Serials": [
        "F011"
      ],
      "Sha1s2Md5": "cfd41d870eb23ca9fbb6d08f1ccae41d",
      "Crcs2Md5": "a14c35635e1de93f817e50c0959855a1",
      "Sets": {
        "1": [
          "boomzoo"
        ],
        "2": [
          "Boom Zoo (Taiwan)"
        ]
      },
      "Size": 524288,
      "Publishers": [
        2
      ],
      "ReleaseDate": "1/1/1996",
      "Regions": [
        "CN"
      ],
      "Languages": [
        "zh"
      ]
    },
    {
      "Titles": [
        "Formosa Duel"
      ],
      "Serials": [
        "F001"
      ],
      "Sha1s2Md5": "92c8e37243d0bb5c00ad4a1c9cc16595",
      "Crcs2Md5": "eb641013f750fb8be46fe7fd9a395360",
      "Sets": {
        "1": [
          "formduel"
        ],
        "2": [
          "Formosa Duel (Taiwan)"
        ]
      },
      "Size": 1048576,
      "Publishers": [
        0
      ],
      "ReleaseDate": "1/1/1995",
      "Regions": [
        "CN"
      ],
      "Languages": [
        "zh"
      ]
    },
    {
      "Titles": [
        "Gambling Lord"
      ],
      "Serials": [
        "F009"
      ],
      "Sha1s2Md5": "48c4f3bb9dcb88a983ebed0c8b3575db",
      "Crcs2Md5": "110d8ac6f80c96fc39faf918065c28fd",
      "Sets": {
        "1": [
          "gamblord"
        ]
      },
      "Size": 2097152,
      "Publishers": [
        2
      ],
      "ReleaseDate": "1/1/1996"
    },
    {
      "Titles": [
        "Journey to the Laugh ~ Xi You Ji",
        "Journey to the Laugh"
      ],
      "Serials": [
        "F006"
      ],
      "Sha1s2Md5": "6ab0f10ece2b2c3456ec89668e5153dd",
      "Crcs2Md5": "f6015ab1786b335fdfa171637caef55d",
      "Sets": {
        "1": [
          "jttlaugh"
        ],
        "2": [
          "Journey to the Laugh (Taiwan)"
        ]
      },
      "Size": 2097152,
      "Publishers": [
        2
      ],
      "ReleaseDate": "1/1/1995",
      "Regions": [
        "CN"
      ],
      "Languages": [
        "zh"
      ]
    },
    {
      "Titles": [
        "Magical Pool"
      ],
      "Serials": [
        "F010"
      ],
      "Sha1s2Md5": "6d560d620abbf720dcbd4061b19bf92d",
      "Crcs2Md5": "fbcc24da36029f62a9dd948bac7d124e",
      "Sets": {
        "1": [
          "magipool"
        ]
      },
      "Size": 2097152,
      "Publishers": [
        2
      ]
    },
    {
      "Titles": [
        "Monopoly: Adventure in Africa ~ Fei Zhou Tan Xian Da Fu Weng",
        "Monopoly - Adventure in Africa"
      ],
      "Serials": [
        "F008"
      ],
      "Sha1s2Md5": "f2237378272a7bbabd094f2d908a6684",
      "Crcs2Md5": "ad91ef0fe5e74bad6219bd2ddc21a88f",
      "Sets": {
        "1": [
          "monopoly"
        ],
        "2": [
          "Monopoly - Adventure in Africa (Taiwan)"
        ]
      },
      "Size": 1048576,
      "Publishers": [
        1
      ],
      "ReleaseDate": "1/1/1995",
      "Regions": [
        "CN"
      ],
      "Languages": [
        "zh"
      ]
    },
    {
      "Titles": [
        "Sango Fighter ~ Wu Jiang Zheng Ba - San Guo Zhi",
        "Sango Fighter"
      ],
      "Serials": [
        "F002"
      ],
      "Sha1s2Md5": "af90c6c55ddea13057c1c44ecef4e9e6",
      "Crcs2Md5": "16281b6244a9ed735e01404e426379fa",
      "Sets": {
        "1": [
          "sangofgt"
        ],
        "2": [
          "Sango Fighter (Taiwan)"
        ]
      },
      "Size": 3145728,
      "Publishers": [
        1
      ],
      "ReleaseDate": "1/1/1995",
      "Regions": [
        "CN"
      ],
      "Languages": [
        "zh"
      ]
    },
    {
      "Titles": [
        "Speedy Dragon ~ Yin Su Fei Long",
        "Speedy Dragon"
      ],
      "Serials": [
        "F004"
      ],
      "Sha1s2Md5": "134a028f907628c6012133a1e21792ef",
      "Crcs2Md5": "fa4b63136fa4ff887460afafcdbf1aa1",
      "Sets": {
        "1": [
          "speedyd"
        ],
        "2": [
          "Speedy Dragon (Taiwan)"
        ]
      },
      "Size": 2097152,
      "Publishers": [
        0
      ],
      "ReleaseDate": "1/1/1995",
      "Regions": [
        "CN"
      ],
      "Languages": [
        "zh"
      ]
    },
    {
      "Titles": [
        "Super Light Saga - Dragon Force ~ Chao Ji Guang Ming Zhan Shi",
        "Super Dragon Force"
      ],
      "Serials": [
        "F007"
      ],
      "Sha1s2Md5": "e3b3527658df67e372791cb6f3e4b247",
      "Crcs2Md5": "a1afc866d4a858b8732f9b6790f267e5",
      "Sets": {
        "1": [
          "slghtsag"
        ],
        "2": [
          "Super Dragon Force (Taiwan)"
        ]
      },
      "Size": 3145728,
      "Publishers": [
        4
      ],
      "ReleaseDate": "1/1/1996",
      "Regions": [
        "CN"
      ],
      "Languages": [
        "zh"
      ]
    },
    {
      "Titles": [
        "Super Taiwanese Baseball League ~ Chao Ji Zhong Hua Zhi Bang Lian Meng",
        "Super Taiwanese Baseball League"
      ],
      "Serials": [
        "F005"
      ],
      "Sha1s2Md5": "1d578386cd77f49742ab1ada11d36cd6",
      "Crcs2Md5": "86e7030a08a375f4a6998f0c93e64cdb",
      "Sets": {
        "1": [
          "staiwbbl"
        ],
        "2": [
          "Super Taiwanese Baseball League (Taiwan)"
        ]
      },
      "Size": 2097152,
      "Publishers": [
        3
      ],
      "ReleaseDate": "1/1/1995",
      "Regions": [
        "CN"
      ],
      "Languages": [
        "zh"
      ]
    },
    {
      "Titles": [
        "The Son of Evil ~ Xie E Zhi Zi",
        "The Son of Evil"
      ],
      "Serials": [
        "F003"
      ],
      "Sha1s2Md5": "6bfe490d66757516cd911d88b3c70b41",
      "Crcs2Md5": "d220522bf14f9034d95263faf2699480",
      "Sets": {
        "1": [
          "sonevil"
        ],
        "2": [
          "The Son of Evil (Taiwan)"
        ]
      },
      "Size": 2097152,
      "Publishers": [
        2
      ],
      "ReleaseDate": "1/1/1995",
      "Regions": [
        "CN"
      ],
      "Languages": [
        "zh"
      ]
    }
  ],
  "Overviews": {},
  "Genres": {},
  "Companies": {
    "0": "AV Artisan",
    "1": "Panda Entertainment Technology",
    "2": "Funtech",
    "3": "C&E Soft",
    "4": "Kingformation"
  },
  "Tags": {}
}