{
  "PlatformName": "PC-FX",
  "LastUpdate": "6/25/2022 4:51:30 AM",
  "Games": [
    {
      "Titles": [
        "Aa! Megami-sama"
      ],
      "Sha1s2Md5": "8d7f46d449084a42fc62c0269459745f",
      "Crcs2Md5": "3a4b1563ed958c354f886df8c2b28a27",
      "Sets": {
        "3": [
          "Aa! Megami-sama (Japan) (Disc 1)"
        ]
      },
      "PartName": "Disc",
      "Size": 566688893,
      "PartNum": 1,
      "Regions": [
        "JP"
      ]
    },
    {
      "Titles": [
        "Aa! Megami-sama"
      ],
      "Sha1s2Md5": "f9eaf3f26a760e529d3ac35b7b9cd8fe",
      "Crcs2Md5": "4ff15f15aacc3326794a835cfc1b4c2b",
      "Sets": {
        "3": [
          "Aa! Megami-sama (Japan) (Disc 2)"
        ]
      },
      "PartName": "Disc",
      "Size": 498278621,
      "PartNum": 2,
      "Regions": [
        "JP"
      ]
    },
    {
      "Titles": [
        "Aa! Megami-sama!"
      ],
      "Sha1s2Md5": "1782af87d9977949b46c083c2c885ac6",
      "Crcs2Md5": "6980757f44e8b5ac017cecdfb0c6b087",
      "Sets": {
        "4": [
          "Aa! Megami-sama! (1997)(NEC Home Electronics)(JP)(Disk 1 of 2)[FXNHE742]"
        ]
      },
      "PartName": "Disk",
      "Size": 589819761,
      "PartNum": 1,
      "TotalParts": 2,
      "Publishers": [
        0
      ],
      "ReleaseDate": "1/1/1997",
      "Regions": [
        "JP"
      ]
    },
    {
      "Titles": [
        "Aa! Megami-sama!"
      ],
      "Sha1s2Md5": "d8680cad363491f63206dc01284d4f95",
      "Crcs2Md5": "da7aeb20a0500ee98eb91f0a0fe39a87",
      "Sets": {
        "4": [
          "Aa! Megami-sama! (1997)(NEC Home Electronics)(JP)(Disk 2 of 2)[FXNHE742]"
        ]
      },
      "PartName": "Disk",
      "Size": 518617233,
      "PartNum": 2,
      "TotalParts": 2,
      "Publishers": [
        0
      ],
      "ReleaseDate": "1/1/1997",
      "Regions": [
        "JP"
      ]
    },
    {
      "Titles": [
        "Akazukin Cha Cha - Osawagase! Panic Race!"
      ],
      "Sha1s2Md5": "e4c6b19a7610f6efe6e9792a96acf88b",
      "Crcs2Md5": "f1d916aee93cc9ff49f8abacc32e8e10",
      "Sets": {
        "4": [
          "Akazukin Cha Cha - Osawagase! Panic Race! (1996)(NEC Home Electronics)(JP)[FXNHE630]"
        ]
      },
      "Size": 539398779,
      "Publishers": [
        0
      ],
      "ReleaseDate": "1/1/1996",
      "Regions": [
        "JP"
      ]
    },
    {
      "Titles": [
        "Akazukin ChaCha - Osawagase! Panic Race!"
      ],
      "Sha1s2Md5": "a9b0eb400e1194d458c2c9d9a7a5cae9",
      "Crcs2Md5": "4c1e87c6fdcc310e8582eed7d8ada90a",
      "Sets": {
        "3": [
          "Akazukin ChaCha - Osawagase! Panic Race! (Japan)"
        ]
      },
      "Size": 518245172,
      "Regions": [
        "JP"
      ]
    },
    {
      "Titles": [
        "Albaria no Otome"
      ],
      "Sha1s2Md5": "62bb9a4058db5a229f21c6a8f9c9b210",
      "Crcs2Md5": "5a48164deb2cf1307e383ca2afb1d564",
      "Sets": {
        "3": [
          "Albaria no Otome (Japan)"
        ]
      },
      "Size": 551541256,
      "Regions": [
        "JP"
      ]
    },
    {
      "Titles": [
        "Amateur Teikyou CD-ROM"
      ],
      "Sha1s2Md5": "3f365ee58aec2e8ce5577fc202b425a4",
      "Crcs2Md5": "6ac320ab0bd3a10f5fd83842aec44f48",
      "Sets": {
        "3": [
          "Amateur Teikyou CD-ROM (Japan) (NEC PC-FXGA)"
        ]
      },
      "Size": 563765125,
      "Regions": [
        "JP"
      ]
    },
    {
      "Titles": [
        "Amateur Teikyou CD-ROM"
      ],
      "Sha1s2Md5": "40f10210055981847d16502de029c0a6",
      "Crcs2Md5": "ae32ae9117f8f182f53f447951f6874c",
      "Sets": {
        "3": [
          "Amateur Teikyou CD-ROM (Japan) (DOS-V-you) (NEC PC-FXGA)"
        ]
      },
      "Size": 559235185,
      "Regions": [
        "JP"
      ]
    },
    {
      "Titles": [
        "Angelique - Tenkuu no Requiem"
      ],
      "Sha1s2Md5": "78271163255060983c837290a178d9cf",
      "Crcs2Md5": "62895ed21a9d05e2bc48a066050b54d1",
      "Sets": {
        "3": [
          "Angelique - Tenkuu no Requiem (Japan)"
        ]
      },
      "Size": 619000520,
      "Regions": [
        "JP"
      ]
    },
    {
      "Titles": [
        "Angelique - Tenkuu No Requim"
      ],
      "Sha1s2Md5": "6164d94082dcb68b34a87ef601112119",
      "Crcs2Md5": "d220895f56dc5ec58224c254334caf1a",
      "Sets": {
        "4": [
          "Angelique - Tenkuu No Requim (1998)(NEC Home Electronics)(JP)[FXNHE846]"
        ]
      },
      "Size": 644265883,
      "Publishers": [
        0
      ],
      "ReleaseDate": "1/1/1998",
      "Regions": [
        "JP"
      ]
    },
    {
      "Titles": [
        "Angelique Special"
      ],
      "Sha1s2Md5": "3444017801cb24dc7f8844935670ee13",
      "Crcs2Md5": "b91cfa0ce7c1ef276006534a5924561e",
      "Sets": {
        "3": [
          "Angelique Special (Japan)"
        ]
      },
      "Size": 466884540,
      "Regions": [
        "JP"
      ]
    },
    {
      "Titles": [
        "Angelique Special"
      ],
      "Sha1s2Md5": "f6b927a944f60ecf36fa4434d86e7737",
      "Crcs2Md5": "d846915eb1cdbd70ca9f7f1169efae30",
      "Sets": {
        "4": [
          "Angelique Special (1995)(NEC Home Electronics)(JP)[FXNHE514]"
        ]
      },
      "Size": 485941793,
      "Publishers": [
        0
      ],
      "ReleaseDate": "1/1/1995",
      "Regions": [
        "JP"
      ]
    },
    {
      "Titles": [
        "Angelique Special 2"
      ],
      "Sha1s2Md5": "3cf7242e2a6498190a3dc8c81cd97ab6",
      "Crcs2Md5": "87e54677833232e20e797c3c2501144f",
      "Sets": {
        "3": [
          "Angelique Special 2 (Japan)"
        ]
      },
      "Size": 738390295,
      "Regions": [
        "JP"
      ]
    },
    {
      "Titles": [
        "Angelique Special 2"
      ],
      "Sha1s2Md5": "5783e619ebde035330d17b165f8e979c",
      "Crcs2Md5": "46dfa1fb0b86d12410a9c4977d8cbe68",
      "Sets": {
        "4": [
          "Angelique Special 2 (1996)(NEC Home Electronics)(JP)[FXNHE633]"
        ]
      },
      "Size": 768528654,
      "Publishers": [
        0
      ],
      "ReleaseDate": "1/1/1996",
      "Regions": [
        "JP"
      ]
    },
    {
      "Titles": [
        "Anime Freak FX Volume 1"
      ],
      "Sha1s2Md5": "7da6cc8d36cc96bb82ca86265553e382",
      "Crcs2Md5": "70c5a09e625481cdc0f8c1f53cce7ea4",
      "Sets": {
        "4": [
          "Anime Freak FX Volume 1 (1995)(NEC Home Electronics)(JP)[FXNHE510]"
        ]
      },
      "Size": 791603348,
      "Publishers": [
        0
      ],
      "ReleaseDate": "1/1/1995",
      "Regions": [
        "JP"
      ]
    },
    {
      "Titles": [
        "Anime Freak FX Volume 2"
      ],
      "Sha1s2Md5": "9461d5eb92954aa4900daf166be7d4b1",
      "Crcs2Md5": "273d416d9eda6565c649b87b7e4399e0",
      "Sets": {
        "4": [
          "Anime Freak FX Volume 2 (1995)(NEC Home Electronics)(JP)[FXNHE513]"
        ]
      },
      "Size": 750271315,
      "Publishers": [
        0
      ],
      "ReleaseDate": "1/1/1995",
      "Regions": [
        "JP"
      ]
    },
    {
      "Titles": [
        "Anime Freak FX Volume 4"
      ],
      "Sha1s2Md5": "2d6fd0ca602acd09463537c46998a1d7",
      "Crcs2Md5": "165b2545c81a98cd849d2058663854e6",
      "Sets": {
        "4": [
          "Anime Freak FX Volume 4 (1997)(NEC Home Electronics)(JP)[FXNHE636]"
        ]
      },
      "Size": 765522356,
      "Publishers": [
        0
      ],
      "ReleaseDate": "1/1/1997",
      "Regions": [
        "JP"
      ]
    },
    {
      "Titles": [
        "Anime Freak FX Volume 5"
      ],
      "Sha1s2Md5": "e5ebc2c727690471dc1fb67acd703173",
      "Crcs2Md5": "1ef364468f4e548814daf48a7ee8435e",
      "Sets": {
        "4": [
          "Anime Freak FX Volume 5 (1997)(NEC Home Electronics)(JP)(Disc 1 of 2)[FXNHE738]"
        ]
      },
      "PartName": "Disc",
      "Size": 565672531,
      "PartNum": 1,
      "TotalParts": 2,
      "Publishers": [
        0
      ],
      "ReleaseDate": "1/1/1997",
      "Regions": [
        "JP"
      ]
    },
    {
      "Titles": [
        "Anime Freak FX Volume 5"
      ],
      "Sha1s2Md5": "adc347867e24bc31025b264ad58f5876",
      "Crcs2Md5": "bf6511681392c3449d82a2422a6bf769",
      "Sets": {
        "4": [
          "Anime Freak FX Volume 5 (1997)(NEC Home Electronics)(JP)(Disc 2 of 2)[FXNHE738]"
        ]
      },
      "PartName": "Disc",
      "Size": 655678148,
      "PartNum": 2,
      "TotalParts": 2,
      "Publishers": [
        0
      ],
      "ReleaseDate": "1/1/1997",
      "Regions": [
        "JP"
      ]
    },
    {
      "Titles": [
        "Anime Freak FX Volume 6"
      ],
      "Sha1s2Md5": "1bc675403c0f3857d9e6b132349a539f",
      "Crcs2Md5": "4e7566061544a2dbe486795a34e31b6d",
      "Sets": {
        "4": [
          "Anime Freak FX Volume 6 (1997)(NEC Home Electronics)(JP)(Disc 1 of 2)[FXNHE845]"
        ]
      },
      "PartName": "Disc",
      "Size": 711049458,
      "PartNum": 1,
      "TotalParts": 2,
      "Publishers": [
        0
      ],
      "ReleaseDate": "1/1/1997",
      "Regions": [
        "JP"
      ]
    },
    {
      "Titles": [
        "Anime Freak FX Volume 6"
      ],
      "Sha1s2Md5": "c8c5143c90fe2c19741b2f3763b5fddd",
      "Crcs2Md5": "7318aa3cd054ea8a7eb5b011006ef8a4",
      "Sets": {
        "4": [
          "Anime Freak FX Volume 6 (1997)(NEC Home Electronics)(JP)(Disc 2 of 2)[FXNHE845]"
        ]
      },
      "PartName": "Disc",
      "Size": 750628724,
      "PartNum": 2,
      "TotalParts": 2,
      "Publishers": [
        0
      ],
      "ReleaseDate": "1/1/1997",
      "Regions": [
        "JP"
      ]
    },
    {
      "Titles": [
        "AnimeFreak FX Vol. 1"
      ],
      "Sha1s2Md5": "6b6571d1b5fe897db9209c2791837e3b",
      "Crcs2Md5": "74c68612d9fbd894c17549d26062e132",
      "Sets": {
        "3": [
          "AnimeFreak FX Vol. 1 (Japan)"
        ]
      },
      "Size": 760559525,
      "Regions": [
        "JP"
      ]
    },
    {
      "Titles": [
        "AnimeFreak FX Vol. 2"
      ],
      "Sha1s2Md5": "04a357f4d91a574811b2b4ecf0bf1d21",
      "Crcs2Md5": "06654c0d0ca717be64f73e55cd109711",
      "Sets": {
        "3": [
          "AnimeFreak FX Vol. 2 (Japan)"
        ]
      },
      "Size": 720848357,
      "Regions": [
        "JP"
      ]
    },
    {
      "Titles": [
        "AnimeFreak FX Vol. 3"
      ],
      "Sha1s2Md5": "a5818821058b40137c41d8e3431618a5",
      "Crcs2Md5": "0d1356ea1a97629e43f50abc8de056a4",
      "Sets": {
        "3": [
          "AnimeFreak FX Vol. 3 (Japan)"
        ]
      },
      "Size": 758169870,
      "Regions": [
        "JP"
      ]
    },
    {
      "Titles": [
        "AnimeFreak FX Vol. 4"
      ],
      "Sha1s2Md5": "50f9ffa1edb6309533bb7da30f86baae",
      "Crcs2Md5": "defca3916913d5f3e48c6b663ce39f94",
      "Sets": {
        "3": [
          "AnimeFreak FX Vol. 4 (Japan)"
        ]
      },
      "Size": 735501363,
      "Regions": [
        "JP"
      ]
    },
    {
      "Titles": [
        "AnimeFreak FX Vol. 5"
      ],
      "Sha1s2Md5": "c2e205e5c29a409cf875b17fdfd3cc7f",
      "Crcs2Md5": "2d88cb0d845ebeae5d8bce49748c45e4",
      "Sets": {
        "3": [
          "AnimeFreak FX Vol. 5 (Japan) (Disc 1)"
        ]
      },
      "PartName": "Disc",
      "Size": 543488782,
      "PartNum": 1,
      "Regions": [
        "JP"
      ]
    },
    {
      "Titles": [
        "AnimeFreak FX Vol. 5"
      ],
      "Sha1s2Md5": "09f694a21258bc5848777c76de2797a7",
      "Crcs2Md5": "5ea31d996f2323c8b2f68c50605854af",
      "Sets": {
        "3": [
          "AnimeFreak FX Vol. 5 (Japan) (Disc 2)"
        ]
      },
      "PartName": "Disc",
      "Size": 629964766,
      "PartNum": 2,
      "Regions": [
        "JP"
      ]
    },
    {
      "Titles": [
        "AnimeFreak FX Vol. 6"
      ],
      "Sha1s2Md5": "99420794f3f89b35fdf7573e4e2c07d4",
      "Crcs2Md5": "8221549721b15fbc1b11d74a8e083c99",
      "Sets": {
        "3": [
          "AnimeFreak FX Vol. 6 (Japan) (Disc 1)"
        ]
      },
      "PartName": "Disc",
      "Size": 683164654,
      "PartNum": 1,
      "Regions": [
        "JP"
      ]
    },
    {
      "Titles": [
        "AnimeFreak FX Vol. 6"
      ],
      "Sha1s2Md5": "8d836dd15d3efee17b5908ff4f067109",
      "Crcs2Md5": "68faef3f562f397cbc19e9e89e4ed5ca",
      "Sets": {
        "3": [
          "AnimeFreak FX Vol. 6 (Japan) (Disc 2)"
        ]
      },
      "PartName": "Disc",
      "Size": 721191790,
      "PartNum": 2,
      "Regions": [
        "JP"
      ]
    },
    {
      "Titles": [
        "Arubarea no Otome"
      ],
      "Sha1s2Md5": "c256468cf54d1703b066e6c95324a8f8",
      "Crcs2Md5": "4c06176892fd33eff30f2695ae69e0b3",
      "Sets": {
        "4": [
          "Arubarea no Otome (1997)(NEC Home Electronics)(JP)[FXNHE740]"
        ]
      },
      "Size": 574054715,
      "Publishers": [
        0
      ],
      "ReleaseDate": "1/1/1997",
      "Regions": [
        "JP"
      ]
    },
    {
      "Titles": [
        "Battle Heat"
      ],
      "Sha1s2Md5": "26171b671b8b36276605e74f27ef03b2",
      "Crcs2Md5": "c64b576ce21d5f271fa7d66e48c6cde8",
      "Sets": {
        "3": [
          "Battle Heat (Japan)"
        ],
        "6": [
          "31743"
        ]
      },
      "Overview": {
        "en": [
          0
        ]
      },
      "Size": 733407510,
      "Publishers": [
        8
      ],
      "Developers": [
        8
      ],
      "ReleaseDate": "12/23/1994",
      "Genres": [
        0
      ],
      "Regions": [
        "JP"
      ]
    },
    {
      "Titles": [
        "Battle Heat",
        "Battle Heat!"
      ],
      "Sha1s2Md5": "2b650df2dbe829966de60d1379449172",
      "Crcs2Md5": "15467db71b12121592a5b870b0507052",
      "Sets": {
        "4": [
          "Battle Heat! (1994)(Hudson)(JP)[FXHUD401]"
        ],
        "6": [
          "31743"
        ]
      },
      "Overview": {
        "en": [
          0
        ]
      },
      "Size": 763344325,
      "Publishers": [
        1,
        8
      ],
      "Developers": [
        8
      ],
      "ReleaseDate": "1/1/1994",
      "Genres": [
        0
      ],
      "Regions": [
        "JP"
      ]
    },
    {
      "Titles": [
        "Blue Breaker"
      ],
      "Sha1s2Md5": "db4cf056b8dbe2a7e0db2ca077d9bfae",
      "Crcs2Md5": "e3373b2d3086c0a35d61b2e779252094",
      "Sets": {
        "4": [
          "Blue Breaker (1996)(NEC Home Electronics)(JP)[FXNHE622]"
        ]
      },
      "Size": 771008323,
      "Publishers": [
        0
      ],
      "ReleaseDate": "1/1/1996",
      "Regions": [
        "JP"
      ]
    },
    {
      "Titles": [
        "Blue Breaker - Ken Yori mo Hohoemi o"
      ],
      "Sha1s2Md5": "38032e9688e9905cd75b495904cc9f4a",
      "Crcs2Md5": "b518d7d5859850e91be1d0da2ccfe4db",
      "Sets": {
        "3": [
          "Blue Breaker - Ken Yori mo Hohoemi o (Japan)"
        ]
      },
      "Size": 740774021,
      "Regions": [
        "JP"
      ]
    },
    {
      "Titles": [
        "Boundary Gate: Daughter of Kingdom",
        "Boundary Gate - Daughter of Kingdom"
      ],
      "Sha1s2Md5": "4babfe6381bd40351cae4d576f62bc04",
      "Crcs2Md5": "243645916924c1f1f333f92793d8f3d9",
      "Sets": {
        "3": [
          "Boundary Gate - Daughter of Kingdom (Japan)"
        ],
        "6": [
          "38517"
        ]
      },
      "Overview": {
        "en": [
          8
        ]
      },
      "Size": 474258411,
      "Publishers": [
        10
      ],
      "Developers": [
        15
      ],
      "ReleaseDate": "1/24/1997",
      "Genres": [
        2
      ],
      "Regions": [
        "JP"
      ]
    },
    {
      "Titles": [
        "Boundary Gate: Daughter of Kingdom",
        "Boundary Gate - Daughter of Kingdom"
      ],
      "Sha1s2Md5": "e3d4cd6bb14d74eecb4d1533fbfc2071",
      "Crcs2Md5": "c03102e98796022111e320d799e0cec0",
      "Sets": {
        "4": [
          "Boundary Gate - Daughter of Kingdom (1997)(NEC Home Electronics)(JP)[FXNHE620]"
        ],
        "6": [
          "38517"
        ]
      },
      "Overview": {
        "en": [
          8
        ]
      },
      "Size": 493619937,
      "Publishers": [
        0,
        10
      ],
      "Developers": [
        15
      ],
      "ReleaseDate": "1/1/1997",
      "Genres": [
        2
      ],
      "Regions": [
        "JP"
      ]
    },
    {
      "Titles": [
        "Can Can Bunny Extra DX"
      ],
      "Sha1s2Md5": "ffb2eb5345c88b31f3fb69dec9ff0e69",
      "Crcs2Md5": "54934cfaceb249c65606cd8438d93177",
      "Sets": {
        "3": [
          "Can Can Bunny Extra DX (Japan)"
        ]
      },
      "Size": 744284268,
      "Regions": [
        "JP"
      ]
    },
    {
      "Titles": [
        "Can Can Bunny Extra DX"
      ],
      "Sha1s2Md5": "1bc5b95f544ece79cfb63ba1143ef284",
      "Crcs2Md5": "8fcf4ea00b03263921e853f8e7920d7f",
      "Sets": {
        "4": [
          "Can Can Bunny Extra DX (1996)(NEC Home Electronics)(JP)[FXNKT601][FXNKT702]"
        ]
      },
      "Size": 774663953,
      "Publishers": [
        0
      ],
      "ReleaseDate": "1/1/1996",
      "Regions": [
        "JP"
      ]
    },
    {
      "Titles": [
        "Chip-chan Kick!"
      ],
      "Sha1s2Md5": "0d8b976b5417186d3fd6a69178e5a1e6",
      "Crcs2Md5": "03111b824f21428799b528a4ecfc8634",
      "Sets": {
        "3": [
          "Chip-chan Kick! (Japan)"
        ],
        "6": [
          "31744"
        ]
      },
      "Overview": {
        "en": [
          1
        ]
      },
      "Size": 646616451,
      "Publishers": [
        10
      ],
      "Developers": [
        9
      ],
      "Tags": [
        2
      ],
      "ReleaseDate": "9/13/1996",
      "Genres": [
        1
      ],
      "Regions": [
        "JP"
      ]
    },
    {
      "Titles": [
        "Comic Road"
      ],
      "Sha1s2Md5": "a17123d220c26c5451e224d7d7a3213e",
      "Crcs2Md5": "e9627500dab8c85981a4c52561b5ae7a",
      "Sets": {
        "3": [
          "Comic Road (Japan)"
        ]
      },
      "Size": 778352387,
      "Regions": [
        "JP"
      ]
    },
    {
      "Titles": [
        "Comic Road"
      ],
      "Sha1s2Md5": "3bad7380bce53019df95b60e28ff07ac",
      "Crcs2Md5": "1f42d59ddd9677f9bef23eef3458eddc",
      "Sets": {
        "4": [
          "Comic Road (1997)(NEC Home Electronics)(JP)[FXNHE743]"
        ]
      },
      "Size": 810122623,
      "Publishers": [
        0
      ],
      "ReleaseDate": "1/1/1997",
      "Regions": [
        "JP"
      ]
    },
    {
      "Titles": [
        "Cutey Honey FX"
      ],
      "Sha1s2Md5": "a7c653572b02ce3a2657736f59e69d75",
      "Crcs2Md5": "e59e26f89cc1f97c92b963006d809228",
      "Sets": {
        "3": [
          "Cutey Honey FX (Japan)"
        ],
        "6": [
          "77576"
        ]
      },
      "Overview": {
        "en": [
          15
        ]
      },
      "Size": 666357117,
      "Publishers": [
        10
      ],
      "Developers": [
        16
      ],
      "ReleaseDate": "11/10/1995",
      "Genres": [
        7
      ],
      "Regions": [
        "JP"
      ]
    },
    {
      "Titles": [
        "Cutey Honey FX"
      ],
      "Sha1s2Md5": "c8466b4117e596eff49ee0275bedc31f",
      "Crcs2Md5": "1c60cd11801e4ce4e053ec3b33e62360",
      "Sets": {
        "4": [
          "Cutey Honey FX (1995)(NEC Home Electronics)(JP)[FXNHE511]"
        ],
        "6": [
          "77576"
        ]
      },
      "Overview": {
        "en": [
          15
        ]
      },
      "Size": 693556051,
      "Publishers": [
        0,
        10
      ],
      "Developers": [
        16
      ],
      "ReleaseDate": "1/1/1995",
      "Genres": [
        7
      ],
      "Regions": [
        "JP"
      ]
    },
    {
      "Titles": [
        "Der Langrisser FX"
      ],
      "Sha1s2Md5": "34db669be0222b7227451a27c32431d6",
      "Crcs2Md5": "1352b18b5d09aa0aca06d0ee66b6e113",
      "Sets": {
        "4": [
          "Der Langrisser FX (1996)(NEC Home Electronics)(JP)[FXNHE618]"
        ],
        "6": [
          "35039"
        ]
      },
      "Overview": {
        "en": [
          5
        ]
      },
      "Size": 808467779,
      "Publishers": [
        0
      ],
      "ReleaseDate": "1/1/1996",
      "Genres": [
        2,
        4
      ],
      "Regions": [
        "JP"
      ]
    },
    {
      "Titles": [
        "Doukyuusei 2"
      ],
      "Sha1s2Md5": "bbe5515afcd4c7357a93897df967f743",
      "Crcs2Md5": "7041f695cd8c5e14803ab1bc51af6a9d",
      "Sets": {
        "3": [
          "Doukyuusei 2 (Japan)"
        ]
      },
      "Size": 580192154,
      "Regions": [
        "JP"
      ]
    },
    {
      "Titles": [
        "Doukyuusei 2"
      ],
      "Sha1s2Md5": "9a2c6836103ac538985461f2fe3bdead",
      "Crcs2Md5": "cc11345da390245d4b77cee0d31ae495",
      "Sets": {
        "4": [
          "Doukyuusei 2 (1996)(NEC Avenue)(JP)[FXNAV601]"
        ]
      },
      "Size": 603874488,
      "Publishers": [
        2
      ],
      "ReleaseDate": "1/1/1996",
      "Regions": [
        "JP"
      ]
    },
    {
      "Titles": [
        "Dragon Knight 4"
      ],
      "Sha1s2Md5": "fbb6638c8486b475cebd0f21e80d297f",
      "Crcs2Md5": "2de6bdde8bff3adc3d80b480407f7a2b",
      "Sets": {
        "3": [
          "Dragon Knight 4 (Japan)"
        ],
        "6": [
          "31746"
        ]
      },
      "Overview": {
        "en": [
          2
        ]
      },
      "Size": 512823451,
      "Publishers": [
        10
      ],
      "Developers": [
        11
      ],
      "ReleaseDate": "3/28/1997",
      "Genres": [
        2
      ],
      "Regions": [
        "JP"
      ]
    },
    {
      "Titles": [
        "Dragon Knight 4"
      ],
      "Sha1s2Md5": "696b18c4c0c817e89872ce752208ccd2",
      "Crcs2Md5": "0c0ba00cbdedfe8858dd489f4eb51d3f",
      "Sets": {
        "4": [
          "Dragon Knight 4 (1997)(NEC Avenue)(JP)[FXNAV603]"
        ],
        "6": [
          "31746"
        ]
      },
      "Overview": {
        "en": [
          2
        ]
      },
      "Size": 533755801,
      "Publishers": [
        2,
        10
      ],
      "Developers": [
        11
      ],
      "ReleaseDate": "1/1/1997",
      "Genres": [
        2
      ],
      "Regions": [
        "JP"
      ]
    },
    {
      "Titles": [
        "Farland Story FX"
      ],
      "Sha1s2Md5": "9281521e7cc9a8af8c215b898051d745",
      "Crcs2Md5": "da78fcf85478041eabb53d9d078ebf9d",
      "Sets": {
        "3": [
          "Farland Story FX (Japan)"
        ],
        "6": [
          "35040"
        ]
      },
      "Overview": {
        "en": [
          6
        ]
      },
      "Size": 570202965,
      "Genres": [
        2
      ],
      "Regions": [
        "JP"
      ]
    },
    {
      "Titles": [
        "Farland Story FX"
      ],
      "Sha1s2Md5": "18de370269db214d4db2dd3bd2833a58",
      "Crcs2Md5": "c8c0539b78803b9fef51200fdac41cfa",
      "Sets": {
        "4": [
          "Farland Story FX (1996)(NEC Home Elctronics)(JP)[FXNHE628]"
        ],
        "6": [
          "35040"
        ]
      },
      "Overview": {
        "en": [
          6
        ]
      },
      "Size": 593477388,
      "Publishers": [
        3
      ],
      "ReleaseDate": "1/1/1996",
      "Genres": [
        2
      ],
      "Regions": [
        "JP"
      ]
    },
    {
      "Titles": [
        "Fire Woman Matoi-gumi"
      ],
      "Sha1s2Md5": "6018a994988140ad091d7a634a4b27a5",
      "Crcs2Md5": "485e7d1222bc318cdc15b3acc9497100",
      "Sets": {
        "4": [
          "Fire Woman Matoi-gumi (1996)(NEC Home Electronics)(JP)[FXNHE634]"
        ]
      },
      "Size": 631007181,
      "Publishers": [
        0
      ],
      "ReleaseDate": "1/1/1996",
      "Regions": [
        "JP"
      ]
    },
    {
      "Titles": [
        "Fire Woman Matoigumi"
      ],
      "Sha1s2Md5": "c3b21d33167bacf9f62126645991a17d",
      "Crcs2Md5": "dd306fa0a812fdee7561645164543723",
      "Sets": {
        "3": [
          "Fire Woman Matoigumi (Japan)"
        ]
      },
      "Size": 606261338,
      "Regions": [
        "JP"
      ]
    },
    {
      "Titles": [
        "First Kiss Monogatari"
      ],
      "Sha1s2Md5": "54735df2f53dcb7f7fb5aeed9ba47b70",
      "Crcs2Md5": "fca4bd2b5c718731b6b89422247ca1a9",
      "Sets": {
        "4": [
          "First Kiss Monogatari (1998)(HuneX)(JP)[FXHNX801]"
        ]
      },
      "Size": 795696718,
      "Publishers": [
        4
      ],
      "ReleaseDate": "1/1/1998",
      "Regions": [
        "JP"
      ]
    },
    {
      "Titles": [
        "First Kiss Story"
      ],
      "Sha1s2Md5": "26edfd36ef3daaf727946fcf13b0ff1e",
      "Crcs2Md5": "c7186160cf7869de78d7e25f0171a20c",
      "Sets": {
        "3": [
          "First Kiss Story (Japan)"
        ]
      },
      "Size": 764492320,
      "Regions": [
        "JP"
      ]
    },
    {
      "Titles": [
        "Fushigi no Kuni no Angelique"
      ],
      "Sha1s2Md5": "7ac0ac28293a608949a471c8a4808cb8",
      "Crcs2Md5": "48415cd5fd8d4231f83077895f7dafa8",
      "Sets": {
        "3": [
          "Fushigi no Kuni no Angelique (Japan)"
        ]
      },
      "Size": 335156078,
      "Regions": [
        "JP"
      ]
    },
    {
      "Titles": [
        "Fushigi no Kuni no Angelique"
      ],
      "Sha1s2Md5": "16878dc5b6a3098afc8407176a6d5a38",
      "Crcs2Md5": "482d3e78ad9d5a42bf18cb31d4df96e1",
      "Sets": {
        "4": [
          "Fushigi no Kuni no Angelique (1996)(NEC Home Electronics)(JP)[FXNHE632]"
        ]
      },
      "Size": 348836656,
      "Publishers": [
        0
      ],
      "ReleaseDate": "1/1/1996",
      "Regions": [
        "JP"
      ]
    },
    {
      "Titles": [
        "Ginga Ojousama Densetsu Yuna FX - Kanashimi no Selene"
      ],
      "Sha1s2Md5": "783abcf7988b0a513a54dc21425a6967",
      "Crcs2Md5": "5eed8b846a96dcef07b34750a7804b0d",
      "Sets": {
        "3": [
          "Ginga Ojousama Densetsu Yuna FX - Kanashimi no Selene (Japan) (Sample)"
        ]
      },
      "Size": 143712360,
      "Tags": [
        0
      ],
      "Regions": [
        "JP"
      ]
    },
    {
      "Titles": [
        "Ginga Ojousama Densetsu Yuna FX - Kanashimi no Selene"
      ],
      "Sha1s2Md5": "e935f44bafcc63b3ef70502439843344",
      "Crcs2Md5": "2736c366369d9929e93aba793d914c59",
      "Sets": {
        "3": [
          "Ginga Ojousama Densetsu Yuna FX - Kanashimi no Selene (Japan)"
        ]
      },
      "Size": 709615179,
      "Regions": [
        "JP"
      ]
    },
    {
      "Titles": [
        "Ginga Ojousama Densetsu Yuna FX - Kanashimi no Siren"
      ],
      "Sha1s2Md5": "b4ac3af5f3f8e9536b8d00117e27851c",
      "Crcs2Md5": "fe76bd02c6931d95401738aaee61cf78",
      "Sets": {
        "4": [
          "Ginga Ojousama Densetsu Yuna FX - Kanashimi no Siren (1995)(Hudson)(JP)(pre-release)[FXHUD506A]"
        ]
      },
      "Size": 149578761,
      "Publishers": [
        1
      ],
      "Tags": [
        1
      ],
      "ReleaseDate": "1/1/1995",
      "Regions": [
        "JP"
      ]
    },
    {
      "Titles": [
        "Ginga Ojousama Densetsu Yuna FX - Kanashimi no Siren"
      ],
      "Sha1s2Md5": "505641c90f0ba78428e7994af4f52dbe",
      "Crcs2Md5": "05aa7e0e7c8a2648e7c8b90fa355f9de",
      "Sets": {
        "4": [
          "Ginga Ojousama Densetsu Yuna FX - Kanashimi no Siren (1996)(Hudson)(JP)[FXHUD506]"
        ]
      },
      "Size": 738579667,
      "Publishers": [
        1
      ],
      "ReleaseDate": "1/1/1996",
      "Regions": [
        "JP"
      ]
    },
    {
      "Titles": [
        "Hataraku Shoujo - Tekipaki Working Love FX"
      ],
      "Sha1s2Md5": "b1468348cf7268a01975dfe3a32ff42e",
      "Crcs2Md5": "11b6bf6f892f8950496d0f2c34e78619",
      "Sets": {
        "3": [
          "Hataraku Shoujo - Tekipaki Working Love FX (Japan)"
        ]
      },
      "Size": 498316572,
      "Regions": [
        "JP"
      ]
    },
    {
      "Titles": [
        "J. B. Harold - Blue Chicago Blues"
      ],
      "Sha1s2Md5": "fe4a622e6e1b5fe818543daa9a01b829",
      "Crcs2Md5": "e48d0d646cae5fb6ee7b8005c8b662b0",
      "Sets": {
        "3": [
          "J. B. Harold - Blue Chicago Blues (Japan) (Disc 1)"
        ]
      },
      "PartName": "Disc",
      "Size": 569772437,
      "PartNum": 1,
      "Regions": [
        "JP"
      ]
    },
    {
      "Titles": [
        "J. B. Harold - Blue Chicago Blues"
      ],
      "Sha1s2Md5": "06fd537026eb3aeff0225cba935a4176",
      "Crcs2Md5": "72c88db57346bcd1c97bfc3b6ce91f49",
      "Sets": {
        "3": [
          "J. B. Harold - Blue Chicago Blues (Japan) (Disc 2)"
        ]
      },
      "PartName": "Disc",
      "Size": 758466462,
      "PartNum": 2,
      "Regions": [
        "JP"
      ]
    },
    {
      "Titles": [
        "J.B. Harold - Blue Chicago Blues"
      ],
      "Sha1s2Md5": "18adf126b26284f07e41abc4916bb6cc",
      "Crcs2Md5": "a4a8278782f21302f7c949c88c249ca5",
      "Sets": {
        "4": [
          "J.B. Harold - Blue Chicago Blues (1996)(NEC Home Electronics)(JP)(Disc 1 of 2)[FXNHE512]"
        ]
      },
      "PartName": "Disc",
      "Size": 593029089,
      "PartNum": 1,
      "TotalParts": 2,
      "Publishers": [
        0
      ],
      "ReleaseDate": "1/1/1996",
      "Regions": [
        "JP"
      ]
    },
    {
      "Titles": [
        "J.B. Harold - Blue Chicago Blues"
      ],
      "Sha1s2Md5": "2c300ac484bc49b6347e4c594c9c3fc9",
      "Crcs2Md5": "daeef627bb071e4d5c0cbaf25392ee70",
      "Sets": {
        "4": [
          "J.B. Harold - Blue Chicago Blues (1996)(NEC Home Electronics)(JP)(Disc 2 of 2)[FXNHE512]"
        ]
      },
      "PartName": "Disc",
      "Size": 789424944,
      "PartNum": 2,
      "TotalParts": 2,
      "Publishers": [
        0
      ],
      "ReleaseDate": "1/1/1996",
      "Regions": [
        "JP"
      ]
    },
    {
      "Titles": [
        "Kokuu Hyouryuu Nirgends",
        "Kokuu Hyouryuu - Nirgends"
      ],
      "Sha1s2Md5": "383658ce70a83b97cadb236c468e25e1",
      "Crcs2Md5": "0df5e600d812b1a672abc17165a299d3",
      "Sets": {
        "3": [
          "Kokuu Hyouryuu - Nirgends (Japan)"
        ],
        "6": [
          "35216"
        ]
      },
      "Size": 776541283,
      "Genres": [
        5,
        6
      ],
      "Regions": [
        "JP"
      ]
    },
    {
      "Titles": [
        "Kokuu Hyouryuu Nirgends"
      ],
      "Sha1s2Md5": "d045b334fad517265453f7c72c51db23",
      "Crcs2Md5": "146c32afee2dbae5c3b6a4f41a45f057",
      "Sets": {
        "4": [
          "Kokuu Hyouryuu Nirgends (1996)(NEC Home Electronics)(JP)[FXNHE625]"
        ],
        "6": [
          "35216"
        ]
      },
      "Size": 808237507,
      "Publishers": [
        0
      ],
      "ReleaseDate": "1/1/1996",
      "Genres": [
        5,
        6
      ],
      "Regions": [
        "JP"
      ]
    },
    {
      "Titles": [
        "Konpeki no Kantai"
      ],
      "Sha1s2Md5": "71c080599855fea8f4f8509f193751d8",
      "Crcs2Md5": "92a5a1587530f1a757c3bfac117ce856",
      "Sets": {
        "3": [
          "Konpeki no Kantai (Japan)"
        ]
      },
      "Size": 541161061,
      "Regions": [
        "JP"
      ]
    },
    {
      "Titles": [
        "Konpeki no Kantai"
      ],
      "Sha1s2Md5": "a4ed40e7545a48e8115623059eff3483",
      "Crcs2Md5": "4fa483da6e765eac396ee8a099489e0e",
      "Sets": {
        "4": [
          "Konpeki no Kantai (1995)(NEC Home Electronics)(JP)[FXNHE504]"
        ]
      },
      "Size": 563250435,
      "Publishers": [
        0
      ],
      "ReleaseDate": "1/1/1995",
      "Regions": [
        "JP"
      ]
    },
    {
      "Titles": [
        "Langrisser FX, Der"
      ],
      "Sha1s2Md5": "99ca0fa3165857665ad28c09cec2ecc3",
      "Crcs2Md5": "46326d75ccd17d3a12a70891b457d98b",
      "Sets": {
        "3": [
          "Langrisser FX, Der (Japan)"
        ]
      },
      "Size": 776762477,
      "Regions": [
        "JP"
      ]
    },
    {
      "Titles": [
        "Last Imperial Prince"
      ],
      "Sha1s2Md5": "3b258e03aef1cf661a03800dd85798d1",
      "Crcs2Md5": "4244253731273c00e39b2036d8ebbe4b",
      "Sets": {
        "3": [
          "Last Imperial Prince (Japan) (Disc A)"
        ],
        "6": [
          "31750"
        ]
      },
      "Overview": {
        "en": [
          3
        ]
      },
      "PartName": "Disc",
      "Size": 682468451,
      "PartNum": 0,
      "Publishers": [
        10
      ],
      "Developers": [
        12
      ],
      "ReleaseDate": "3/14/1997",
      "Genres": [
        2
      ],
      "Regions": [
        "JP"
      ]
    },
    {
      "Titles": [
        "Last Imperial Prince"
      ],
      "Sha1s2Md5": "cc00d8afa59469bded921940d34d2fb2",
      "Crcs2Md5": "9a82e21a965a5f6c0873a30da8a3b0fb",
      "Sets": {
        "3": [
          "Last Imperial Prince (Japan) (Disc B)"
        ],
        "6": [
          "31750"
        ]
      },
      "Overview": {
        "en": [
          3
        ]
      },
      "PartName": "Disc",
      "Size": 749918884,
      "PartNum": 1,
      "Publishers": [
        10
      ],
      "Developers": [
        12
      ],
      "ReleaseDate": "3/14/1997",
      "Genres": [
        2
      ],
      "Regions": [
        "JP"
      ]
    },
    {
      "Titles": [
        "Last Imperial Prince"
      ],
      "Sha1s2Md5": "0ff0af8013fec82ac5c82b905879d230",
      "Crcs2Md5": "7426060c101cd453b4b03fd576089aa8",
      "Sets": {
        "4": [
          "Last Imperial Prince (1997)(NEC Home Electronics)(JP)(Disc 1 of 2)[FXNHE635]"
        ],
        "6": [
          "31750"
        ]
      },
      "Overview": {
        "en": [
          3
        ]
      },
      "PartName": "Disc",
      "Size": 710325879,
      "PartNum": 1,
      "TotalParts": 2,
      "Publishers": [
        0,
        10
      ],
      "Developers": [
        12
      ],
      "ReleaseDate": "1/1/1997",
      "Genres": [
        2
      ],
      "Regions": [
        "JP"
      ]
    },
    {
      "Titles": [
        "Last Imperial Prince"
      ],
      "Sha1s2Md5": "82c3b195957609f21724177420ad50a3",
      "Crcs2Md5": "90d18039fb7eee181d92a25d4fb01b56",
      "Sets": {
        "4": [
          "Last Imperial Prince (1997)(NEC Home Electronics)(JP)(Disc 2 of 2)[FXNHE635]"
        ],
        "6": [
          "31750"
        ]
      },
      "Overview": {
        "en": [
          3
        ]
      },
      "PartName": "Disc",
      "Size": 780529310,
      "PartNum": 2,
      "TotalParts": 2,
      "Publishers": [
        0,
        10
      ],
      "Developers": [
        12
      ],
      "ReleaseDate": "1/1/1997",
      "Genres": [
        2
      ],
      "Regions": [
        "JP"
      ]
    },
    {
      "Titles": [
        "Lunatic Dawn FX"
      ],
      "Sha1s2Md5": "aff6a0bc3f438cb8589b48b607909b59",
      "Crcs2Md5": "73646fe53bb0ee90cb427c830adca0c1",
      "Sets": {
        "3": [
          "Lunatic Dawn FX (Japan)"
        ]
      },
      "Size": 619094107,
      "Regions": [
        "JP"
      ]
    },
    {
      "Titles": [
        "Lunatic Dawn FX"
      ],
      "Sha1s2Md5": "fbb587c120c17dd1cbba180eb3bcf53a",
      "Crcs2Md5": "7c665f70df088e496ff3d68f47025e6c",
      "Sets": {
        "4": [
          "Lunatic Dawn FX (1995)(NEC Home Electronics)(JP)[FXNHE509]"
        ]
      },
      "Size": 644365640,
      "Publishers": [
        0
      ],
      "ReleaseDate": "1/1/1995",
      "Regions": [
        "JP"
      ]
    },
    {
      "Titles": [
        "Mahjong Gokuu Tenjiku"
      ],
      "Sha1s2Md5": "599ab84e71e251e4dc6fb845ee6d6975",
      "Crcs2Md5": "6c03908095a5d92bb86c1532f5b910c0",
      "Sets": {
        "3": [
          "Mahjong Gokuu Tenjiku (Japan) (SABS)"
        ]
      },
      "Size": 622402502,
      "Regions": [
        "JP"
      ]
    },
    {
      "Titles": [
        "Mahjong Gokuu Tenjiku"
      ],
      "Sha1s2Md5": "3d4d3c6f4e57a87f6c241ce8a0c2c154",
      "Crcs2Md5": "b0f86f5e36ba26764c49756380c65ddb",
      "Sets": {
        "4": [
          "Mahjong Gokuu Tenjiku (1995)(NEC Home Electronics)(JP)[FXNHE402]"
        ]
      },
      "Size": 647809101,
      "Publishers": [
        0
      ],
      "ReleaseDate": "1/1/1995",
      "Regions": [
        "JP"
      ]
    },
    {
      "Titles": [
        "Makeruna! Makendou Z"
      ],
      "Sha1s2Md5": "487657442ce8f383e8525591837ae380",
      "Crcs2Md5": "036da5c4d5381e9160cbbf65c2cb671c",
      "Sets": {
        "3": [
          "Makeruna! Makendou Z (Japan)"
        ]
      },
      "Size": 452528389,
      "Regions": [
        "JP"
      ]
    },
    {
      "Titles": [
        "Megami Paradise II"
      ],
      "Sha1s2Md5": "2bcd71672c49ee0a3a7533491db0e0b8",
      "Crcs2Md5": "c382fca5e69df2172691bf46f513dc96",
      "Sets": {
        "3": [
          "Megami Paradise II (Japan)"
        ],
        "6": [
          "53461"
        ]
      },
      "Overview": {
        "en": [
          11
        ]
      },
      "Size": 721676594,
      "Publishers": [
        10
      ],
      "Developers": [
        4
      ],
      "ReleaseDate": "7/26/1996",
      "Genres": [
        4,
        3
      ],
      "Regions": [
        "JP"
      ]
    },
    {
      "Titles": [
        "Megami Paradise II",
        "Megami Tengoku II"
      ],
      "Sha1s2Md5": "b7bad653624787d30abb52942e95957a",
      "Crcs2Md5": "2bfaab7da112b7bbd2b193f8df85f94c",
      "Sets": {
        "4": [
          "Megami Tengoku II (1996)(NEC Home Electronics)(JP)[FXNHE623]"
        ],
        "6": [
          "53461"
        ]
      },
      "Overview": {
        "en": [
          11
        ]
      },
      "Size": 751133327,
      "Publishers": [
        0,
        10
      ],
      "Developers": [
        4
      ],
      "ReleaseDate": "1/1/1996",
      "Genres": [
        4,
        3
      ],
      "Regions": [
        "JP"
      ]
    },
    {
      "Titles": [
        "Minimum Nanonic"
      ],
      "Sha1s2Md5": "a80e39d4a0c8f98a65d2d256ab65846d",
      "Crcs2Md5": "a616e92c655e6968f2658ca290726970",
      "Sets": {
        "3": [
          "Minimum Nanonic (Japan)"
        ]
      },
      "Size": 588012304,
      "Regions": [
        "JP"
      ]
    },
    {
      "Titles": [
        "Minimum Nanonic"
      ],
      "Sha1s2Md5": "5e0a2f39d7256c08f0979c7ab0762406",
      "Crcs2Md5": "bf58f46c75ecebf16627ef36d29d5e7f",
      "Sets": {
        "4": [
          "Minimum Nanonic (1997)(NEC Home Electronics)(JP)[FXNHE631]"
        ]
      },
      "Size": 612013646,
      "Publishers": [
        0
      ],
      "ReleaseDate": "1/1/1997",
      "Regions": [
        "JP"
      ]
    },
    {
      "Titles": [
        "Miraculum: The Last Revelation",
        "Miraculum - The Last Revelation"
      ],
      "Sha1s2Md5": "e23ab053f85c353b2066b85a7a4d0417",
      "Crcs2Md5": "80a764f8ed00d0b83c01971d98aaf0bb",
      "Sets": {
        "3": [
          "Miraculum - The Last Revelation (Japan)"
        ],
        "6": [
          "68036"
        ]
      },
      "Overview": {
        "en": [
          13
        ]
      },
      "Size": 742587823,
      "ReleaseDate": "3/29/1996",
      "Genres": [
        2
      ],
      "Regions": [
        "JP"
      ]
    },
    {
      "Titles": [
        "Miraculum: The Last Revelation",
        "Miraculum - The Last Revelation"
      ],
      "Sha1s2Md5": "1d96323eb70dc0a412cd5d53a411fb99",
      "Crcs2Md5": "c4db98b8bdf83ae3a328dd7876a2b370",
      "Sets": {
        "4": [
          "Miraculum - The Last Revelation (1996)(NEC Home Electronics)(JP)[FXNHE617]"
        ],
        "6": [
          "68036"
        ]
      },
      "Overview": {
        "en": [
          13
        ]
      },
      "Size": 772898179,
      "Publishers": [
        0
      ],
      "ReleaseDate": "1/1/1996",
      "Genres": [
        2
      ],
      "Regions": [
        "JP"
      ]
    },
    {
      "Titles": [
        "Ojousama Sousamou"
      ],
      "Sha1s2Md5": "19f094e8e3f19940a1288d8f93deaf7a",
      "Crcs2Md5": "50bf5bfff46582e2941b6e81f748b867",
      "Sets": {
        "3": [
          "Ojousama Sousamou (Japan)"
        ],
        "6": [
          "98865"
        ]
      },
      "Overview": {
        "en": [
          16
        ]
      },
      "Size": 575201165,
      "Publishers": [
        10
      ],
      "Developers": [
        17
      ],
      "ReleaseDate": "5/31/1996",
      "Genres": [
        7,
        2,
        9
      ],
      "Regions": [
        "JP"
      ]
    },
    {
      "Titles": [
        "Ojousama Sousamou"
      ],
      "Sha1s2Md5": "ed865259ead04405a06265ee34975ce5",
      "Crcs2Md5": "b9627bbab4b6a374877f50c6c67025f9",
      "Sets": {
        "4": [
          "Ojousama Sousamou (1996)(NEC Home Electronics)(JP)[FXNHE616]"
        ],
        "6": [
          "98865"
        ]
      },
      "Overview": {
        "en": [
          16
        ]
      },
      "Size": 598681063,
      "Publishers": [
        0,
        10
      ],
      "Developers": [
        17
      ],
      "ReleaseDate": "1/1/1996",
      "Genres": [
        7,
        2,
        9
      ],
      "Regions": [
        "JP"
      ]
    },
    {
      "Titles": [
        "Pachio-Kun FX - Maboroshi no Shima Daikessen"
      ],
      "Sha1s2Md5": "98a19c10629fb7ed818a797c70e0a185",
      "Crcs2Md5": "8410d710898ab10e19fbd61769d0a1b3",
      "Sets": {
        "4": [
          "Pachio-Kun FX - Maboroshi no Shima Daikessen (1995)(NEC Home Electronics)(JP)[FXNHE508]"
        ]
      },
      "Size": 621366427,
      "Publishers": [
        0
      ],
      "ReleaseDate": "1/1/1995",
      "Regions": [
        "JP"
      ]
    },
    {
      "Titles": [
        "Pachio-kun FX - Maboroshi no Shima Daisakusen"
      ],
      "Sha1s2Md5": "15278052a1cdbeac78a1ff94f8f2c67d",
      "Crcs2Md5": "691dca23971977ce584c012738459082",
      "Sets": {
        "3": [
          "Pachio-kun FX - Maboroshi no Shima Daisakusen (Japan)"
        ]
      },
      "Size": 596999330,
      "Regions": [
        "JP"
      ]
    },
    {
      "Titles": [
        "PC Engine Fan - Special CD-ROM Vol. 2"
      ],
      "Sha1s2Md5": "2b7fdd9018642ae0a5fb54b51654b300",
      "Crcs2Md5": "5475cb41c952b036a591e4865c1a77d1",
      "Sets": {
        "3": [
          "PC Engine Fan - Special CD-ROM Vol. 2 (Japan)"
        ]
      },
      "Size": 566330930,
      "Regions": [
        "JP"
      ]
    },
    {
      "Titles": [
        "PC Engine Fan - Special CD-ROM Vol. 3"
      ],
      "Sha1s2Md5": "67b7ae4fd0516fdcd695dbf457781d9c",
      "Crcs2Md5": "ea6bd5b36879ebc7cda25aab314e9178",
      "Sets": {
        "3": [
          "PC Engine Fan - Special CD-ROM Vol. 3 (Japan)"
        ]
      },
      "Size": 344813754,
      "Regions": [
        "JP"
      ]
    },
    {
      "Titles": [
        "Pia Carrot e Youkoso!!"
      ],
      "Sha1s2Md5": "1c5ca55b87ee7604f967a53086ef2926",
      "Crcs2Md5": "8881c844cb795db7f08b5c625de88b4e",
      "Sets": {
        "4": [
          "Pia Carrot e Youkoso!! (1997)(NEC Home Electronics)(JP)[FXNKT701][FXNKT702]"
        ],
        "6": [
          "31751"
        ]
      },
      "Overview": {
        "en": [
          4
        ]
      },
      "Size": 769863135,
      "Publishers": [
        0,
        13
      ],
      "Developers": [
        13
      ],
      "ReleaseDate": "1/1/1997",
      "Genres": [
        3
      ],
      "Regions": [
        "JP"
      ]
    },
    {
      "Titles": [
        "Pia Carrot e Youkoso!! We've Been Waiting for You"
      ],
      "Sha1s2Md5": "39c5b444ab39ac54d69940187a8e21f5",
      "Crcs2Md5": "7e15abed75837f73e47c6db2daf918e3",
      "Sets": {
        "3": [
          "Pia Carrot e Youkoso!! We've Been Waiting for You (Japan)"
        ]
      },
      "Size": 739671924,
      "Regions": [
        "JP"
      ]
    },
    {
      "Titles": [
        "Power Dolls FX"
      ],
      "Sha1s2Md5": "79edc3895af03aa3df6458fc2c7d80ac",
      "Crcs2Md5": "6b2d4a3ff002c3ee9a9f3ca2b04b30c7",
      "Sets": {
        "3": [
          "Power Dolls FX (Japan)"
        ]
      },
      "Size": 608545378,
      "Regions": [
        "JP"
      ]
    },
    {
      "Titles": [
        "Power DoLLS FX"
      ],
      "Sha1s2Md5": "1774845f6e3f1a7a47933972e8f9f462",
      "Crcs2Md5": "1cc0d2494d7d6b743e880db261e46240",
      "Sets": {
        "4": [
          "Power DoLLS FX (1996)(NEC Home Electronics)(JP)[FXNHE619]"
        ]
      },
      "Size": 633386169,
      "Publishers": [
        0
      ],
      "ReleaseDate": "1/1/1996",
      "Regions": [
        "JP"
      ]
    },
    {
      "Titles": [
        "Return to Zork"
      ],
      "Sha1s2Md5": "8b292e102514178aac7c004750c64139",
      "Crcs2Md5": "af9012b2fcc480e0ab55fc0e07d5d410",
      "Sets": {
        "3": [
          "Return to Zork (Japan)"
        ]
      },
      "Size": 391055517,
      "Regions": [
        "JP"
      ]
    },
    {
      "Titles": [
        "Return to Zork"
      ],
      "Sha1s2Md5": "33655dbfe0ea895edd9315767175e13e",
      "Crcs2Md5": "da47756bf4db870660f2f5ef4528387e",
      "Sets": {
        "4": [
          "Return to Zork (1995)(NEC Home Electronics)(JP)[FXNHE505]"
        ]
      },
      "Size": 407017651,
      "Publishers": [
        0
      ],
      "ReleaseDate": "1/1/1995",
      "Regions": [
        "JP"
      ]
    },
    {
      "Titles": [
        "Same Game FX"
      ],
      "Sha1s2Md5": "10ab8ffd49171633b7cc1722064b4844",
      "Crcs2Md5": "342d59d5410648d2eeb7558dd504169a",
      "Sets": {
        "3": [
          "Same Game FX (Japan) (NEC PC-FXGA)"
        ]
      },
      "Size": 9076629,
      "Regions": [
        "JP"
      ]
    },
    {
      "Titles": [
        "Shanghai - Banri no Choujou"
      ],
      "Sha1s2Md5": "5a87faaf27bdc27890c7a7ee382eb8ce",
      "Crcs2Md5": "8a75c3c35c1dcac4b1287e2c062d77bd",
      "Sets": {
        "4": [
          "Shanghai - Banri no Choujou (1996)(NEC Home Electronics)(JP)[FXNHE507]"
        ]
      },
      "Size": 318641766,
      "Publishers": [
        0
      ],
      "ReleaseDate": "1/1/1996",
      "Regions": [
        "JP"
      ]
    },
    {
      "Titles": [
        "Sotsugyou 2^ Neo Generation FX"
      ],
      "Sha1s2Md5": "a607f592c330374145e15fa07728d5ff",
      "Crcs2Md5": "1e0e8095d4003efebae95d23e0421f5f",
      "Sets": {
        "4": [
          "Sotsugyou 2^ Neo Generation FX (1994)(NEC Home Electronics)(JP)[FXNHE401]"
        ]
      },
      "Size": 595813075,
      "Publishers": [
        0
      ],
      "ReleaseDate": "1/1/1994",
      "Regions": [
        "JP"
      ]
    },
    {
      "Titles": [
        "Sotsugyou II FX - Neo Generation"
      ],
      "Sha1s2Md5": "794973a6374d2920ddf28e129abb1aac",
      "Crcs2Md5": "ea6c7e75240d2ce2737bf479189268ef",
      "Sets": {
        "3": [
          "Sotsugyou II FX - Neo Generation (Japan) (SABS, SACS)"
        ]
      },
      "Size": 572447143,
      "Regions": [
        "JP"
      ]
    },
    {
      "Titles": [
        "Sotsugyou R - Graduation Real"
      ],
      "Sha1s2Md5": "109efd1b0e981b6899cd3c457e8ade7a",
      "Crcs2Md5": "fdde869b8d7be4a3c16ed3e59dc9c556",
      "Sets": {
        "3": [
          "Sotsugyou R - Graduation Real (Japan)"
        ]
      },
      "Size": 503109621,
      "Regions": [
        "JP"
      ]
    },
    {
      "Titles": [
        "Sotsugyou R - Graduation Real"
      ],
      "Sha1s2Md5": "a3e65b7882e8d8c67b68656997d19054",
      "Crcs2Md5": "e340f8fbfdd42dc812c64f399de70014",
      "Sets": {
        "4": [
          "Sotsugyou R - Graduation Real (1998)(NEC Avenue)(JP)[FXNAV602]"
        ]
      },
      "Size": 523645399,
      "Publishers": [
        2
      ],
      "ReleaseDate": "1/1/1998",
      "Regions": [
        "JP"
      ]
    },
    {
      "Titles": [
        "Sparkling Feather"
      ],
      "Sha1s2Md5": "243c2bfa3a48dd87885485c4e55fd3c1",
      "Crcs2Md5": "7bd1197208c7002881f93ebb051379b7",
      "Sets": {
        "3": [
          "Sparkling Feather (Japan)"
        ],
        "6": [
          "38519"
        ]
      },
      "Overview": {
        "en": [
          9
        ]
      },
      "Size": 514784910,
      "Publishers": [
        10
      ],
      "Developers": [
        4
      ],
      "ReleaseDate": "4/25/1997",
      "Genres": [
        7
      ],
      "Regions": [
        "JP"
      ]
    },
    {
      "Titles": [
        "Sparkling Feather"
      ],
      "Sha1s2Md5": "110ee905f4ea77fa384c600294ddd5b1",
      "Crcs2Md5": "807a35e4baa3923af3562ea191cef394",
      "Sets": {
        "4": [
          "Sparkling Feather (1997)(NEC Home Electronics)(JP)[FXNHE739]"
        ],
        "6": [
          "38519"
        ]
      },
      "Overview": {
        "en": [
          9
        ]
      },
      "Size": 535798478,
      "Publishers": [
        0,
        10
      ],
      "Developers": [
        4
      ],
      "ReleaseDate": "1/1/1997",
      "Genres": [
        7
      ],
      "Regions": [
        "JP"
      ]
    },
    {
      "Titles": [
        "Super PC Engine Fan Deluxe - Special CD-ROM Vol. 1"
      ],
      "Sha1s2Md5": "c611b8dab5902526165cb80b20c8068f",
      "Crcs2Md5": "6bed1b47370d28354b829238309bbe2c",
      "Sets": {
        "3": [
          "Super PC Engine Fan Deluxe - Special CD-ROM Vol. 1 (Japan)"
        ]
      },
      "Size": 719194206,
      "Regions": [
        "JP"
      ]
    },
    {
      "Titles": [
        "Super PC Engine Fan Deluxe - Special CD-ROM Vol. 2"
      ],
      "Sha1s2Md5": "7a3bd38ae19658184a21011a88a6de8b",
      "Crcs2Md5": "890692a6cb66dcbf604d594da25b9ef1",
      "Sets": {
        "3": [
          "Super PC Engine Fan Deluxe - Special CD-ROM Vol. 2 (Japan)"
        ]
      },
      "Size": 731743708,
      "Regions": [
        "JP"
      ]
    },
    {
      "Titles": [
        "Super Power League FX"
      ],
      "Sha1s2Md5": "66e0bfa1dd615d84e5945ffcbce35642",
      "Crcs2Md5": "c2a21014a69cfa3ea536c8b6ab2697c1",
      "Sets": {
        "3": [
          "Super Power League FX (Japan)"
        ],
        "6": [
          "53462"
        ]
      },
      "Overview": {
        "en": [
          12
        ]
      },
      "Size": 391683848,
      "Publishers": [
        8
      ],
      "Developers": [
        8
      ],
      "ReleaseDate": "4/26/1996",
      "Genres": [
        8
      ],
      "Regions": [
        "JP"
      ]
    },
    {
      "Titles": [
        "Super Power League FX"
      ],
      "Sha1s2Md5": "9acd432e46c97df6432e6932af9d1109",
      "Crcs2Md5": "cdefc202eca66c2265fb46b3ca823241",
      "Sets": {
        "4": [
          "Super Power League FX (1996)(Hudson)(JP)[FXHUD504]"
        ],
        "6": [
          "53462"
        ]
      },
      "Overview": {
        "en": [
          12
        ]
      },
      "Size": 407671714,
      "Publishers": [
        1,
        8
      ],
      "Developers": [
        8
      ],
      "ReleaseDate": "1/1/1996",
      "Genres": [
        8
      ],
      "Regions": [
        "JP"
      ]
    },
    {
      "Titles": [
        "Super Real Mahjong P V FX"
      ],
      "Sha1s2Md5": "07400bff884f13ca411d0415e7bf7a3c",
      "Crcs2Md5": "a4b0d4a85d90e378e192fcffd2d6f16f",
      "Sets": {
        "4": [
          "Super Real Mahjong P V FX (1996)(Naxat)(JP)[FXNAX601]"
        ]
      },
      "Version": "V FX",
      "Size": 449326179,
      "Publishers": [
        5
      ],
      "ReleaseDate": "1/1/1996",
      "Regions": [
        "JP"
      ]
    },
    {
      "Titles": [
        "Team Innocent - The Point of No Return - G.C.P.O.SS"
      ],
      "Sha1s2Md5": "edf692662467b7b9a0d56d67f916900d",
      "Crcs2Md5": "f98807d69f07481f728935ee343e3026",
      "Sets": {
        "3": [
          "Team Innocent - The Point of No Return - G.C.P.O.SS (Japan) (SABS)"
        ]
      },
      "Size": 763684623,
      "Regions": [
        "JP"
      ]
    },
    {
      "Titles": [
        "Team Innocent: The Point of No Return",
        "Team Innocent - The Point of No Return"
      ],
      "Sha1s2Md5": "92d9240a76a13c6947cdca4c164c4b91",
      "Crcs2Md5": "1f7de6e2cf67fe98c68ce45a61d02eb5",
      "Sets": {
        "4": [
          "Team Innocent - The Point of No Return (1994)(Hudson)(JP)[FXHUD402]"
        ],
        "6": [
          "53460"
        ]
      },
      "Overview": {
        "en": [
          10
        ]
      },
      "Size": 794856171,
      "Publishers": [
        1,
        8
      ],
      "Developers": [
        8
      ],
      "ReleaseDate": "1/1/1994",
      "Genres": [
        5,
        7
      ],
      "Regions": [
        "JP"
      ]
    },
    {
      "Titles": [
        "Tekipaki Working Love FX"
      ],
      "Sha1s2Md5": "c1e7428035b7530dba593c9a81d443ca",
      "Crcs2Md5": "d789f69f5dd5d310144261c8a89d0cde",
      "Sets": {
        "4": [
          "Tekipaki Working Love FX (1998)(NEC Home Electronics)(JP)[FXNHE847]"
        ]
      },
      "Size": 518656714,
      "Publishers": [
        0
      ],
      "ReleaseDate": "1/1/1998",
      "Regions": [
        "JP"
      ]
    },
    {
      "Titles": [
        "Tenchi Muyou! Ryououki FX"
      ],
      "Sha1s2Md5": "4f42124849bf3e1857417b25ed965844",
      "Crcs2Md5": "741f2a3f75c82dc6f0f8f764b31e1497",
      "Sets": {
        "3": [
          "Tenchi Muyou! Ryououki FX (Japan) (Disc A) (Hakua Kaikou)"
        ]
      },
      "PartName": "Disc",
      "Size": 710106716,
      "PartNum": 0,
      "Regions": [
        "JP"
      ]
    },
    {
      "Titles": [
        "Tenchi Muyou! Ryououki FX"
      ],
      "Sha1s2Md5": "8676844c35f2993d23c821b729cebb60",
      "Crcs2Md5": "408a93ffb7354dc8a671a35f3a43c050",
      "Sets": {
        "3": [
          "Tenchi Muyou! Ryououki FX (Japan) (Disc B) (Kiyone Houguu)"
        ]
      },
      "PartName": "Disc",
      "Size": 174177646,
      "PartNum": 1,
      "Regions": [
        "JP"
      ]
    },
    {
      "Titles": [
        "Tenchi Muyou! Ryououki FX"
      ],
      "Sha1s2Md5": "f209279c30d5074a32fc10d3331bc02e",
      "Crcs2Md5": "43c5d93581a4199ee677cfc1a86f86a8",
      "Sets": {
        "4": [
          "Tenchi Muyou! Ryououki FX (1996)(NEC Interchannel)(JP)(Disc 1 of 2)[FXNIC601]"
        ]
      },
      "PartName": "Disc",
      "Size": 739091276,
      "PartNum": 1,
      "TotalParts": 2,
      "Publishers": [
        6
      ],
      "ReleaseDate": "1/1/1996",
      "Regions": [
        "JP"
      ]
    },
    {
      "Titles": [
        "Tenchi Muyou! Ryououki FX"
      ],
      "Sha1s2Md5": "fe49edac0ca045bbf5cd0e1c7c9f5653",
      "Crcs2Md5": "50eb219028a5c6a92f55a2c211f2c68c",
      "Sets": {
        "4": [
          "Tenchi Muyou! Ryououki FX (1996)(NEC Interchannel)(JP)(Disc 2 of 2)[FXNIC601]"
        ]
      },
      "PartName": "Disc",
      "Size": 181287547,
      "PartNum": 2,
      "TotalParts": 2,
      "Publishers": [
        6
      ],
      "ReleaseDate": "1/1/1996",
      "Regions": [
        "JP"
      ]
    },
    {
      "Titles": [
        "Tengai Makyō: Dennō Karakuri Kakutōden",
        "Tengai Makyou - Dennou Karakuri Kakutouden"
      ],
      "Sha1s2Md5": "eeefe42ac6a5f73d56bb2c1454b5aed2",
      "Crcs2Md5": "98b397dba6b224cbd715a60a798b7763",
      "Sets": {
        "3": [
          "Tengai Makyou - Dennou Karakuri Kakutouden (Japan)"
        ],
        "6": [
          "35215"
        ]
      },
      "Overview": {
        "en": [
          7
        ]
      },
      "Size": 657769068,
      "Publishers": [
        8
      ],
      "Developers": [
        14
      ],
      "Tags": [
        2
      ],
      "ReleaseDate": "7/28/1995",
      "Genres": [
        5
      ],
      "Regions": [
        "JP"
      ]
    },
    {
      "Titles": [
        "Tokimeki Card Paradise - Koi no Royal Straight Flush"
      ],
      "Sha1s2Md5": "c7d9b052e7f88a87cf1dd197326bdb08",
      "Crcs2Md5": "42d26760013aab174a8d80a655a8ba62",
      "Sets": {
        "4": [
          "Tokimeki Card Paradise - Koi no Royal Straight Flush (1996)(Sonnet)(JP)[FXSNT501]"
        ]
      },
      "Size": 455961651,
      "Publishers": [
        7
      ],
      "ReleaseDate": "1/1/1996",
      "Regions": [
        "JP"
      ]
    },
    {
      "Titles": [
        "Tonari no Princess Rolfee!"
      ],
      "Sha1s2Md5": "5fc275e5750f20d9a5bd85b4f55740c1",
      "Crcs2Md5": "49507cc6668639dfbac0f891bfdf6261",
      "Sets": {
        "3": [
          "Tonari no Princess Rolfee! (Japan)"
        ]
      },
      "Size": 776458965,
      "Regions": [
        "JP"
      ]
    },
    {
      "Titles": [
        "Tonari no Princess Rolfee!"
      ],
      "Sha1s2Md5": "03ca84307aca7de9bdfb66b82b295158",
      "Crcs2Md5": "58fd90aa39daf55b1ee0564b978ddccb",
      "Sets": {
        "4": [
          "Tonari no Princess Rolfee! (1997)(NEC Home Electronics)(JP)[FXNHE741]"
        ]
      },
      "Size": 808151827,
      "Publishers": [
        0
      ],
      "ReleaseDate": "1/1/1997",
      "Regions": [
        "JP"
      ]
    },
    {
      "Titles": [
        "Voice Paradise"
      ],
      "Sha1s2Md5": "76ec6cf302ceee974cf6d666a2e16676",
      "Crcs2Md5": "9e8e6a5c5ed9add8bc7275b95ff9f998",
      "Sets": {
        "3": [
          "Voice Paradise (Japan) (Disc A)"
        ],
        "6": [
          "68131"
        ]
      },
      "Overview": {
        "en": [
          14
        ]
      },
      "PartName": "Disc",
      "Size": 707695218,
      "PartNum": 0,
      "ReleaseDate": "5/17/1996",
      "Genres": [
        7
      ],
      "Regions": [
        "JP"
      ]
    },
    {
      "Titles": [
        "Voice Paradise"
      ],
      "Sha1s2Md5": "1bdac635507c59dc8db329c55ce4995b",
      "Crcs2Md5": "4e8642504200cef765f14804c87fc99d",
      "Sets": {
        "3": [
          "Voice Paradise (Japan) (Disc B)"
        ],
        "6": [
          "68131"
        ]
      },
      "Overview": {
        "en": [
          14
        ]
      },
      "PartName": "Disc",
      "Size": 716809218,
      "PartNum": 1,
      "ReleaseDate": "5/17/1996",
      "Genres": [
        7
      ],
      "Regions": [
        "JP"
      ]
    },
    {
      "Titles": [
        "Voice Paradise"
      ],
      "Sha1s2Md5": "2382890415d19f91f26bfe1ab8bda7ad",
      "Crcs2Md5": "4c86aef19d0777aa3be7d15b9b4f1bf2",
      "Sets": {
        "4": [
          "Voice Paradise (1996)(NEC Home Electronics)(JP)(Disc 1 of 2)[FXNHE515]"
        ],
        "6": [
          "68131"
        ]
      },
      "Overview": {
        "en": [
          14
        ]
      },
      "PartName": "Disc",
      "Size": 736582186,
      "PartNum": 1,
      "TotalParts": 2,
      "Publishers": [
        0
      ],
      "ReleaseDate": "1/1/1996",
      "Genres": [
        7
      ],
      "Regions": [
        "JP"
      ]
    },
    {
      "Titles": [
        "Voice Paradise"
      ],
      "Sha1s2Md5": "fb43b5fa92ce1e15547e6e62fc38fcfb",
      "Crcs2Md5": "43546db411dcb6d22989019c2e685182",
      "Sets": {
        "4": [
          "Voice Paradise (1996)(NEC Home Electronics)(JP)(Disc 2 of 2)[FXNHE515]"
        ],
        "6": [
          "68131"
        ]
      },
      "Overview": {
        "en": [
          14
        ]
      },
      "PartName": "Disc",
      "Size": 746068181,
      "PartNum": 2,
      "TotalParts": 2,
      "Publishers": [
        0
      ],
      "ReleaseDate": "1/1/1996",
      "Genres": [
        7
      ],
      "Regions": [
        "JP"
      ]
    },
    {
      "Titles": [
        "Wakusei Kougekitai Little Cats"
      ],
      "Sha1s2Md5": "65a56dee0e6a324057e4d4f204e1b8b6",
      "Crcs2Md5": "35cbd3f69137015e95776631d7d8dcf8",
      "Sets": {
        "4": [
          "Wakusei Kougekitai Little Cats (1997)(NEC Home Electronics)(JP)[FXNHE637]"
        ]
      },
      "Size": 692894860,
      "Publishers": [
        0
      ],
      "ReleaseDate": "1/1/1997",
      "Regions": [
        "JP"
      ]
    },
    {
      "Titles": [
        "Wakusei Koukitai - Little Cats"
      ],
      "Sha1s2Md5": "c6db96034acb56b90d4605c7d45679ab",
      "Crcs2Md5": "318a752167d31f8360f4d49fac273cde",
      "Sets": {
        "3": [
          "Wakusei Koukitai - Little Cats (Japan)"
        ]
      },
      "Size": 665721332,
      "Regions": [
        "JP"
      ]
    },
    {
      "Titles": [
        "Zen Nihon Joshi Pro Wres - Queen of Queens"
      ],
      "Sha1s2Md5": "6bce9bd7cb75ac6dd0db4367f156a7b2",
      "Crcs2Md5": "523bf37fef7f0ef4e9bc583189d714dc",
      "Sets": {
        "3": [
          "Zen Nihon Joshi Pro Wres - Queen of Queens (Japan) (Disc A) (Zenjo vs Zenjo)"
        ]
      },
      "PartName": "Disc",
      "Size": 597796747,
      "PartNum": 0,
      "Regions": [
        "JP"
      ]
    },
    {
      "Titles": [
        "Zen Nihon Joshi Pro Wres - Queen of Queens"
      ],
      "Sha1s2Md5": "1445949b0ceb8d7453d7447a4432d578",
      "Crcs2Md5": "e55eaa97c5479515915a0a892c9f644a",
      "Sets": {
        "3": [
          "Zen Nihon Joshi Pro Wres - Queen of Queens (Japan) (Disc B) (Zenjo vs KWP)"
        ]
      },
      "PartName": "Disc",
      "Size": 767877172,
      "PartNum": 1,
      "Regions": [
        "JP"
      ]
    },
    {
      "Titles": [
        "Zen-Nippon Joshi Pro Wrestling - Queen of Queens"
      ],
      "Sha1s2Md5": "aaf125adf8551eb589ddc66dd303515c",
      "Crcs2Md5": "2c2a76489c3068d45a7c70f7e5b3472a",
      "Sets": {
        "4": [
          "Zen-Nippon Joshi Pro Wrestling - Queen of Queens (1995)(NEC Home Electronics)(JP)(Disc 1 of 2)[FXNHE503]"
        ]
      },
      "PartName": "Disc",
      "Size": 622196852,
      "PartNum": 1,
      "TotalParts": 2,
      "Publishers": [
        0
      ],
      "ReleaseDate": "1/1/1995",
      "Regions": [
        "JP"
      ]
    },
    {
      "Titles": [
        "Zen-Nippon Joshi Pro Wrestling - Queen of Queens"
      ],
      "Sha1s2Md5": "5f96341960f05b461fbe85af75d1fec1",
      "Crcs2Md5": "c1eb9e94388ba222ae7738003a3cbb19",
      "Sets": {
        "4": [
          "Zen-Nippon Joshi Pro Wrestling - Queen of Queens (1995)(NEC Home Electronics)(JP)(Disc 2 of 2)[FXNHE503]"
        ]
      },
      "PartName": "Disc",
      "Size": 799219075,
      "PartNum": 2,
      "TotalParts": 2,
      "Publishers": [
        0
      ],
      "ReleaseDate": "1/1/1995",
      "Regions": [
        "JP"
      ]
    },
    {
      "Titles": [
        "Zoku Hatsukoi Monogatari - Shuugaku Ryokou"
      ],
      "Sha1s2Md5": "4188c4dba8df0611d4352fa832f61341",
      "Crcs2Md5": "1f3d9c6334e72f417cdb65f8c2388668",
      "Sets": {
        "3": [
          "Zoku Hatsukoi Monogatari - Shuugaku Ryokou (Japan) (Disc I)"
        ]
      },
      "PartName": "Disc",
      "Size": 781113623,
      "PartNum": 1,
      "Regions": [
        "JP"
      ]
    },
    {
      "Titles": [
        "Zoku Hatsukoi Monogatari - Shuugaku Ryokou"
      ],
      "Sha1s2Md5": "f459a0b43248c9347d1d77e4a5c3ee6e",
      "Crcs2Md5": "f4b946246dee0aca842b1c1cdc5ee4de",
      "Sets": {
        "3": [
          "Zoku Hatsukoi Monogatari - Shuugaku Ryokou (Japan) (Disc II)"
        ]
      },
      "PartName": "Disc",
      "Size": 783275113,
      "PartNum": 2,
      "Regions": [
        "JP"
      ]
    },
    {
      "Titles": [
        "Zoku Hatsukoi Monogatari - Shuugaku Ryokou"
      ],
      "Sha1s2Md5": "bbc9d01e6845c8322200ea2915d16d26",
      "Crcs2Md5": "5a6127d57df23f56daeff385f1a4bac2",
      "Sets": {
        "4": [
          "Zoku Hatsukoi Monogatari - Shuugaku Ryokou (1997)(NEC Home Electronics)(JP)(Disc 1 of 2)[FXNHE629]"
        ]
      },
      "PartName": "Disc",
      "Size": 812996418,
      "PartNum": 1,
      "TotalParts": 2,
      "Publishers": [
        0
      ],
      "ReleaseDate": "1/1/1997",
      "Regions": [
        "JP"
      ]
    },
    {
      "Titles": [
        "Zoku Hatsukoi Monogatari - Shuugaku Ryokou"
      ],
      "Sha1s2Md5": "81d8a4400562d6aa9a9899c9fe465587",
      "Crcs2Md5": "d2ecac6c0b1cd550ceb828e00e69848b",
      "Sets": {
        "4": [
          "Zoku Hatsukoi Monogatari - Shuugaku Ryokou (1997)(NEC Home Electronics)(JP)(Disc 2 of 2)[FXNHE629]"
        ]
      },
      "PartName": "Disc",
      "Size": 815246130,
      "PartNum": 2,
      "TotalParts": 2,
      "Publishers": [
        0
      ],
      "ReleaseDate": "1/1/1997",
      "Regions": [
        "JP"
      ]
    }
  ],
  "Overviews": {
    "en": {
      "0": "Our protagonist, Kai, is the prince of  one of the countries in the Republic of Kliph. Recently his father has disappeared, and the longtime enemies of the Kliph, calling themselves the \"Holy Dark Empire\" have staged a coup and taken control of all the countries in Kliph; Led by the ruthless Emperor Götz von Dark they have quickly suppressed most resistance. However, due to an old martial tradition, the Holy Dark Empire holds an annual martial arts competition and this year the Emperor himself is participating. Kai and his friends will defeat him and re-establish peace in their homelands!",
      "1": "This is a platform game similar in style to Bubble Bobble and particularly to Parasol Stars. There are two playable characters, both of which are little girls. There is no difference between them gameplay-wise: both use a large blob-like animal to hit enemies from a short distance in a yo-yo-like fashion. It is possible to choose one of them as a single player, or to use them both cooperatively in the two-player mode.",
      "2": "Set 15 years after Dragon Knight 3 our hero Takeru along with Luna has finally settled down. All is at peace untill word of a mysterious force from another time invades Takeru's world and request for his help along with his allies has been sent.\r\n\r\nTakeru thinking it a good opportunity decides instead to send his son Kakeru on this adventure in his place.\r\n\r\nIn retaliation for Takeru's decision, his old comrade Baan(Rolf in the English version of Dragon knight 3) sends along his own son Seiru to accompany Kakeru.\r\n\r\nWith the torch passed from father to son will Kakeru and Seiru make their fathers proud?",
      "3": "When an army of monsters attacked the castle Camelot and forced the Emperor to resign, the whole country fell under their rule, and the Emperor's son Radius had to flee. But in his heart, the young prince still hopes to reclaim the land that is rightfully his, and to defeat the monstrous conquerors. With the aid of his best friend, the wandering monk Nova, and a female fighter Mirion, Radius begins his quest.",
      "4": "Yusuke Kinoshita is a 18-year-old male Japanese high-school student. He intends to have a cool summer vacation, but realizes he has no money. Having no choice, he takes a job in his father's restaurant, \"Pia Carrot\". Thus begins an adventure much more exciting than the summer vacation he has dreamed about: he gets to know many beautiful girls in the restaurant, and has to decide which one is the love of his life...",
      "5": "Warsong, known as Langrisser (ラングリッサー?) in Japan, is a tactical role-playing game developed by Nippon Computer Systems (NCS). The first in the Langrisser series, it blended tactical warfare with RPG elements, similar to the Fire Emblem series. It was initially released for the Mega Drive/Genesis console and the PC-Engine Super CD-ROM add-on, the former version being published by Treco in America and the only game in the franchise released outside Japan. The PC-Engine version was released under the title, Langrisser: The Descendants of Light. It was later re-released along Der Langrisser (its sequel's remake) in a compilation for the Sega Saturn and PlayStation. That compilation was released for the PlayStation Network in 2009.",
      "6": "Farland Story is the first in the row of successful Japanese strategy RPG games. The main hero of the game is a knight named Arc, who is in love with the beautiful priestess Ferio. One day, when Arc and his best friend Randia are out of town, a hostile army under the command of a mysterious Black Knight invades the town and kidnaps Ferio. Thus begins Arc's quest to defeat the enemies and to rescue his beloved one from their clutches.\r\n\r\nFarland Story consists entirely of battles (save cut scenes and the ability to shop if you are near a town after a battle). During battles, you move Arc and his party over the terrain, and attack when there are enemies in range. The party consists of different classes - knights attack with swords, archers specialize in long-ranged combat, priestesses heal, etc. Every attack leads to a counter-attack, from the enemy's side as well as from yours. You gain experience points for every attack, and can level up in the middle of a battle.",
      "7": "The ancient demon Yomi is about to be revived once again, and warriors all over the land of Jipang have gathered to stop him. But only the strongest of them can fight Yomi, after he has defeated all the others - because this story is but an excuse for fights between familiar characters from Tengai Makyō universe!\r\n\r\nThis fighting game uses the same system as the previously released Battle Heat: each and every move of the characters is displayed as an anime-style movie. The player presses appropriate buttons for offensive and defensive moves (also controlling the power of the move), after which an anime sequence is shown. In both versus mode (against a computer opponent and two-players mode), it is possible to play as some of the most remarkable Tengai Makyō heroes (Ziria, Manjimaru, Kabuki, and others), as well as some of the villains - like the recurrent stupid monkey Mantou.",
      "8": "Long time ago, the First Mother created the world and blessed it with five magical symbols that would keep it in balance. The symbols were hidden deep in a sacred temple, to protect everything and everyone around them.\r\n\r\nMany years later, an adventurer named Finn was looking for work in the city of Ambrose. There was indeed much work to do: monsters roamed the country, the threat of war was more real than ever. One night Finn was strolling through the city when he suddenly spotted a young girl attacked by a monster. Naturally, he defeated the monster and saved the girl, who turned out to be a princess hoping to restore her father's kingdom. The two decide to work together and venture to the nearby city, that lies in ruins, overrun by monsters...",
      "9": "Long time ago, there was a happy country called the Eternal Feather Kingdom. Protected by benevolent deities, it flourished until a disaster came: a demon destroyed the kingdom, and it disappeared off the face of the earth. But a few chosen ones, called \"Feathers\", continued to keep sacred gemstones, which allowed them to use unique powers in the fight against the demonic army. Each Feather protects a gem, and the protector of the Ruby gem is the protagonist of the game - an ordinary high school boy from our modern world who at first wants nothing to do with ancient prophecies and heroic deeds. But as he receives new power from the leader of the Feathers, he understands that his destiny is to fight evil, and perhaps restore Eternal Feather to its former glory.",
      "10": "The events of the game are set in the future. The Galactic Police discovers that a scientist named Cronus has conducted genetic experiments on human beings. The police chief rescues three little girls, each one of whom bears the traces of these experiments. Fast-forward fifteen years: the three young women - Saki, Lilis, and Ariel - now work for the Galactic Police, determined to find out the truth about their origins and the nature of experiments. They are sent on three dangerous missions - missions they might not survive...\r\n\r\nTeam Innocent: The Point of No Return is an adventure game with action elements. The game consists of three missions. The player controls Saki most of the time, but other girls temporarily become available as playable characters as well. The heroine must explore a large location, collecting items and solving a few puzzles on the way. The young women can also find and equip various weapons, from pistols to axes. The player can choose one of the four action modes: punching, kicking, shooting, and (in specific instances only) jumping. The girls are navigated from third-person perspective on pre-rendered backgrounds with constantly changing camera angles, similarly to Alone in the Dark games, except for the protagonists being sprites and not 3D models. The game has a few anime-style cutscenes and voice-overs for dialogues.",
      "11": "The second game based on the Megami Paradise anime series is not directly related story-wise to the first one, and also belongs to a different genre. The game is set in a magical land ruled by women, namely the benevolent goddess Mamamega, with the dark goddess Yamimama constantly trying to defeat her and take over. Each goddess is surrounded by \"shrine maidens\", all of which are young and pretty girls. \r\n\r\nThe game lets the player control any of the eight shrine maidens, four on Mamamega's side (Rurubell, Lilith, Stashia, and Juliana), and four on Yamimama's side (Rouge, Pastel, Angela, and Maharaja). It is possible to switch between girls on the same side, but not between those of the opposing camp. The goal of the game is to gather as many followers as possible. The player navigates his favorite shrine maiden through the vast top-down world of Megami Paradise, trying to recruit as many people as possible on their side. The girls can talk to people using different approaches (sweet, passionate, etc.). They can buy a variety of items to increase their parameters and hence their appeal factor to the average citizen. Changing clothes also helps sometimes. There are also some battles, which utilize a slot machine system, and other mini-games. The game has a night/day cycle (much faster than real time); some places will be open only during the day or vice versa. The goal has to be achieved within a year of game time.",
      "12": "Super Power League FX allows the player to participate in the most prestigious Japanese baseball league, Nippon Professional Baseball. The player can choose to lead one of the 12 official NPB teams to the title in the championship mode, or simply play separate matches against any team in single match mode. There is also a training mode and a possibility to create own teams, recruit players, and have them take part in the championship.",
      "13": "In the world of Miraculum, there lived a powerful king named Siegwald. But his power was not enough for him, and he revived an ancient demon who had been sealed in a statue. But instead of granting him his power, the demon consumed the king's soul and possessed his body. He then swore to destroy humanity once and for all.\r\n\r\nAfter several years, the fake Siegwald led his armies to conquer lands and expand his empire. At that time, a warrior named Jay arrived at the port city of Heles. Now he must find loyal allies and eventually stop the Emperor's evil plans.",
      "14": "The hero of the game is in his space ship, on the way to his home planet. But the space ship crash-lands on the Earth. The hero is on an important intergalactic mission and has to be on his home planet no later than in one month. He tries to figure out what caused the crash, and discovers that it was a voice that interfered with the ship's radio waves. Suddenly, three anime girls appear in front of him. They are Citron, Jasmine, and Cinnamon, the heroines of a TV anime series called \"Elfin Triangle\". They explain that the voice that caused the disturbance was that of a famous Japanese voice actress.... they just don't know which one. To get a sample of this voice would be the only hope to repair the ship... so the hero and his three lovely companions have to find out who the voice belongs to!\r\n\r\nVoice Paradise plays, for the most part, like an adventure game with an internal schedule. A visit to every locations costs one game day, and the hero has only 30 days to find the voice actress. The locations include TV studio, CD shop, and other locations that have anything to do with anime and voice acting. The game contains plenty of material about Japanese voice actresses, so it can be described as educational. In order to successfully locate the actress, it is necessary to gather as much information as possible and take part in quiz that would narrow down the search and bring the hero nearer to the goal.",
      "15": "Mysterious disappearances have been occurring throughout the South Pacific at the mysterious resort on Austral Island. Honey Kisaragi catches wind of and decides to investigate by sneaking onto the island with help from Danbei Hayami.",
      "16": "Quality visuals and cut sequences which the FX excelled at as players take on the role of a stealthy thief. Plenty of battles with the bounty of female protagonists ensue whilst players to get some respite as the jazzy soundtrack soothes away their lady worries on the spiffing looking isometric maze levels. Just ensure to stay ahead of the opposition to keep out of jail."
    }
  },
  "Genres": {
    "0": "Fighting",
    "1": "Platform",
    "2": "Role-Playing",
    "3": "Life Simulation",
    "4": "Strategy",
    "5": "Action",
    "6": "Flight Simulator",
    "7": "Adventure",
    "8": "Sports",
    "9": "Stealth"
  },
  "Companies": {
    "0": "NEC Home Electronics",
    "1": "Hudson",
    "2": "NEC Avenue",
    "3": "NEC Home Elctronics",
    "4": "HuneX",
    "5": "Naxat",
    "6": "NEC Interchannel",
    "7": "Sonnet",
    "8": "Hudson Entertainment",
    "9": "NEC",
    "10": "NEC Home Electronics,",
    "11": "Elf Co.,",
    "12": "Nihon Application",
    "13": "Cocktail Soft",
    "14": "Produce Co., Ltd., Red Company",
    "15": "Pack-In-Video Co.,",
    "16": "DataWest",
    "17": "Fill-in-Cafe"
  },
  "Tags": {
    "0": "Sample",
    "1": "Pre-Release",
    "2": "2 Player"
  }
}