{
  "PlatformName": "Channel F",
  "LastUpdate": "6/25/2022 5:09:51 AM",
  "Games": [
    {
      "Titles": [
        "[BIOS] Fairchild Channel F"
      ],
      "Sha1s2Md5": "7e7539fce88fb53cc92114625e50580b",
      "Crcs2Md5": "37f796dda8de40c07dd57e0e226dd499",
      "Sets": {
        "2": [
          "[BIOS] Fairchild Channel F (USA) (SL90025)"
        ]
      },
      "Size": 1024,
      "Tags": [
        2
      ],
      "Regions": [
        "US"
      ],
      "Languages": [
        "en"
      ]
    },
    {
      "Titles": [
        "[BIOS] Fairchild Channel F"
      ],
      "Sha1s2Md5": "fc2eb5cfbe1e74cd208b435c8ca07da5",
      "Crcs2Md5": "bb2afc5405a1189f4c3501cac1e806c7",
      "Sets": {
        "2": [
          "[BIOS] Fairchild Channel F (USA) (SL31253)"
        ]
      },
      "Size": 1024,
      "Tags": [
        2
      ],
      "Regions": [
        "US"
      ],
      "Languages": [
        "en"
      ]
    },
    {
      "Titles": [
        "[BIOS] Fairchild Channel F"
      ],
      "Sha1s2Md5": "d86e1044db37d81ee9a1b497996338f7",
      "Crcs2Md5": "fd78734aaae0fbbad35a0afedf182f92",
      "Sets": {
        "2": [
          "[BIOS] Fairchild Channel F (USA) (SL31254)"
        ]
      },
      "Size": 1024,
      "Tags": [
        2
      ],
      "Regions": [
        "US"
      ],
      "Languages": [
        "en"
      ]
    },
    {
      "Titles": [
        "[BIOS] Hockey + Tennis"
      ],
      "Sha1s2Md5": "00d9b60b3749e16220570a96c8af2a19",
      "Crcs2Md5": "5efa78dd0c7b6a4976143ac89cb39d45",
      "Sets": {
        "4": [
          "Hockey + Tennis (1976)(Fairchild)[bios rip]"
        ]
      },
      "Size": 2048,
      "Publishers": [
        0
      ],
      "Tags": [
        2
      ],
      "ReleaseDate": "1/1/1976",
      "Languages": [
        "en"
      ]
    },
    {
      "Titles": [
        "Alien Invasion"
      ],
      "Sha1s2Md5": "979e69515ad0a53a617d568d47642181",
      "Crcs2Md5": "c54e0a07f28bdcc28d3d13b06aae2d1a",
      "Sets": {
        "1": [
          "alieninv"
        ],
        "2": [
          "Alien Invasion (USA)"
        ],
        "4": [
          "Alien Invasion (1978)(Zircon)"
        ]
      },
      "Size": 4096,
      "Publishers": [
        3
      ],
      "ReleaseDate": "1/1/1981",
      "Score": 3.75,
      "Reviewer": 5,
      "Regions": [
        "US"
      ],
      "Languages": [
        "en"
      ]
    },
    {
      "Titles": [
        "Backgammon",
        "Acey-Deucey",
        "Backgammon, Acey-Deucey",
        "Backgammon + Acey-Ducey"
      ],
      "Sha1s2Md5": "78cc89b4b6df5e4172355f709e4dc503",
      "Crcs2Md5": "5e522d05c816e0b97c74a6fdf54ac427",
      "Sets": {
        "1": [
          "backgamm"
        ],
        "2": [
          "Backgammon, Acey-Deucey (USA)"
        ],
        "4": [
          "Backgammon + Acey-Ducey (1977)(Fairchild)"
        ]
      },
      "Size": 2048,
      "Publishers": [
        0
      ],
      "ReleaseDate": "1/1/1977",
      "Regions": [
        "US"
      ],
      "Languages": [
        "en"
      ]
    },
    {
      "Titles": [
        "Baseball"
      ],
      "Sha1s2Md5": "e00745dedf853a178406dce43dbe8d84",
      "Crcs2Md5": "b813c573ff73a51293fb4dfc07f75f42",
      "Sets": {
        "1": [
          "baseball"
        ],
        "2": [
          "Baseball (USA)"
        ],
        "4": [
          "Baseball (1977)(Fairchild)"
        ]
      },
      "Size": 2048,
      "Publishers": [
        0
      ],
      "ReleaseDate": "1/1/1977",
      "Score": 3.75,
      "Reviewer": 5,
      "Regions": [
        "US"
      ],
      "Languages": [
        "en"
      ]
    },
    {
      "Titles": [
        "Bowling"
      ],
      "Sha1s2Md5": "0d87c6ce219390ade8d9808322751476",
      "Crcs2Md5": "2d24d48872b3003a64a311cdcd60dd1b",
      "Sets": {
        "1": [
          "bowling"
        ],
        "2": [
          "Bowling (USA)"
        ],
        "4": [
          "Bowling (1978)(Fairchild)"
        ]
      },
      "Size": 2048,
      "Publishers": [
        0,
        3
      ],
      "ReleaseDate": "1/1/1978",
      "Score": 4.5,
      "Reviewer": 5,
      "Regions": [
        "US"
      ],
      "Languages": [
        "en"
      ]
    },
    {
      "Titles": [
        "Channel F Multi-Cart"
      ],
      "Sha1s2Md5": "b4c5ef76a7ee03f40fb01f6bd3f591b4",
      "Crcs2Md5": "f089e4860e56566f69807e08cd367519",
      "Sets": {
        "1": [
          "multicrt"
        ],
        "4": [
          "Channel F Multi-Cart (2004)(Riddle, Sean)[a]"
        ]
      },
      "Size": 262144,
      "Publishers": [
        5,
        6
      ],
      "Tags": [
        3
      ],
      "ReleaseDate": "1/1/2004",
      "Languages": [
        "en"
      ]
    },
    {
      "Titles": [
        "Channel F Multi-Cart"
      ],
      "Sha1s2Md5": "5727bccd937bc1d44fce3fefe8034ae7",
      "Crcs2Md5": "2def3545a91130162f927b101ac6fff3",
      "Sets": {
        "1": [
          "multicrto"
        ],
        "4": [
          "Channel F Multi-Cart (2004)(Riddle, Sean)"
        ]
      },
      "Size": 262144,
      "Publishers": [
        5,
        6
      ],
      "CloneOf": "multicrt",
      "ReleaseDate": "1/1/2004",
      "Languages": [
        "en"
      ]
    },
    {
      "Titles": [
        "Checkers"
      ],
      "Sha1s2Md5": "0cc11b3fb5b3effbcff1ec453424af0d",
      "Crcs2Md5": "928a276f44fd7a7032ccc2014e58939f",
      "Sets": {
        "1": [
          "checkers"
        ],
        "2": [
          "Checkers (USA)"
        ],
        "4": [
          "Checkers (1978)(Zircon)"
        ]
      },
      "Size": 2048,
      "Publishers": [
        3
      ],
      "ReleaseDate": "1/1/1978",
      "Regions": [
        "US"
      ],
      "Languages": [
        "en"
      ]
    },
    {
      "Titles": [
        "Color Organ"
      ],
      "Sha1s2Md5": "8e89da6f1d959e29f6a4a1e9afb84d91",
      "Crcs2Md5": "b98b37def884ad3b13ae5acd7adffba0",
      "Sets": {
        "1": [
          "clrorgan"
        ]
      },
      "Size": 2048,
      "Publishers": [
        3
      ],
      "Tags": [
        0
      ]
    },
    {
      "Titles": [
        "Democart 1",
        "Demonstration Cartridge"
      ],
      "Sha1s2Md5": "3dbc71d7aa686f0acd4778dc8b3e63d0",
      "Crcs2Md5": "13b6593bab8a0198e7fcfb5441ccee40",
      "Sets": {
        "1": [
          "democrt1"
        ],
        "2": [
          "Demonstration Cartridge (USA)"
        ]
      },
      "Size": 2048,
      "Publishers": [
        0
      ],
      "ReleaseDate": "1/1/1977",
      "Regions": [
        "US"
      ],
      "Languages": [
        "en"
      ]
    },
    {
      "Titles": [
        "Democart 2",
        "Demonstration Cartridge 2"
      ],
      "Sha1s2Md5": "dadff4657d5a1d510fac0798bebc1c3c",
      "Crcs2Md5": "7c0f0b0b5b26f5c2195390d0038fdb07",
      "Sets": {
        "1": [
          "democrt2"
        ],
        "2": [
          "Demonstration Cartridge 2 (USA)"
        ],
        "6": [
          "63627"
        ]
      },
      "Overview": {
        "en": [
          1
        ]
      },
      "Size": 2048,
      "Publishers": [
        0,
        11
      ],
      "Developers": [
        11
      ],
      "ReleaseDate": "1/1/1977",
      "Genres": [
        1
      ],
      "Regions": [
        "US"
      ],
      "Languages": [
        "en"
      ]
    },
    {
      "Titles": [
        "Desert Fox",
        "Shooting Gallery",
        "Desert Fox, Shooting Gallery",
        "Desert Fox + Shooting Gallery"
      ],
      "Sha1s2Md5": "604cc0a137e587c8cebfc08e2d1d06a1",
      "Crcs2Md5": "2cb896aefa21eef2e20a060f13f6b238",
      "Sets": {
        "1": [
          "dsrtfox"
        ],
        "2": [
          "Desert Fox, Shooting Gallery (USA)"
        ],
        "4": [
          "Desert Fox + Shooting Gallery (1976)(Fairchild)"
        ]
      },
      "Size": 2048,
      "Publishers": [
        0
      ],
      "ReleaseDate": "1/1/1976",
      "Score": 3.25,
      "Reviewer": 5,
      "Regions": [
        "US"
      ],
      "Languages": [
        "en"
      ]
    },
    {
      "Titles": [
        "Dodge It",
        "Dodge-It"
      ],
      "Sha1s2Md5": "6caabc46890e7f66b84a397beee0d351",
      "Crcs2Md5": "a00162a52d1e38106c0d1e0c08502320",
      "Sets": {
        "1": [
          "dodgeit"
        ],
        "2": [
          "Dodge It (USA)"
        ],
        "4": [
          "Dodge-It (1978)(Fairchild)"
        ]
      },
      "Size": 2048,
      "Publishers": [
        0
      ],
      "ReleaseDate": "1/1/1978",
      "Score": 3.0,
      "Reviewer": 5,
      "Regions": [
        "US"
      ],
      "Languages": [
        "en"
      ]
    },
    {
      "Titles": [
        "Drag Race"
      ],
      "Sha1s2Md5": "62c228d37d8eab568dea315eaa8857a3",
      "Crcs2Md5": "71244dfe7642e515a1c64a17f2273bbc",
      "Sets": {
        "1": [
          "dragrace"
        ],
        "2": [
          "Drag Race (USA)"
        ],
        "4": [
          "Drag Race (1977)(Fairchild)"
        ]
      },
      "Size": 2048,
      "Publishers": [
        0
      ],
      "ReleaseDate": "1/1/1977",
      "Regions": [
        "US"
      ],
      "Languages": [
        "en"
      ]
    },
    {
      "Titles": [
        "Draw Poker"
      ],
      "Sha1s2Md5": "7c8135b4676d0c1c35347bb67c45c812",
      "Crcs2Md5": "7ff3d7beb43eef16896c192e7bbc2e55",
      "Sets": {
        "1": [
          "drawpkr"
        ],
        "4": [
          "Draw Poker (197x)(Zircon)(proto)"
        ]
      },
      "Size": 4096,
      "Publishers": [
        3
      ],
      "Tags": [
        0
      ],
      "CloneOf": "casinop",
      "ReleaseDate": "1/1/1980",
      "Languages": [
        "en"
      ]
    },
    {
      "Titles": [
        "F8 of Nations"
      ],
      "Sha1s2Md5": "e3330f9aa46e1fc192e59b66663f792a",
      "Crcs2Md5": "14eb7fb50e3637e7f07518a78de16934",
      "Sets": {
        "4": [
          "F8 of Nations (200x)(nycurt)(PD)"
        ]
      },
      "Size": 2048,
      "Publishers": [
        7
      ],
      "Languages": [
        "en"
      ]
    },
    {
      "Titles": [
        "F8 of Nations"
      ],
      "Sha1s2Md5": "e99bbd2bfc606b33812d564fedee758b",
      "Crcs2Md5": "86174fa1c29f4f861acd1913f78d9a19",
      "Sets": {
        "4": [
          "F8 of Nations (200x)(nycurt)(PD)[a]"
        ]
      },
      "Size": 2048,
      "Publishers": [
        7
      ],
      "Tags": [
        3
      ],
      "Languages": [
        "en"
      ]
    },
    {
      "Titles": [
        "Football"
      ],
      "Sha1s2Md5": "ac2876e9c35df227f312cf0f1c3ee22f",
      "Crcs2Md5": "91c610dc7b56eddf808c1cefe1277ee8",
      "Sets": {
        "1": [
          "football"
        ],
        "4": [
          "Football (197x)(Zircon)(proto)"
        ]
      },
      "Size": 4096,
      "Publishers": [
        3
      ],
      "Tags": [
        0
      ],
      "CloneOf": "pfootbll",
      "ReleaseDate": "1/1/1981",
      "Languages": [
        "en"
      ]
    },
    {
      "Titles": [
        "Galactic Space Wars",
        "Lunar Lander",
        "Galactic Space Wars, Lunar Lander",
        "Galactic Space Wars + Luna Lander"
      ],
      "Sha1s2Md5": "c32b1966df65e2e07cb3c20ddc803deb",
      "Crcs2Md5": "d3c70a3a1d52a3f552b0e5c4b421e56b",
      "Sets": {
        "1": [
          "galactic"
        ],
        "2": [
          "Galactic Space Wars, Lunar Lander (USA)"
        ],
        "4": [
          "Galactic Space Wars + Luna Lander (1978)(Zircon)"
        ]
      },
      "Size": 2048,
      "Publishers": [
        3
      ],
      "ReleaseDate": "1/1/1980",
      "Score": 3.25,
      "Reviewer": 5,
      "Regions": [
        "US"
      ],
      "Languages": [
        "en"
      ]
    },
    {
      "Titles": [
        "Galactic Space Wars",
        "Glactic Space War"
      ],
      "Sha1s2Md5": "53f80914ea597d1e328dab44fc3c7af0",
      "Crcs2Md5": "02db6136258c51a32af1eeb57e0c22e9",
      "Sets": {
        "1": [
          "galacticp"
        ],
        "4": [
          "Glactic Space War (197x)(Zircon)(proto)"
        ]
      },
      "Size": 2048,
      "Publishers": [
        3
      ],
      "Tags": [
        0
      ],
      "CloneOf": "galactic",
      "ReleaseDate": "1/1/1980",
      "Score": 3.25,
      "Reviewer": 5,
      "Languages": [
        "en"
      ]
    },
    {
      "Titles": [
        "Hangman"
      ],
      "Sha1s2Md5": "7799983e50b237ea77021091e1b51efa",
      "Crcs2Md5": "3eb89001767859f8a0f7ac2da4ec26b3",
      "Sets": {
        "1": [
          "hangman"
        ],
        "2": [
          "Hangman (USA)"
        ],
        "4": [
          "Hangman (1978)(Fairchild)"
        ]
      },
      "Size": 3072,
      "Publishers": [
        0
      ],
      "ReleaseDate": "1/1/1978",
      "Regions": [
        "US"
      ],
      "Languages": [
        "en"
      ]
    },
    {
      "Titles": [
        "Hangman"
      ],
      "Sha1s2Md5": "29b59da1cb3c095044c4d2f775bfef35",
      "Crcs2Md5": "5d985544c284775cb4448be6619a106f",
      "Sets": {
        "4": [
          "Hangman (1978)(Fairchild)[h]"
        ]
      },
      "Size": 8192,
      "Publishers": [
        0
      ],
      "Tags": [
        4
      ],
      "ReleaseDate": "1/1/1978",
      "Languages": [
        "en"
      ]
    },
    {
      "Titles": [
        "Lights Out"
      ],
      "Sha1s2Md5": "e9fddf97271c913dae4e43634d5a0417",
      "Crcs2Md5": "ca9879d524d92b9b86e1bd09c9d6bb1d",
      "Sets": {
        "4": [
          "Lights Out (2004)(Riddle, Sean)(PD)"
        ]
      },
      "Size": 2048,
      "Publishers": [
        6
      ],
      "ReleaseDate": "1/1/2004",
      "Languages": [
        "en"
      ]
    },
    {
      "Titles": [
        "Lights Out"
      ],
      "Sha1s2Md5": "5c25af79bbec5daca7f090579f42a67d",
      "Crcs2Md5": "345f9abefa312196a2d477afdfa54b8c",
      "Sets": {
        "4": [
          "Lights Out (2004)(Riddle, Sean)(PD)[a2]"
        ]
      },
      "Size": 2048,
      "Publishers": [
        6
      ],
      "ReleaseDate": "1/1/2004",
      "Languages": [
        "en"
      ]
    },
    {
      "Titles": [
        "Lights Out"
      ],
      "Sha1s2Md5": "ffdc3e9147d8a0113476016044407bad",
      "Crcs2Md5": "d7ef9f8448163d0d2c6efb9db50ded32",
      "Sets": {
        "4": [
          "Lights Out (2004)(Riddle, Sean)(PD)[a]"
        ]
      },
      "Size": 2048,
      "Publishers": [
        6
      ],
      "Tags": [
        3
      ],
      "ReleaseDate": "1/1/2004",
      "Languages": [
        "en"
      ]
    },
    {
      "Titles": [
        "Magic Numbers",
        "Mind Reader",
        "Nim",
        "Magic Numbers - Mind Reader + Nim",
        "Magic Numbers + Mind Reader + Nim"
      ],
      "Sha1s2Md5": "bb37b82db49479e6bb3bdd84e3196f10",
      "Crcs2Md5": "043de436eb9b1b02962a26c8eaf17d98",
      "Sets": {
        "1": [
          "magicnum"
        ],
        "2": [
          "Magic Numbers - Mind Reader + Nim (USA)"
        ],
        "4": [
          "Magic Numbers + Mind Reader + Nim (1977)(Fairchild)"
        ]
      },
      "Size": 2048,
      "Publishers": [
        0
      ],
      "ReleaseDate": "1/1/1977",
      "Regions": [
        "US"
      ],
      "Languages": [
        "en"
      ]
    },
    {
      "Titles": [
        "Math Quiz 1",
        "Math Quiz I - Addition + Subtraction"
      ],
      "Sha1s2Md5": "ccab4ab99a80f485583e7ed8f8ccfa38",
      "Crcs2Md5": "f8cd40cb7b150f7b29ea83f395b550d4",
      "Sets": {
        "1": [
          "mthquiz1"
        ],
        "2": [
          "Math Quiz I - Addition + Subtraction (USA)"
        ],
        "4": [
          "Math Quiz I - Addition + Subtraction (1976)(Fairchild)"
        ]
      },
      "Size": 2048,
      "Publishers": [
        0
      ],
      "ReleaseDate": "1/1/1976",
      "Regions": [
        "US"
      ],
      "Languages": [
        "en"
      ]
    },
    {
      "Titles": [
        "Math Quiz 2",
        "Math Quiz II - Multiplication + Division"
      ],
      "Sha1s2Md5": "611a8d6f2513b53c769f4ba4bdfc789d",
      "Crcs2Md5": "7ab18d3a14719262fd055576e4f4ae30",
      "Sets": {
        "1": [
          "mthquiz2"
        ],
        "2": [
          "Math Quiz II - Multiplication + Division (USA)"
        ],
        "4": [
          "Math Quiz II - Multiplication + Division (1977)(Fairchild)"
        ]
      },
      "Size": 2048,
      "Publishers": [
        0
      ],
      "ReleaseDate": "1/1/1977",
      "Regions": [
        "US"
      ],
      "Languages": [
        "en"
      ]
    },
    {
      "Titles": [
        "Maze",
        "Jailbreak",
        "Blind-man's-bluff",
        "Trailblazer",
        "Maze, Jailbreak, Blind-man's-bluff, Trailblazer",
        "Maze + Jailbreak + Blind-man's-bluff + Trailblazer"
      ],
      "Sha1s2Md5": "2e661da76058b3b52955af50c68ca17e",
      "Crcs2Md5": "47f5daf7b34fe6a080f234d184541e59",
      "Sets": {
        "1": [
          "maze"
        ],
        "2": [
          "Maze, Jailbreak, Blind-man's-bluff, Trailblazer (USA)"
        ],
        "4": [
          "Maze + Jailbreak + Blind-man's-bluff + Trailblazer (1977)(Fairchild)"
        ]
      },
      "Size": 2048,
      "Publishers": [
        0
      ],
      "ReleaseDate": "1/1/1977",
      "Score": 2.33,
      "Reviewer": 5,
      "Regions": [
        "US"
      ],
      "Languages": [
        "en"
      ]
    },
    {
      "Titles": [
        "Maze",
        "Jailbreak",
        "Blind-man's-bluff",
        "Trailblazer",
        "Maze, Jailbreak, Blind-man's-bluff, Trailblazer",
        "Maze + Jailbreak + Blind-man's-bluff + Trailblazer"
      ],
      "Sha1s2Md5": "c2dccb94503a639d19bd54dc49efbc45",
      "Crcs2Md5": "468aebdfcd9c8fbd51b740fee184d57c",
      "Sets": {
        "1": [
          "mazea"
        ],
        "2": [
          "Maze, Jailbreak, Blind-man's-bluff, Trailblazer (USA) (Alt 1)"
        ],
        "4": [
          "Maze + Jailbreak + Blind-man's-bluff + Trailblazer (1977)(Fairchild)[a]"
        ]
      },
      "Size": 2048,
      "Publishers": [
        0
      ],
      "Tags": [
        1,
        3
      ],
      "CloneOf": "maze",
      "ReleaseDate": "1/1/1977",
      "Score": 2.33,
      "Reviewer": 5,
      "Regions": [
        "US"
      ],
      "Languages": [
        "en"
      ]
    },
    {
      "Titles": [
        "Maze + Jailbreak + Blind-man's-bluff + Trailblazer"
      ],
      "Sha1s2Md5": "1975dcfea9a71bb4c680c23cbf9f8192",
      "Crcs2Md5": "c0ccf60f4a7b05a64c6d52120a08d46b",
      "Sets": {
        "4": [
          "Maze + Jailbreak + Blind-man's-bluff + Trailblazer (1977)(Fairchild)[b]"
        ]
      },
      "Size": 3072,
      "Publishers": [
        0
      ],
      "Tags": [
        5
      ],
      "ReleaseDate": "1/1/1977",
      "Languages": [
        "en"
      ]
    },
    {
      "Titles": [
        "Maze + Jailbreak + Blind-man's-bluff + Trailblazer"
      ],
      "Sha1s2Md5": "81fd5504aecc0291a1d490c5701fb7a0",
      "Crcs2Md5": "b2c822b8de9eebbbdb3ee5cc53082ffa",
      "Sets": {
        "4": [
          "Maze + Jailbreak + Blind-man's-bluff + Trailblazer (1977)(Fairchild)[h]"
        ]
      },
      "Size": 3072,
      "Publishers": [
        0
      ],
      "Tags": [
        4
      ],
      "ReleaseDate": "1/1/1977",
      "Languages": [
        "en"
      ]
    },
    {
      "Titles": [
        "Memory Match 1 & 2",
        "Memory Match"
      ],
      "Sha1s2Md5": "50b0bc6bafac5122bea820c5e8244866",
      "Crcs2Md5": "457dd0ab04106c78d5fc45e96ab2b78f",
      "Sets": {
        "1": [
          "memory"
        ],
        "2": [
          "Memory Match 1 & 2 (USA)"
        ],
        "4": [
          "Memory Match (1978)(Fairchild)"
        ]
      },
      "Size": 2048,
      "Publishers": [
        0
      ],
      "ReleaseDate": "1/1/1978",
      "Score": 1.33,
      "Reviewer": 5,
      "Regions": [
        "US"
      ],
      "Languages": [
        "en"
      ]
    },
    {
      "Titles": [
        "Muehle",
        "Tontauben-Schiessen",
        "Kreatives Malspiel",
        "Videoscope",
        "Muehle, Tontauben-Schiessen, Kreatives Malspiel, Videoscope"
      ],
      "Sha1s2Md5": "ffde87d7c68922ed40f2b683e14c6c6e",
      "Crcs2Md5": "6f0f3e99f59f974b633cf1f656bd87cb",
      "Sets": {
        "1": [
          "muehle"
        ],
        "2": [
          "Muehle, Tontauben-Schiessen, Kreatives Malspiel, Videoscope (Germany)"
        ]
      },
      "Size": 2048,
      "Publishers": [
        1
      ],
      "CloneOf": "tctactoe",
      "ReleaseDate": "1/1/1978",
      "Regions": [
        "DE"
      ],
      "Languages": [
        "de"
      ]
    },
    {
      "Titles": [
        "Ordtävling",
        "Ordtaevling",
        "Ordtavling"
      ],
      "Sha1s2Md5": "a529d52d81a7966b06863669e56d9a14",
      "Crcs2Md5": "d43528395878e4265c5d649a541c0e9f",
      "Sets": {
        "1": [
          "ordtvlng"
        ],
        "2": [
          "Ordtaevling (Sweden)"
        ],
        "4": [
          "Ordtavling (1978)(Luxor)(SE)"
        ]
      },
      "Size": 3072,
      "Publishers": [
        2
      ],
      "CloneOf": "hangman",
      "ReleaseDate": "1/1/1978",
      "Regions": [
        "SE"
      ]
    },
    {
      "Titles": [
        "Pac-Man"
      ],
      "Sha1s2Md5": "85e034211c1dd2cbd5d3c451db612771",
      "Crcs2Md5": "135cd8386685913ade59c8e5e9f61776",
      "Sets": {
        "4": [
          "Pac-Man (2004)(Blackbird - e5frog)[p]"
        ]
      },
      "Size": 2048,
      "Publishers": [
        8,
        9
      ],
      "Tags": [
        6
      ],
      "ReleaseDate": "1/1/2004",
      "Score": 4.75,
      "Reviewer": 5,
      "Languages": [
        "en"
      ]
    },
    {
      "Titles": [
        "Pac-Man"
      ],
      "Sha1s2Md5": "dc81435b1f820b50a9d6061319f7176d",
      "Crcs2Md5": "4b327bf29205307f001ff2d8fc0c7ef9",
      "Sets": {
        "4": [
          "Pac-Man (2004)(Blackbird - e5frog)[p][a2]"
        ]
      },
      "Size": 2048,
      "Publishers": [
        8,
        9
      ],
      "Tags": [
        6
      ],
      "ReleaseDate": "1/1/2004",
      "Score": 4.75,
      "Reviewer": 5,
      "Languages": [
        "en"
      ]
    },
    {
      "Titles": [
        "Pac-Man"
      ],
      "Sha1s2Md5": "ae685639b3b117c02a84e22bcd8f98f9",
      "Crcs2Md5": "db887030bcd5ad3685bd8426921b3912",
      "Sets": {
        "4": [
          "Pac-Man (2004)(Blackbird - e5frog)[p][a3]"
        ]
      },
      "Size": 4096,
      "Publishers": [
        8,
        9
      ],
      "Tags": [
        6
      ],
      "ReleaseDate": "1/1/2004",
      "Score": 4.75,
      "Reviewer": 5,
      "Languages": [
        "en"
      ]
    },
    {
      "Titles": [
        "Pac-Man"
      ],
      "Sha1s2Md5": "a7ad7864f719c8be941ba981338740bf",
      "Crcs2Md5": "e41c4603004b73b895841d14455c9dad",
      "Sets": {
        "4": [
          "Pac-Man (2004)(Blackbird - e5frog)[p][a4]"
        ]
      },
      "Size": 8192,
      "Publishers": [
        8,
        9
      ],
      "Tags": [
        6
      ],
      "ReleaseDate": "1/1/2004",
      "Score": 4.75,
      "Reviewer": 5,
      "Languages": [
        "en"
      ]
    },
    {
      "Titles": [
        "Pac-Man"
      ],
      "Sha1s2Md5": "b9b26d8b0dd1244e6ccf622e3dffeada",
      "Crcs2Md5": "d1c5364561009f5dbc6920fefc701549",
      "Sets": {
        "4": [
          "Pac-Man (2004)(Blackbird - e5frog)[p][a5]"
        ]
      },
      "Size": 8192,
      "Publishers": [
        8,
        9
      ],
      "Tags": [
        6
      ],
      "ReleaseDate": "1/1/2004",
      "Score": 4.75,
      "Reviewer": 5,
      "Languages": [
        "en"
      ]
    },
    {
      "Titles": [
        "Pac-Man"
      ],
      "Sha1s2Md5": "555e1400da1aff297362e70be3432f2b",
      "Crcs2Md5": "a6afda3ed4014756dee0c3b1ab2e9201",
      "Sets": {
        "4": [
          "Pac-Man (2004)(Blackbird - e5frog)[p][a6]"
        ]
      },
      "Size": 8192,
      "Publishers": [
        8,
        9
      ],
      "Tags": [
        6
      ],
      "ReleaseDate": "1/1/2004",
      "Score": 4.75,
      "Reviewer": 5,
      "Languages": [
        "en"
      ]
    },
    {
      "Titles": [
        "Pac-Man"
      ],
      "Sha1s2Md5": "1d66b96b18808f4e171e4f7a58860f9d",
      "Crcs2Md5": "0063180714cf3b5ea56fd269d9cba26c",
      "Sets": {
        "4": [
          "Pac-Man (2004)(Blackbird - e5frog)[p][a7]"
        ]
      },
      "Size": 8192,
      "Publishers": [
        8,
        9
      ],
      "Tags": [
        6
      ],
      "ReleaseDate": "1/1/2004",
      "Score": 4.75,
      "Reviewer": 5,
      "Languages": [
        "en"
      ]
    },
    {
      "Titles": [
        "Pac-Man"
      ],
      "Sha1s2Md5": "3ee3c4b5904ce3066fd726fbedc27d70",
      "Crcs2Md5": "ef36596ff7e1693f5a7c7d3c173ba5fc",
      "Sets": {
        "4": [
          "Pac-Man (2004)(Blackbird - e5frog)[p][a8]"
        ]
      },
      "Size": 8192,
      "Publishers": [
        8,
        9
      ],
      "Tags": [
        6
      ],
      "ReleaseDate": "1/1/2004",
      "Score": 4.75,
      "Reviewer": 5,
      "Languages": [
        "en"
      ]
    },
    {
      "Titles": [
        "Pac-Man"
      ],
      "Sha1s2Md5": "9d686e8d103d00dcd888e50586842017",
      "Crcs2Md5": "080c7d79c7d2fa5ed13f3168d1d113ce",
      "Sets": {
        "4": [
          "Pac-Man (2004)(Blackbird - e5frog)[p][a]"
        ]
      },
      "Size": 2048,
      "Publishers": [
        8,
        9
      ],
      "Tags": [
        6,
        3
      ],
      "ReleaseDate": "1/1/2004",
      "Score": 4.75,
      "Reviewer": 5,
      "Languages": [
        "en"
      ]
    },
    {
      "Titles": [
        "Pac-Man v20041211-14"
      ],
      "Sha1s2Md5": "62aaf33166759dccf9e15c1604475f95",
      "Crcs2Md5": "41bce85c84aa74364cacf0dc34f7dd04",
      "Sets": {
        "4": [
          "Pac-Man v20041211-14 (2004)(Blackbird - e5frog)[p]"
        ]
      },
      "Version": "v20041211-14",
      "Size": 2048,
      "Publishers": [
        8,
        9
      ],
      "Tags": [
        6
      ],
      "ReleaseDate": "1/1/2004",
      "Languages": [
        "en"
      ]
    },
    {
      "Titles": [
        "Pinball Challenge"
      ],
      "Sha1s2Md5": "bb1a4f822699d61df10ffe00da502515",
      "Crcs2Md5": "7f8cf4db2967137906f1ee39d0a92032",
      "Sets": {
        "1": [
          "pinball"
        ],
        "2": [
          "Pinball Challenge (USA)"
        ],
        "4": [
          "Pinball Challenge (1978)(Fairchild)"
        ]
      },
      "Size": 2048,
      "Publishers": [
        0
      ],
      "ReleaseDate": "1/1/1978",
      "Score": 1.33,
      "Reviewer": 5,
      "Regions": [
        "US"
      ],
      "Languages": [
        "en"
      ]
    },
    {
      "Titles": [
        "Pinball Challenge"
      ],
      "Sha1s2Md5": "aa069a517e237206e30c66afed07f6ad",
      "Crcs2Md5": "776ec2ae4c5c08d0664dd88ac518010d",
      "Sets": {
        "1": [
          "pinballa"
        ],
        "2": [
          "Pinball Challenge (USA) (Alt 1)"
        ],
        "4": [
          "Pinball Challenge (1978)(Fairchild)[a]"
        ]
      },
      "Size": 2048,
      "Publishers": [
        0
      ],
      "Tags": [
        1,
        3
      ],
      "CloneOf": "pinball",
      "ReleaseDate": "1/1/1978",
      "Score": 1.33,
      "Reviewer": 5,
      "Regions": [
        "US"
      ],
      "Languages": [
        "en"
      ]
    },
    {
      "Titles": [
        "Pro Football"
      ],
      "Sha1s2Md5": "7aa9a67046247493f7872ba863fa9912",
      "Crcs2Md5": "52e285d582546f18539f9cfe75bfbdc1",
      "Sets": {
        "1": [
          "pfootbll"
        ],
        "2": [
          "Pro Football (USA)"
        ],
        "4": [
          "Pro Football (1978)(Zircon)"
        ]
      },
      "Size": 4096,
      "Publishers": [
        3
      ],
      "ReleaseDate": "1/1/1981",
      "Score": 2.0,
      "Reviewer": 5,
      "Regions": [
        "US"
      ],
      "Languages": [
        "en"
      ]
    },
    {
      "Titles": [
        "Rat' Mal"
      ],
      "Sha1s2Md5": "ac4a8ce3d7ee037d0a2d53bfd50b4021",
      "Crcs2Md5": "c5828861885e778fa01acd6fa1ed291e",
      "Sets": {
        "1": [
          "ratmal"
        ],
        "2": [
          "Rat' Mal (Germany)"
        ],
        "4": [
          "Rat' Mal (197x)(SABA)(DE)"
        ]
      },
      "Size": 3072,
      "Publishers": [
        1
      ],
      "CloneOf": "hangman",
      "Regions": [
        "DE"
      ],
      "Languages": [
        "de"
      ]
    },
    {
      "Titles": [
        "Robot War",
        "Torpedo Alley",
        "Robot War, Torpedo Alley",
        "Robot War + Torpedo Alley"
      ],
      "Sha1s2Md5": "a99f96a52103c1ed681957aff9f601ee",
      "Crcs2Md5": "91b26908052e17e8370ffa4629827514",
      "Sets": {
        "1": [
          "robotwar"
        ],
        "2": [
          "Robot War, Torpedo Alley (USA)"
        ],
        "4": [
          "Robot War + Torpedo Alley (1977)(Fairchild)"
        ]
      },
      "Size": 2048,
      "Publishers": [
        0
      ],
      "ReleaseDate": "1/1/1977",
      "Regions": [
        "US"
      ],
      "Languages": [
        "en"
      ]
    },
    {
      "Titles": [
        "Robot War"
      ],
      "Sha1s2Md5": "0ca772e22def112e103e313bcb2c931f",
      "Crcs2Md5": "d9b20b906d1903cef4e900e526b51a0a",
      "Sets": {
        "1": [
          "robotwarp"
        ],
        "4": [
          "Robot War (1977)(Fairchild)(proto)"
        ]
      },
      "Size": 2048,
      "Publishers": [
        0
      ],
      "Tags": [
        0
      ],
      "CloneOf": "robotwar",
      "ReleaseDate": "1/1/1977",
      "Languages": [
        "en"
      ]
    },
    {
      "Titles": [
        "Robot War"
      ],
      "Sha1s2Md5": "0345b67abef3324bcaf7c001c2b193e9",
      "Crcs2Md5": "8c36f7e8b6206b48990119b0667dbb9c",
      "Sets": {
        "4": [
          "Robot War (1977)(Fairchild)(proto)[b]"
        ]
      },
      "Size": 1024,
      "Publishers": [
        0
      ],
      "Tags": [
        5,
        0
      ],
      "ReleaseDate": "1/1/1977",
      "Languages": [
        "en"
      ]
    },
    {
      "Titles": [
        "Schach"
      ],
      "Sha1s2Md5": "34ea4c1590746c9b0257fd43f326787d",
      "Crcs2Md5": "0fec9d5d34b94d4134ec8524f61a7657",
      "Sets": {
        "1": [
          "schach"
        ],
        "2": [
          "Schach (Germany)"
        ],
        "4": [
          "Schach (197x)(SABA)(DE)"
        ]
      },
      "Size": 6144,
      "Publishers": [
        1
      ],
      "Regions": [
        "DE"
      ],
      "Languages": [
        "de"
      ]
    },
    {
      "Titles": [
        "Slot Machine"
      ],
      "Sha1s2Md5": "5a0ea0e2dc2c3158b4b66b4bd95afa0b",
      "Crcs2Md5": "cafba7a88d938d7f0b1724b99f9d6436",
      "Sets": {
        "1": [
          "slotmchn"
        ],
        "2": [
          "Slot Machine (USA)"
        ],
        "4": [
          "Slot Machine (1978)(Zircon)"
        ]
      },
      "Size": 2048,
      "Publishers": [
        3
      ],
      "ReleaseDate": "1/1/1980",
      "Regions": [
        "US"
      ],
      "Languages": [
        "en"
      ]
    },
    {
      "Titles": [
        "Sonar Search"
      ],
      "Sha1s2Md5": "6109c5e68d8f6324962d20f00cf5fa8d",
      "Crcs2Md5": "225274eabfb7a705bdee55400a33f5a3",
      "Sets": {
        "1": [
          "sonrsrch"
        ],
        "2": [
          "Sonar Search (USA)"
        ],
        "4": [
          "Sonar Search (1977)(Fairchild)"
        ]
      },
      "Size": 2048,
      "Publishers": [
        0
      ],
      "ReleaseDate": "1/1/1977",
      "Score": 4.25,
      "Reviewer": 5,
      "Regions": [
        "US"
      ],
      "Languages": [
        "en"
      ]
    },
    {
      "Titles": [
        "Space War"
      ],
      "Sha1s2Md5": "b624237708659a0a44012388fe28985a",
      "Crcs2Md5": "1a4f5ad6ddc38fa66d5ee53ae0b93989",
      "Sets": {
        "1": [
          "spacewar"
        ],
        "2": [
          "Space War (USA)"
        ],
        "4": [
          "Space War (1977)(Zircon)"
        ]
      },
      "Size": 2048,
      "Publishers": [
        0,
        3
      ],
      "ReleaseDate": "1/1/1977",
      "Score": 1.33,
      "Reviewer": 5,
      "Regions": [
        "US"
      ],
      "Languages": [
        "en"
      ]
    },
    {
      "Titles": [
        "Spitfire"
      ],
      "Sha1s2Md5": "f0ccdb5357813a208a81cad2a41e89b5",
      "Crcs2Md5": "a865452046fd73a44b474afa27ce7722",
      "Sets": {
        "1": [
          "spitfire"
        ],
        "2": [
          "Spitfire (USA)"
        ],
        "4": [
          "Spitfire (1976)(Zircon)"
        ]
      },
      "Size": 2048,
      "Publishers": [
        0,
        3
      ],
      "ReleaseDate": "1/1/1976",
      "Score": 3.25,
      "Reviewer": 5,
      "Regions": [
        "US"
      ],
      "Languages": [
        "en"
      ]
    },
    {
      "Titles": [
        "Spitfire"
      ],
      "Sha1s2Md5": "52cdbfcd65dca9ddd63797c44d94871b",
      "Crcs2Md5": "d2093c516991c7a30ee3aa6c9218dda0",
      "Sets": {
        "1": [
          "spitfirep"
        ],
        "4": [
          "Spitfire (1976)(Zircon)(proto)"
        ]
      },
      "Size": 2048,
      "Publishers": [
        0,
        3
      ],
      "Tags": [
        0
      ],
      "CloneOf": "spitfire",
      "ReleaseDate": "1/1/1976",
      "Score": 3.25,
      "Reviewer": 5,
      "Languages": [
        "en"
      ]
    },
    {
      "Titles": [
        "Spitfire"
      ],
      "Sha1s2Md5": "5cf076d5af3b38ae23a2c2049bd8d85c",
      "Crcs2Md5": "8d855654a398ce52447a8783dfc60e04",
      "Sets": {
        "4": [
          "Spitfire (1976)(Zircon)(proto)[b]"
        ]
      },
      "Size": 4096,
      "Publishers": [
        3
      ],
      "Tags": [
        5,
        0
      ],
      "ReleaseDate": "1/1/1976",
      "Score": 3.25,
      "Reviewer": 5,
      "Languages": [
        "en"
      ]
    },
    {
      "Titles": [
        "Tetris"
      ],
      "Sha1s2Md5": "641b3dbe3edfd90bf39a31d217c049b0",
      "Crcs2Md5": "7303d61f0cb70034ecb3614927cac143",
      "Sets": {
        "4": [
          "Tetris (2004)(Trauner, Peter)[p]"
        ]
      },
      "Size": 3583,
      "Publishers": [
        10
      ],
      "Tags": [
        6
      ],
      "ReleaseDate": "1/1/2004",
      "Score": 4.25,
      "Reviewer": 5,
      "Languages": [
        "en"
      ]
    },
    {
      "Titles": [
        "Tetris"
      ],
      "Sha1s2Md5": "1f4a02f081064a65d38ad3ba86a0d96a",
      "Crcs2Md5": "74d0293fdc638e37d371c5ddf6730d47",
      "Sets": {
        "4": [
          "Tetris (2004)(Trauner, Peter)[p][a]"
        ]
      },
      "Size": 4096,
      "Publishers": [
        10
      ],
      "Tags": [
        6,
        3
      ],
      "ReleaseDate": "1/1/2004",
      "Score": 4.25,
      "Reviewer": 5,
      "Languages": [
        "en"
      ]
    },
    {
      "Titles": [
        "Tic-Tac-Toe",
        "Shooting Gallery",
        "Doodle",
        "Quadra-Doodle",
        "Tic-Tac-Toe, Shooting Gallery, Doodle, Quadra-Doodle",
        "Tic Tac Toe + Shooting Gallery + Doodle + Quadra Doodle"
      ],
      "Sha1s2Md5": "900cc3b38091e9e0d5a9239c0e01d9f8",
      "Crcs2Md5": "9c4049b60940b16e8d6ef27d75e08619",
      "Sets": {
        "1": [
          "tctactoe"
        ],
        "2": [
          "Tic-Tac-Toe, Shooting Gallery, Doodle, Quadra-Doodle (USA)"
        ],
        "4": [
          "Tic Tac Toe + Shooting Gallery + Doodle + Quadra Doodle (1976)(Fairchild)"
        ]
      },
      "Size": 2048,
      "Publishers": [
        0
      ],
      "ReleaseDate": "1/1/1976",
      "Regions": [
        "US"
      ],
      "Languages": [
        "en"
      ]
    },
    {
      "Titles": [
        "Video Blackjack"
      ],
      "Sha1s2Md5": "6ef0de8428010fe07771f21cb2bd2e65",
      "Crcs2Md5": "0390ea0f1871bc6493fca3ae8d73ca53",
      "Sets": {
        "1": [
          "vblckjck"
        ],
        "2": [
          "Video Blackjack (USA)"
        ],
        "4": [
          "Video Blackjack (1976)(Fairchild)"
        ]
      },
      "Size": 2048,
      "Publishers": [
        0
      ],
      "ReleaseDate": "1/1/1976",
      "Score": 4.0,
      "Reviewer": 5,
      "Regions": [
        "US"
      ],
      "Languages": [
        "en"
      ]
    },
    {
      "Titles": [
        "Video Whizball"
      ],
      "Sha1s2Md5": "cb82f7aa9b99d362f8fa2af14a1161d0",
      "Crcs2Md5": "c498b9fd317bb1ab9ed5245614413d84",
      "Sets": {
        "1": [
          "whizball"
        ],
        "2": [
          "Video Whizball (USA)"
        ],
        "4": [
          "Video Whizball (1978)(Fairchild)"
        ]
      },
      "Size": 3072,
      "Publishers": [
        0
      ],
      "ReleaseDate": "1/1/1978",
      "Score": 3.75,
      "Reviewer": 5,
      "Regions": [
        "US"
      ],
      "Languages": [
        "en"
      ]
    },
    {
      "Titles": [
        "Videocart-25: Casino Poker",
        "Casino Poker"
      ],
      "Sha1s2Md5": "6c2154a8b99603ca8139366e1426f383",
      "Crcs2Md5": "06dfe5f6b7417d2f4ba68ebdd6eb9fda",
      "Sets": {
        "1": [
          "casinop"
        ],
        "2": [
          "Casino Poker (USA)"
        ],
        "4": [
          "Casino Poker (1978)(Zircon)"
        ],
        "6": [
          "63411"
        ]
      },
      "Overview": {
        "en": [
          0
        ]
      },
      "Size": 4096,
      "Publishers": [
        3
      ],
      "Developers": [
        11
      ],
      "ReleaseDate": "1/1/1980",
      "Score": 4.25,
      "Reviewer": 5,
      "Genres": [
        0
      ],
      "Regions": [
        "US"
      ],
      "Languages": [
        "en"
      ]
    },
    {
      "Titles": [
        "Werbetextcassette"
      ],
      "Sha1s2Md5": "aea5cdf4ce9d55f25617c52b2ae66cd4",
      "Crcs2Md5": "2aa73f3add1eaef140b6e28945c65f83",
      "Sets": {
        "1": [
          "werbetxt"
        ]
      },
      "Size": 4096,
      "Publishers": [
        4
      ]
    }
  ],
  "Overviews": {
    "en": {
      "0": "\t\r\nA simulation of the five-card draw poker variant. There is a computerized dealer and two more players (human or computer-controlled), and each one is dealt five cards. The players then take turns either calling or raising a bet (of up to $25) or, if they don't like their cards, they can fold. Once that round of betting is done, players can then choose to discard up to three of their cards in exchange for new ones, in an attempt to make a better hand. Another round of betting then takes place and, after that, all the players that didn't fold must show their cards. Whoever has the highest hand wins all the money in the pot.",
      "1": "Democart 2"
    }
  },
  "Genres": {
    "0": "Strategy",
    "1": "Action"
  },
  "Companies": {
    "0": "Fairchild",
    "1": "SABA",
    "2": "Luxor",
    "3": "Zircon",
    "4": "Electronic-Partner",
    "5": "homebrew",
    "6": "Riddle, Sean",
    "7": "nycurt",
    "8": "Blackbird",
    "9": "e5frog",
    "10": "Trauner, Peter",
    "11": "Fairchild Semiconductor"
  },
  "Tags": {
    "0": "Proto",
    "1": "Alt",
    "2": "BIOS",
    "3": "Alternate",
    "4": "Hacked",
    "5": "Bad Dump",
    "6": "Pirated"
  }
}