{
  "PlatformName": "Mega Duck",
  "LastUpdate": "6/25/2022 4:50:32 AM",
  "Games": [
    {
      "Titles": [
        "2nd Space"
      ],
      "Serials": [
        "CB028/MD0"
      ],
      "Sha1s2Md5": "68912b6cb86ad932a6932052fda4ed3d",
      "Crcs2Md5": "1ccd41a05aa06337b5ac027ad7dbbdd1",
      "Sets": {
        "1": [
          "2ndspace"
        ],
        "4": [
          "2nd Space (1993)(Sachen)"
        ],
        "6": [
          "96081"
        ]
      },
      "Size": 131072,
      "Publishers": [
        0
      ],
      "Developers": [
        1
      ],
      "ReleaseDate": "1/1/1993",
      "ESRB": "E",
      "Genres": [
        4,
        0
      ],
      "Languages": [
        "en"
      ]
    },
    {
      "Titles": [
        "Ant Soldiers"
      ],
      "Serials": [
        "CB026/MD0"
      ],
      "Sha1s2Md5": "d194f33c59c33d62cd43dfba226720fa",
      "Crcs2Md5": "fdcdf148c9e532f9ad6c6b4544593710",
      "Sets": {
        "1": [
          "antsoldr"
        ],
        "4": [
          "Ant Soldiers (1993)(Sachen)"
        ]
      },
      "Size": 131072,
      "Publishers": [
        0
      ],
      "ReleaseDate": "1/1/1993",
      "Languages": [
        "en"
      ]
    },
    {
      "Titles": [
        "Arctic Zone"
      ],
      "Serials": [
        "CB006/MD0"
      ],
      "Sha1s2Md5": "0e93ad282365e6fe3ffc7410a35ec6f2",
      "Crcs2Md5": "4db17b79f217bf339bb6a33e0b25d898",
      "Sets": {
        "1": [
          "arczone"
        ],
        "4": [
          "Arctic Zone (1993)(Commin)"
        ],
        "6": [
          "96082"
        ]
      },
      "Size": 32768,
      "Publishers": [
        1
      ],
      "Developers": [
        1
      ],
      "ReleaseDate": "1/1/1993",
      "ESRB": "E",
      "Genres": [
        4,
        0
      ],
      "Languages": [
        "en"
      ]
    },
    {
      "Titles": [
        "Armour Force"
      ],
      "Serials": [
        "CB014/MD0"
      ],
      "Sha1s2Md5": "047033fa30f305834d55e61afa9efdf9",
      "Crcs2Md5": "4509cfcab780e5b09aa3c4f525cb65b5",
      "Sets": {
        "1": [
          "aforce"
        ],
        "4": [
          "Armour Force (1993)(Commin)"
        ],
        "6": [
          "96083"
        ]
      },
      "Size": 65536,
      "Publishers": [
        1
      ],
      "Developers": [
        1
      ],
      "ReleaseDate": "1/1/1993",
      "ESRB": "E",
      "Genres": [
        4,
        5
      ],
      "Languages": [
        "en"
      ]
    },
    {
      "Titles": [
        "Beast Fighter"
      ],
      "Serials": [
        "CB021/MD0"
      ],
      "Sha1s2Md5": "75f972a7c88d41a0f2ed6d77938fc6fb",
      "Crcs2Md5": "1eccf01cf5019be1ea0f3fe68d6fdc3c",
      "Sets": {
        "1": [
          "bstfgtr"
        ],
        "4": [
          "Beast Fighter (1993)(Sachen)"
        ],
        "6": [
          "96084"
        ]
      },
      "Size": 131072,
      "Publishers": [
        0
      ],
      "Developers": [
        0
      ],
      "ReleaseDate": "1/1/1993",
      "ESRB": "E",
      "Genres": [
        4,
        6
      ],
      "Languages": [
        "en"
      ]
    },
    {
      "Titles": [
        "Black Forest Tale"
      ],
      "Sha1s2Md5": "325384a12093287a5bfe3b01c254872c",
      "Crcs2Md5": "84594cec43631603db5593419e6b4dfd",
      "Sets": {
        "1": [
          "bftale"
        ],
        "4": [
          "Black Forest Tale (1993)(Commin)"
        ],
        "6": [
          "82769"
        ]
      },
      "Size": 65536,
      "Publishers": [
        1
      ],
      "Developers": [
        0
      ],
      "ReleaseDate": "1/1/1993",
      "Genres": [
        2
      ],
      "Languages": [
        "en"
      ]
    },
    {
      "Titles": [
        "Bomb Disposer"
      ],
      "Serials": [
        "CB003/MD0"
      ],
      "Sha1s2Md5": "25e4e333dd2419805b5696b0c367d5fb",
      "Crcs2Md5": "e4aa217a1842d5ae33872cc9f78ddd0f",
      "Sets": {
        "1": [
          "bombdisp"
        ],
        "4": [
          "Bomb Disposer (1993)(Commin)"
        ],
        "6": [
          "65332"
        ]
      },
      "Overview": {
        "en": [
          0
        ]
      },
      "Size": 32768,
      "Publishers": [
        1
      ],
      "ReleaseDate": "1/1/1993",
      "ESRB": "E10+",
      "Genres": [
        0
      ],
      "Languages": [
        "en"
      ]
    },
    {
      "Titles": [
        "Captain Knick Knack"
      ],
      "Serials": [
        "CB011/MD0"
      ],
      "Sha1s2Md5": "0e24b141e4f170a6219c205099f9b97e",
      "Crcs2Md5": "6a239574c0e379bc62d9ca807faa601f",
      "Sets": {
        "1": [
          "captkk"
        ],
        "4": [
          "Captain Knick Knack (1993)(Sachen)"
        ]
      },
      "Size": 131072,
      "Publishers": [
        0
      ],
      "ReleaseDate": "1/1/1993",
      "Languages": [
        "en"
      ]
    },
    {
      "Titles": [
        "Commin 5 in 1"
      ],
      "Serials": [
        "CB036/MD0"
      ],
      "Sha1s2Md5": "967a24706c9d6eda7d2980faa0364126",
      "Crcs2Md5": "b03d610ef73c6a508f30e9431f48d655",
      "Sets": {
        "1": [
          "c5in1"
        ],
        "4": [
          "Commin 5 in 1 (1993)(Commin)"
        ]
      },
      "Size": 65536,
      "Publishers": [
        1
      ],
      "ReleaseDate": "1/1/1993",
      "Languages": [
        "en"
      ]
    },
    {
      "Titles": [
        "Duck Adventures"
      ],
      "Serials": [
        "CB031/MD0"
      ],
      "Sha1s2Md5": "6d7406d7ce6696cfa617b25adac49b66",
      "Crcs2Md5": "d68620a7c4d287ca2388274ba67d24e6",
      "Sets": {
        "1": [
          "duckadv"
        ],
        "4": [
          "Duck Adventures (1993)(Commin)"
        ],
        "6": [
          "96086"
        ]
      },
      "Size": 131072,
      "Publishers": [
        1
      ],
      "Developers": [
        1
      ],
      "ReleaseDate": "1/1/1993",
      "ESRB": "E",
      "Genres": [
        4,
        0
      ],
      "Languages": [
        "en"
      ]
    },
    {
      "Titles": [
        "Magic Maze"
      ],
      "Serials": [
        "CB007/MD0"
      ],
      "Sha1s2Md5": "9f5a1848aa554f0f82aeb4711c716a41",
      "Crcs2Md5": "5a865fafff04ec91d9a0996919fa0c55",
      "Sets": {
        "1": [
          "mmaze"
        ],
        "4": [
          "Magic Maze (1993)(Commin)"
        ],
        "6": [
          "96087"
        ]
      },
      "Size": 32768,
      "Publishers": [
        1
      ],
      "Developers": [
        1
      ],
      "ReleaseDate": "1/1/1993",
      "ESRB": "E",
      "Genres": [
        0
      ],
      "Languages": [
        "en"
      ]
    },
    {
      "Titles": [
        "Magical Tower"
      ],
      "Serials": [
        "CB029/MD0"
      ],
      "Sha1s2Md5": "9c41c8a2d634eec0c54c8b2d99000543",
      "Crcs2Md5": "86350d6304453fdc8a258cf41441529d",
      "Sets": {
        "1": [
          "magictwr"
        ],
        "4": [
          "Magical Tower (1993)(Sachen)"
        ],
        "6": [
          "96110"
        ]
      },
      "Size": 65536,
      "Publishers": [
        0
      ],
      "Developers": [
        0
      ],
      "ReleaseDate": "1/1/1993",
      "ESRB": "E",
      "Genres": [
        3,
        7
      ],
      "Languages": [
        "en"
      ]
    },
    {
      "Titles": [
        "Mega Duck 4 in 1 Game ",
        "Mega Duck 4 in 1 Game"
      ],
      "Serials": [
        "CB035/MD0"
      ],
      "Sha1s2Md5": "5ea70b8ee2c67aaaa48ca330f9913dbb",
      "Crcs2Md5": "52330b04b5e1180fa1f836f0cb02a987",
      "Sets": {
        "1": [
          "md4in1"
        ],
        "4": [
          "Mega Duck 4 in 1 Game (1993)(Sachen)"
        ],
        "6": [
          "96139"
        ]
      },
      "Size": 65536,
      "Publishers": [
        0
      ],
      "Developers": [
        0
      ],
      "ReleaseDate": "1/1/1993",
      "ESRB": "E",
      "Genres": [
        4
      ],
      "Languages": [
        "en"
      ]
    },
    {
      "Titles": [
        "Pile Wonder"
      ],
      "Serials": [
        "CB010/MD0"
      ],
      "Sha1s2Md5": "f1920ab85b3932812fbb3d59643f7644",
      "Crcs2Md5": "a95d92258502b8c0cfed3420b6fba6cd",
      "Sets": {
        "1": [
          "pilewndr"
        ],
        "4": [
          "Pile Wonder (1993)(Commin)"
        ]
      },
      "Size": 32768,
      "Publishers": [
        1
      ],
      "ReleaseDate": "1/1/1993",
      "Languages": [
        "en"
      ]
    },
    {
      "Titles": [
        "Pile Wonder"
      ],
      "Serials": [
        "CB010/MD0"
      ],
      "Sha1s2Md5": "782dab8bea2c2bab9e8e3d343fdfb28a",
      "Crcs2Md5": "138757af4bbb33dd5aa98f89304e4e8c",
      "Sets": {
        "1": [
          "pilewndra"
        ],
        "4": [
          "Pile Wonder (1993)(Commin)[a]"
        ]
      },
      "Size": 32768,
      "Publishers": [
        1
      ],
      "Tags": [
        0,
        1
      ],
      "CloneOf": "pilewndr",
      "ReleaseDate": "1/1/1993",
      "Languages": [
        "en"
      ]
    },
    {
      "Titles": [
        "Puppet Knight"
      ],
      "Serials": [
        "CB008/MD0"
      ],
      "Sha1s2Md5": "af811f20aa53511e70bcaf2e4e689799",
      "Crcs2Md5": "5156d9e1c8a70bfc46cb745de220e7be",
      "Sets": {
        "1": [
          "puptkngt"
        ],
        "4": [
          "Puppet Knight (1993)(Commin)"
        ],
        "6": [
          "96141"
        ]
      },
      "Size": 65536,
      "Publishers": [
        1
      ],
      "Developers": [
        1
      ],
      "ReleaseDate": "1/1/1993",
      "ESRB": "E",
      "Genres": [
        4
      ],
      "Languages": [
        "en"
      ]
    },
    {
      "Titles": [
        "Railway"
      ],
      "Serials": [
        "CB019/MD0"
      ],
      "Sha1s2Md5": "35780c689b75d1fb72361fcab516bcf0",
      "Crcs2Md5": "7f9cfe9dbddb7a1e4a5ff88c80217858",
      "Sets": {
        "1": [
          "railway"
        ],
        "4": [
          "Railway (1993)(Sachen)"
        ],
        "6": [
          "96088"
        ]
      },
      "Size": 65536,
      "Publishers": [
        0
      ],
      "Developers": [
        0
      ],
      "ReleaseDate": "1/1/1993",
      "ESRB": "E",
      "Genres": [
        0
      ],
      "Languages": [
        "en"
      ]
    },
    {
      "Titles": [
        "Snake Roy"
      ],
      "Serials": [
        "CB018/MD0"
      ],
      "Sha1s2Md5": "e6b0ccbb98bdf88fc08b0a031e51f998",
      "Crcs2Md5": "ace71cf025029f7ae0b46769c3b063a1",
      "Sets": {
        "1": [
          "snakeroy"
        ],
        "4": [
          "Snake Roy (1993)(Sachen)"
        ],
        "6": [
          "96152"
        ]
      },
      "Size": 65536,
      "Publishers": [
        0
      ],
      "Developers": [
        0
      ],
      "ReleaseDate": "1/1/1993",
      "ESRB": "E",
      "Genres": [
        0
      ],
      "Languages": [
        "en"
      ]
    },
    {
      "Titles": [
        "Street Rider"
      ],
      "Serials": [
        "CB002/MD0"
      ],
      "Sha1s2Md5": "28025d759cc6824fa7dc1581dbd68a9e",
      "Crcs2Md5": "2bffeec9e7cf22917573bd3df1dc7523",
      "Sets": {
        "1": [
          "srider"
        ],
        "4": [
          "Street Rider (1993)(Commin)"
        ],
        "6": [
          "82767"
        ]
      },
      "Size": 32768,
      "Publishers": [
        1
      ],
      "Developers": [
        1
      ],
      "ReleaseDate": "1/1/1993",
      "Genres": [
        1
      ],
      "Languages": [
        "en"
      ]
    },
    {
      "Titles": [
        "Suleiman's Treasure"
      ],
      "Serials": [
        "CB005/MD0"
      ],
      "Sha1s2Md5": "86260eca5be42159398073715230a14c",
      "Crcs2Md5": "0fa7a22e11a80f5064bb4fec5f69f934",
      "Sets": {
        "1": [
          "treasure"
        ],
        "4": [
          "Suleiman's Treasure (1993)(Commin)"
        ],
        "6": [
          "96153"
        ]
      },
      "Size": 65536,
      "Publishers": [
        1
      ],
      "Developers": [
        1
      ],
      "ReleaseDate": "1/1/1993",
      "Genres": [
        4
      ],
      "Languages": [
        "en"
      ]
    },
    {
      "Titles": [
        "The Brick Wall",
        "Brick Wall, The"
      ],
      "Serials": [
        "CB001/MD0"
      ],
      "Sha1s2Md5": "36b6e7eaa3623a85c3348c095027aaa6",
      "Crcs2Md5": "dfe5b3f782d65bc63ca66c7983e8068e",
      "Sets": {
        "1": [
          "brckwall"
        ],
        "4": [
          "Brick Wall, The (1993)(Timlex)"
        ],
        "6": [
          "82773"
        ]
      },
      "Size": 32768,
      "Publishers": [
        2,
        3
      ],
      "ReleaseDate": "1/1/1993",
      "Genres": [
        3
      ],
      "Languages": [
        "en"
      ]
    },
    {
      "Titles": [
        "Trap & Turn"
      ],
      "Serials": [
        "CB009/MD0"
      ],
      "Sha1s2Md5": "703e86bfdd74769aa7357bc0a9365a37",
      "Crcs2Md5": "278ee5309323b7cf3ed83fc2e833cfce",
      "Sets": {
        "1": [
          "trapturn"
        ],
        "4": [
          "Trap & Turn (1993)(Commin)"
        ]
      },
      "Size": 32768,
      "Publishers": [
        1
      ],
      "ReleaseDate": "1/1/1993",
      "Languages": [
        "en"
      ]
    },
    {
      "Titles": [
        "Vex"
      ],
      "Serials": [
        "CB004/MD0"
      ],
      "Sha1s2Md5": "fd17834138e6edc740e0f01b0e91a89c",
      "Crcs2Md5": "eb07c6ef84164386c66e974857fac978",
      "Sets": {
        "1": [
          "vex"
        ],
        "4": [
          "Vex (1993)(Commin)"
        ],
        "6": [
          "96154"
        ]
      },
      "Size": 32768,
      "Publishers": [
        1
      ],
      "Developers": [
        1
      ],
      "ReleaseDate": "1/1/1993",
      "Genres": [
        0
      ],
      "Languages": [
        "en"
      ]
    },
    {
      "Titles": [
        "Worm Visitor"
      ],
      "Serials": [
        "CB030/MD0"
      ],
      "Sha1s2Md5": "4868208e0ae4283a342e1b6b27ee9dd8",
      "Crcs2Md5": "f7618806f83186808beebc85388eecde",
      "Sets": {
        "1": [
          "wormvstr"
        ],
        "4": [
          "Worm Visitor (1993)(Sachen)"
        ],
        "6": [
          "96089"
        ]
      },
      "Size": 65536,
      "Publishers": [
        0
      ],
      "Developers": [
        0
      ],
      "ReleaseDate": "1/1/1993",
      "ESRB": "E",
      "Genres": [
        4
      ],
      "Languages": [
        "en"
      ]
    },
    {
      "Titles": [
        "Zipball"
      ],
      "Serials": [
        "CB037/MD0"
      ],
      "Sha1s2Md5": "7203b999898a741b25e5b06e123e4083",
      "Crcs2Md5": "a9ee53dbd1da9553047b5e51b0dc0039",
      "Sets": {
        "1": [
          "zipball"
        ],
        "4": [
          "Zipball (1993)(Sachen)"
        ],
        "6": [
          "96090"
        ]
      },
      "Size": 65536,
      "Publishers": [
        0
      ],
      "Developers": [
        0
      ],
      "ReleaseDate": "1/1/1993",
      "ESRB": "E",
      "Genres": [
        4,
        0
      ],
      "Languages": [
        "en"
      ]
    }
  ],
  "Overviews": {
    "en": {
      "0": "It's a game where you defuse bombs"
    }
  },
  "Genres": {
    "0": "Puzzle",
    "1": "Racing",
    "2": "Adventure",
    "3": "Strategy",
    "4": "Action",
    "5": "Shooter",
    "6": "Fighting",
    "7": "Platform"
  },
  "Companies": {
    "0": "Sachen",
    "1": "Commin",
    "2": "Timlex International",
    "3": "Timlex"
  },
  "Tags": {
    "0": "Alt",
    "1": "Alternate"
  }
}