{
  "PlatformName": "CreatiVision",
  "LastUpdate": "6/25/2022 4:43:33 AM",
  "Games": [
    {
      "Titles": [
        "Air",
        "Sea Attack",
        "Air Sea Attack"
      ],
      "Serials": [
        "8008"
      ],
      "Sha1s2Md5": "0fc66afcbf1dd2ea7aff8adf74038d42",
      "Crcs2Md5": "0be2a3642fd7d151afec55963f64aecd",
      "Sets": {
        "1": [
          "airsea"
        ],
        "4": [
          "Air Sea Attack (1981)(VTL)"
        ]
      },
      "Size": 4096,
      "Publishers": [
        0,
        2
      ],
      "ReleaseDate": "1/1/1981",
      "Languages": [
        "en"
      ]
    },
    {
      "Titles": [
        "Astro Pinball"
      ],
      "Serials": [
        "8014"
      ],
      "Sha1s2Md5": "264ee4515ac445b9e79fadb85bdc4a39",
      "Crcs2Md5": "94c57b393445c05c44837a40c37968d7",
      "Sets": {
        "1": [
          "astropin"
        ],
        "4": [
          "Astro Pinball (1981)(VTL)[a]"
        ]
      },
      "Size": 8192,
      "Publishers": [
        0,
        2
      ],
      "Tags": [
        1
      ],
      "ReleaseDate": "1/1/1982",
      "Languages": [
        "en"
      ]
    },
    {
      "Titles": [
        "Astro Pinball"
      ],
      "Serials": [
        "8014"
      ],
      "Sha1s2Md5": "528e2948252fa5ac5af5045618b78e4b",
      "Crcs2Md5": "591116aabc2f661122b2986633ba76ed",
      "Sets": {
        "1": [
          "astropina"
        ]
      },
      "Size": 8192,
      "Publishers": [
        0
      ],
      "CloneOf": "astropin",
      "ReleaseDate": "1/1/1982"
    },
    {
      "Titles": [
        "Astro Pinball"
      ],
      "Serials": [
        "8014"
      ],
      "Sha1s2Md5": "c5d9e87e9e58ca78389d1e74b4f58bc1",
      "Crcs2Md5": "ab0ba5e09eafd6a20ba3e13d36806e05",
      "Sets": {
        "1": [
          "astropinb"
        ],
        "4": [
          "Astro Pinball (1981)(VTL)"
        ]
      },
      "Size": 8192,
      "Publishers": [
        0,
        2
      ],
      "Tags": [
        0
      ],
      "CloneOf": "astropin",
      "ReleaseDate": "1/1/1982",
      "Languages": [
        "en"
      ]
    },
    {
      "Titles": [
        "Auto Chase"
      ],
      "Serials": [
        "8006"
      ],
      "Sha1s2Md5": "fe866dbd3bb714a268ac1d1719fa17da",
      "Crcs2Md5": "b3ea7766444a8d77a56f162620b02666",
      "Sets": {
        "1": [
          "autochas"
        ],
        "4": [
          "Auto Chase (1981)(VTL)"
        ]
      },
      "Size": 8192,
      "Publishers": [
        0,
        2
      ],
      "ReleaseDate": "1/1/1981",
      "Languages": [
        "en"
      ]
    },
    {
      "Titles": [
        "Auto Chase"
      ],
      "Serials": [
        "8006"
      ],
      "Sha1s2Md5": "2830f465ee6e25a9172e5994f57ca8c8",
      "Crcs2Md5": "31467e14e2edb03d3721520289348dfc",
      "Sets": {
        "1": [
          "autochasa"
        ]
      },
      "Size": 8192,
      "Publishers": [
        0
      ],
      "CloneOf": "autochas",
      "ReleaseDate": "1/1/1981"
    },
    {
      "Titles": [
        "Basic V.1"
      ],
      "Serials": [
        "8011"
      ],
      "Sha1s2Md5": "8ba10789b5bc0bab6dfe5b9f95a88b40",
      "Crcs2Md5": "4707aebf73318ae63f505db4d2c37cef",
      "Sets": {
        "1": [
          "basic"
        ]
      },
      "Size": 12288,
      "Publishers": [
        0
      ],
      "ReleaseDate": "1/1/1983"
    },
    {
      "Titles": [
        "Chopper Rescue"
      ],
      "Serials": [
        "8021"
      ],
      "Sha1s2Md5": "268f060d3d2be94cbb904bcdbed2bbf8",
      "Crcs2Md5": "e8b18b8702de2aa92361187fbab535e7",
      "Sets": {
        "1": [
          "chopper"
        ]
      },
      "Size": 18432,
      "Publishers": [
        0
      ],
      "ReleaseDate": "1/1/1983"
    },
    {
      "Titles": [
        "Chopper Rescue"
      ],
      "Sha1s2Md5": "21a1d79f31b2b496be2ea85a15407658",
      "Crcs2Md5": "c840a749fc3664868cdbb613a7de0fda",
      "Sets": {
        "4": [
          "Chopper Rescue (1982)(VTL)"
        ]
      },
      "Size": 18432,
      "Publishers": [
        2
      ],
      "ReleaseDate": "1/1/1982",
      "Languages": [
        "en"
      ]
    },
    {
      "Titles": [
        "Chopper Rescue"
      ],
      "Sha1s2Md5": "7d5d9df9a9a66ca9b25ef4f58370c0b4",
      "Crcs2Md5": "145af432634a48e68cff7f75d7e214ac",
      "Sets": {
        "4": [
          "Chopper Rescue (1982)(VTL)[a]"
        ]
      },
      "Size": 18432,
      "Publishers": [
        2
      ],
      "Tags": [
        1
      ],
      "ReleaseDate": "1/1/1982",
      "Languages": [
        "en"
      ]
    },
    {
      "Titles": [
        "Crazy Chicky"
      ],
      "Serials": [
        "8001"
      ],
      "Sha1s2Md5": "a95deefed0af4aa81c7e5041410626f3",
      "Crcs2Md5": "6f1d9028b94098d96c29863785c322e0",
      "Sets": {
        "1": [
          "crazych"
        ],
        "4": [
          "Crazy Chicky (1981)(VTL)"
        ]
      },
      "Size": 4096,
      "Publishers": [
        0,
        2
      ],
      "ReleaseDate": "1/1/1981",
      "Languages": [
        "en"
      ]
    },
    {
      "Titles": [
        "Crazy Pucker ~ Crazy Moonie ~ Crazy Chewy"
      ],
      "Serials": [
        "8001"
      ],
      "Sha1s2Md5": "e53b42da166c782e7f5e8650974d4f00",
      "Crcs2Md5": "f3d67fcbf6fbadda0692344bd30f5330",
      "Sets": {
        "1": [
          "crazypuc"
        ]
      },
      "Size": 4096,
      "Publishers": [
        0
      ],
      "ReleaseDate": "1/1/1981"
    },
    {
      "Titles": [
        "Creativision Basic"
      ],
      "Serials": [
        "8011"
      ],
      "Sha1s2Md5": "a15fd45c7d7a6231095308d049e7d781",
      "Crcs2Md5": "b041d57d09e7315b43fef092ac4b0d38",
      "Sets": {
        "1": [
          "basico2"
        ]
      },
      "Size": 12288,
      "Publishers": [
        0
      ],
      "ReleaseDate": "1/1/1982"
    },
    {
      "Titles": [
        "Creativision Basic"
      ],
      "Serials": [
        "8011"
      ],
      "Sha1s2Md5": "41ba1c14843e74bc851f619d7a372926",
      "Crcs2Md5": "fab2bb8b1b3e4cc6fb9ee725984b7429",
      "Sets": {
        "1": [
          "basico3"
        ]
      },
      "Size": 12288,
      "Publishers": [
        0
      ],
      "ReleaseDate": "1/1/1982"
    },
    {
      "Titles": [
        "Creativision Basic"
      ],
      "Serials": [
        "8011"
      ],
      "Sha1s2Md5": "e4bdf784780f0c4ec0206040db541d9f",
      "Crcs2Md5": "7f8e73f41df711a15e71f5215a4f15a5",
      "Sets": {
        "1": [
          "basico1"
        ]
      },
      "Size": 12288,
      "Publishers": [
        0
      ],
      "ReleaseDate": "1/1/1983"
    },
    {
      "Titles": [
        "Cross Bomber"
      ],
      "Sha1s2Md5": "ddb8e36899f9ef11af732769acd4d308",
      "Crcs2Md5": "4a56aea54bb3d41ca486691b1cff7421",
      "Sets": {
        "4": [
          "Cross Bomber (2020-08-26)(Caruso, Fabrizio)[16K][swapped]"
        ]
      },
      "Size": 16384,
      "Publishers": [
        3
      ],
      "ReleaseDate": "8/26/2020",
      "Languages": [
        "en"
      ]
    },
    {
      "Titles": [
        "Cross Bomber"
      ],
      "Sha1s2Md5": "5182fc2dce302bdf900e12a1e97b4d09",
      "Crcs2Md5": "40709aeec0a5706311be06568d2ada27",
      "Sets": {
        "4": [
          "Cross Bomber (2021-05-13)(Caruso, Fabrizio)[16K][swapped]"
        ]
      },
      "Size": 16384,
      "Publishers": [
        3
      ],
      "ReleaseDate": "5/13/2021",
      "Languages": [
        "en"
      ]
    },
    {
      "Titles": [
        "Cross Chase"
      ],
      "Sha1s2Md5": "09aead9b1966b8bc0995fa560562666d",
      "Crcs2Md5": "adeb9e23cb7963507684d86fcaa894ef",
      "Sets": {
        "4": [
          "Cross Chase (2017-12-10)(Caruso, Fabrizio)[8K][tiny]"
        ]
      },
      "Size": 8192,
      "Publishers": [
        3
      ],
      "ReleaseDate": "12/10/2017",
      "Languages": [
        "en"
      ]
    },
    {
      "Titles": [
        "Cross Chase"
      ],
      "Sha1s2Md5": "af5129e82f51e2a20a0b6ec27c95ee13",
      "Crcs2Md5": "3cecf641976c0c583231a973e1fff796",
      "Sets": {
        "4": [
          "Cross Chase (2018-02-03)(Caruso, Fabrizio)[8K][tiny]"
        ]
      },
      "Size": 8192,
      "Publishers": [
        3
      ],
      "ReleaseDate": "2/3/2018",
      "Languages": [
        "en"
      ]
    },
    {
      "Titles": [
        "Cross Chase"
      ],
      "Sha1s2Md5": "3696ff517108b057c53b90928f99cec7",
      "Crcs2Md5": "5473370c41403d26ead8f2ec9d8df985",
      "Sets": {
        "4": [
          "Cross Chase (2018-04-15)(Caruso, Fabrizio)[8K][tiny]"
        ]
      },
      "Size": 8192,
      "Publishers": [
        3
      ],
      "ReleaseDate": "4/15/2018",
      "Languages": [
        "en"
      ]
    },
    {
      "Titles": [
        "Cross Chase"
      ],
      "Sha1s2Md5": "8ceaceb2b6c076f10f01ee10b00567e4",
      "Crcs2Md5": "764f11336c21b543155a9ead24a68832",
      "Sets": {
        "4": [
          "Cross Chase (2018-04-15)(Caruso, Fabrizio)[full][16K][swapped]"
        ]
      },
      "Size": 16384,
      "Publishers": [
        3
      ],
      "ReleaseDate": "4/15/2018",
      "Languages": [
        "en"
      ]
    },
    {
      "Titles": [
        "Cross Chase"
      ],
      "Sha1s2Md5": "e6969e64caaa582c5f5db95a3cd88352",
      "Crcs2Md5": "5075f7e03a89054896510c4de7fe38fd",
      "Sets": {
        "4": [
          "Cross Chase (2018-05-19)(Caruso, Fabrizio)[16K][full][swapped]"
        ]
      },
      "Size": 16384,
      "Publishers": [
        3
      ],
      "ReleaseDate": "5/19/2018",
      "Languages": [
        "en"
      ]
    },
    {
      "Titles": [
        "Cross Chase"
      ],
      "Sha1s2Md5": "360be0b5e759e97e4e07b01fc1cf4a73",
      "Crcs2Md5": "967e4f6da9fa89a759012305c221c8ca",
      "Sets": {
        "4": [
          "Cross Chase (2018-05-19)(Caruso, Fabrizio)[8K][light][less text]"
        ]
      },
      "Size": 8192,
      "Publishers": [
        3
      ],
      "ReleaseDate": "5/19/2018",
      "Languages": [
        "en"
      ]
    },
    {
      "Titles": [
        "Cross Chase"
      ],
      "Sha1s2Md5": "250a21eef08fb079222a48024b3acaf3",
      "Crcs2Md5": "3ec839cc75db3ba03b3b841c94e6330c",
      "Sets": {
        "4": [
          "Cross Chase (2018-05-19)(Caruso, Fabrizio)[8K][tiny]"
        ]
      },
      "Size": 8192,
      "Publishers": [
        3
      ],
      "ReleaseDate": "5/19/2018",
      "Languages": [
        "en"
      ]
    },
    {
      "Titles": [
        "Cross Chase"
      ],
      "Sha1s2Md5": "180dd32ed3fefadb261852e630d92d94",
      "Crcs2Md5": "24fc3704a17a1f1f2d8be6ca9130a9be",
      "Sets": {
        "4": [
          "Cross Chase (2018-07-19)(Caruso, Fabrizio)[16K][full][swapped]"
        ]
      },
      "Size": 16384,
      "Publishers": [
        3
      ],
      "ReleaseDate": "7/19/2018",
      "Languages": [
        "en"
      ]
    },
    {
      "Titles": [
        "Cross Chase"
      ],
      "Sha1s2Md5": "175975aac5efbbef60cfac02c09f2644",
      "Crcs2Md5": "0925f96e9060d6c102e05f942ce51ab6",
      "Sets": {
        "4": [
          "Cross Chase (2018-07-19)(Caruso, Fabrizio)[8K][light][less text]"
        ]
      },
      "Size": 8192,
      "Publishers": [
        3
      ],
      "ReleaseDate": "7/19/2018",
      "Languages": [
        "en"
      ]
    },
    {
      "Titles": [
        "Cross Chase"
      ],
      "Sha1s2Md5": "944d45d9d3eb91ada92e768ff1a06268",
      "Crcs2Md5": "d3cea0f0bc209cbffc9ddbd17c0df390",
      "Sets": {
        "4": [
          "Cross Chase (2018-07-19)(Caruso, Fabrizio)[8K][tiny]"
        ]
      },
      "Size": 8192,
      "Publishers": [
        3
      ],
      "ReleaseDate": "7/19/2018",
      "Languages": [
        "en"
      ]
    },
    {
      "Titles": [
        "Cross Chase"
      ],
      "Sha1s2Md5": "8f241218933677bb575974c2d91f8195",
      "Crcs2Md5": "a68376661a0893794b9470b889d6182f",
      "Sets": {
        "4": [
          "Cross Chase (2018-08-04)(Caruso, Fabrizio)[16K][full][swapped]"
        ]
      },
      "Size": 16384,
      "Publishers": [
        3
      ],
      "ReleaseDate": "8/4/2018",
      "Languages": [
        "en"
      ]
    },
    {
      "Titles": [
        "Cross Chase"
      ],
      "Sha1s2Md5": "1baf82fd44211b0f791e0a641e3d943f",
      "Crcs2Md5": "908482b9a523b5749634d9cb77c1c123",
      "Sets": {
        "4": [
          "Cross Chase (2018-08-04)(Caruso, Fabrizio)[8K][tiny]"
        ]
      },
      "Size": 8192,
      "Publishers": [
        3
      ],
      "ReleaseDate": "8/4/2018",
      "Languages": [
        "en"
      ]
    },
    {
      "Titles": [
        "Cross Chase"
      ],
      "Sha1s2Md5": "49a062f7a831739238815213be5eaa05",
      "Crcs2Md5": "ea6e321b8f41c046394576ec7f8c13c3",
      "Sets": {
        "4": [
          "Cross Chase (2018-10-29)(Caruso, Fabrizio)[16K][full][swapped]"
        ]
      },
      "Size": 16384,
      "Publishers": [
        3
      ],
      "ReleaseDate": "10/29/2018",
      "Languages": [
        "en"
      ]
    },
    {
      "Titles": [
        "Cross Chase"
      ],
      "Sha1s2Md5": "44cb294d4cc7c58e7c6dce2acaadf5eb",
      "Crcs2Md5": "93c77c3d22be491ff2b74b2e686ce7ac",
      "Sets": {
        "4": [
          "Cross Chase (2018-10-29)(Caruso, Fabrizio)[8K]"
        ]
      },
      "Size": 8192,
      "Publishers": [
        3
      ],
      "ReleaseDate": "10/29/2018",
      "Languages": [
        "en"
      ]
    },
    {
      "Titles": [
        "Cross Chase"
      ],
      "Sha1s2Md5": "f13a8da194efa4200573199f3cd2ceb6",
      "Crcs2Md5": "402eaf5c3c2d5a900812599c82dda70a",
      "Sets": {
        "4": [
          "Cross Chase (2018-10-29)(Caruso, Fabrizio)[8K][light][less text]"
        ]
      },
      "Size": 8192,
      "Publishers": [
        3
      ],
      "ReleaseDate": "10/29/2018",
      "Languages": [
        "en"
      ]
    },
    {
      "Titles": [
        "Cross Chase"
      ],
      "Sha1s2Md5": "e8ca9b8a0bc66f4987db4e6904a058b5",
      "Crcs2Md5": "b9e20896bc20bed6314102a28507abfc",
      "Sets": {
        "4": [
          "Cross Chase (2020-04-02)(Caruso, Fabrizio)[16K][full][swapped]"
        ]
      },
      "Size": 16384,
      "Publishers": [
        3
      ],
      "ReleaseDate": "4/2/2020",
      "Languages": [
        "en"
      ]
    },
    {
      "Titles": [
        "Cross Chase"
      ],
      "Sha1s2Md5": "25e5a640ef579fe57e1727ae7efdeb6e",
      "Crcs2Md5": "0f0bdf18f83b61a59050825cf39253ed",
      "Sets": {
        "4": [
          "Cross Chase (2020-04-02)(Caruso, Fabrizio)[8K][light][less text]"
        ]
      },
      "Size": 8192,
      "Publishers": [
        3
      ],
      "ReleaseDate": "4/2/2020",
      "Languages": [
        "en"
      ]
    },
    {
      "Titles": [
        "Cross Chase"
      ],
      "Sha1s2Md5": "fd0204fec3fbe742c568badd332d0f03",
      "Crcs2Md5": "07fe904b8b82a48fdcfcdf0a408f9c38",
      "Sets": {
        "4": [
          "Cross Chase (2020-04-02)(Caruso, Fabrizio)[8K][tiny]"
        ]
      },
      "Size": 8192,
      "Publishers": [
        3
      ],
      "ReleaseDate": "4/2/2020",
      "Languages": [
        "en"
      ]
    },
    {
      "Titles": [
        "Cross Chase"
      ],
      "Sha1s2Md5": "d117306f36130ddde3e1b150382416a6",
      "Crcs2Md5": "c7aef2d0a91e862fc90a96da3895bee0",
      "Sets": {
        "4": [
          "Cross Chase (2021-05-13)(Caruso, Fabrizio)[16K][swapped]"
        ]
      },
      "Size": 16384,
      "Publishers": [
        3
      ],
      "ReleaseDate": "5/13/2021",
      "Languages": [
        "en"
      ]
    },
    {
      "Titles": [
        "Cross Chase"
      ],
      "Sha1s2Md5": "7e52f60a5cc004cf45ff91c2a557cdda",
      "Crcs2Md5": "054c2647c980ad89c0856dc618a7f3e6",
      "Sets": {
        "4": [
          "Cross Chase (2021-05-13)(Caruso, Fabrizio)[8K][light][less text]"
        ]
      },
      "Size": 8192,
      "Publishers": [
        3
      ],
      "ReleaseDate": "5/13/2021",
      "Languages": [
        "en"
      ]
    },
    {
      "Titles": [
        "Cross Horde v1.0"
      ],
      "Sha1s2Md5": "211f7a981e2baa3911429351b51e4856",
      "Crcs2Md5": "a69601f54c188ea51b4346a73681b206",
      "Sets": {
        "4": [
          "Cross Horde v1.0 (2021-05-01)(Caruso, Fabrizio)[16K][swapped]"
        ]
      },
      "Version": "v1.0",
      "Size": 16384,
      "Publishers": [
        3
      ],
      "ReleaseDate": "5/1/2021",
      "Languages": [
        "en"
      ]
    },
    {
      "Titles": [
        "Cross Snake v2.0"
      ],
      "Sha1s2Md5": "8089d92211b6ddaa646c6924c08de1c7",
      "Crcs2Md5": "9664a94dd400b060c5ef970ed130a275",
      "Sets": {
        "4": [
          "Cross Snake v2.0 (2020-12-31)(Caruso, Fabrizio)[16K][swapped]"
        ]
      },
      "Version": "v2.0",
      "Size": 16384,
      "Publishers": [
        3
      ],
      "ReleaseDate": "12/31/2020",
      "Languages": [
        "en"
      ]
    },
    {
      "Titles": [
        "Deep Sea Adventure"
      ],
      "Serials": [
        "8013"
      ],
      "Sha1s2Md5": "c1c2b1fb9a6b4fddea7b41921390c8a5",
      "Crcs2Md5": "de31b636fa5b44c30caa1b5808ec3213",
      "Sets": {
        "1": [
          "deepsea"
        ]
      },
      "Size": 6144,
      "Publishers": [
        0
      ],
      "ReleaseDate": "1/1/1982"
    },
    {
      "Titles": [
        "Deep Sea Adventure"
      ],
      "Serials": [
        "8013"
      ],
      "Sha1s2Md5": "4efbd37216aac8a17d8c9bf993e7e36d",
      "Crcs2Md5": "b2ebf8ef7d47cf01ef6d8caf503e7dc8",
      "Sets": {
        "1": [
          "deepseaa"
        ],
        "4": [
          "Deep Sea Adventure (198x)(VTL)"
        ]
      },
      "Size": 8192,
      "Publishers": [
        0,
        2
      ],
      "CloneOf": "deepsea",
      "ReleaseDate": "1/1/1982",
      "Languages": [
        "en"
      ]
    },
    {
      "Titles": [
        "Hapmon"
      ],
      "Sha1s2Md5": "01b9efb6ea971cbc5076248c802ca1d7",
      "Crcs2Md5": "116dc2d3b683a904f27f1fc78b0ca0fe",
      "Sets": {
        "1": [
          "hapmon"
        ],
        "4": [
          "Hapmon (1981)(VTL)"
        ]
      },
      "Size": 4096,
      "Publishers": [
        1,
        2
      ],
      "ReleaseDate": "1/1/1981",
      "Languages": [
        "en"
      ]
    },
    {
      "Titles": [
        "Locomotive"
      ],
      "Serials": [
        "8020"
      ],
      "Sha1s2Md5": "f1d3b238791767dd226136ef951eb11a",
      "Crcs2Md5": "8ad31cf6506c2a450e10adc82344c8ed",
      "Sets": {
        "1": [
          "locomot"
        ]
      },
      "Size": 10240,
      "Publishers": [
        0
      ],
      "ReleaseDate": "1/1/1983"
    },
    {
      "Titles": [
        "Locomotive"
      ],
      "Serials": [
        "8020"
      ],
      "Sha1s2Md5": "ba2253d6c41cc6553105b905f880089c",
      "Crcs2Md5": "52db58b924850b7f2d8d407d2617081f",
      "Sets": {
        "1": [
          "locomota"
        ]
      },
      "Size": 12288,
      "Publishers": [
        0
      ],
      "CloneOf": "locomot",
      "ReleaseDate": "1/1/1983"
    },
    {
      "Titles": [
        "Locomotive"
      ],
      "Sha1s2Md5": "f8ebb2a819f80db3c6f1480ba4554828",
      "Crcs2Md5": "2e01c8bb53886f1b2de3e3f5a050458d",
      "Sets": {
        "4": [
          "Locomotive (1981)(VTL)"
        ]
      },
      "Size": 12288,
      "Publishers": [
        2
      ],
      "ReleaseDate": "1/1/1981",
      "Languages": [
        "en"
      ]
    },
    {
      "Titles": [
        "Mouse Puzzle"
      ],
      "Serials": [
        "8015"
      ],
      "Sha1s2Md5": "968bf634e731ee4ebda8d019e625ec33",
      "Crcs2Md5": "9e64c75967fb4d556fd12bdd5d5aa8d8",
      "Sets": {
        "1": [
          "mousepuz"
        ],
        "4": [
          "Mouse Puzzle (1983)(VTL)"
        ]
      },
      "Size": 8192,
      "Publishers": [
        0,
        2
      ],
      "ReleaseDate": "1/1/1982",
      "Languages": [
        "en"
      ]
    },
    {
      "Titles": [
        "Mouse Puzzle"
      ],
      "Serials": [
        "8015"
      ],
      "Sha1s2Md5": "ee9414d98cb04fb86e7dd58beb16853e",
      "Crcs2Md5": "7f7afc4534c05d70c920b49080704611",
      "Sets": {
        "1": [
          "mousepuza"
        ]
      },
      "Size": 8192,
      "Publishers": [
        0
      ],
      "CloneOf": "mousepuz",
      "ReleaseDate": "1/1/1982"
    },
    {
      "Titles": [
        "Music Maker"
      ],
      "Serials": [
        "8016"
      ],
      "Sha1s2Md5": "f980ef95cc379e40788afea3e90cda4b",
      "Crcs2Md5": "8e0aeb46c6713386dda23a144ffd425d",
      "Sets": {
        "1": [
          "musicmak"
        ]
      },
      "Size": 12288,
      "Publishers": [
        0
      ],
      "ReleaseDate": "1/1/1983"
    },
    {
      "Titles": [
        "Planet Defender"
      ],
      "Serials": [
        "8005"
      ],
      "Sha1s2Md5": "a2338c2a74ed50e31e794a985850b474",
      "Crcs2Md5": "4bc60b5b9fafa2bbac5c7124ffa48ac7",
      "Sets": {
        "1": [
          "planetd"
        ]
      },
      "Size": 6144,
      "Publishers": [
        0
      ],
      "ReleaseDate": "1/1/1981"
    },
    {
      "Titles": [
        "Planet Defender"
      ],
      "Serials": [
        "8005"
      ],
      "Sha1s2Md5": "440158ba3a69fc1d638942459df62179",
      "Crcs2Md5": "2d1edea0272e97eae1f0dabc90b6c149",
      "Sets": {
        "1": [
          "planetd1"
        ],
        "4": [
          "Planet Defender (1982)(VTL)[a]"
        ]
      },
      "Size": 8192,
      "Publishers": [
        0,
        2
      ],
      "Tags": [
        1
      ],
      "CloneOf": "planetd",
      "ReleaseDate": "1/1/1981",
      "Languages": [
        "en"
      ]
    },
    {
      "Titles": [
        "Planet Defender"
      ],
      "Sha1s2Md5": "15c1accd0f502f078704e1511f674faa",
      "Crcs2Md5": "8d24ad2af51c78824d86bfaa9de06999",
      "Sets": {
        "1": [
          "planetd2"
        ],
        "4": [
          "Planet Defender (1982)(VTL)"
        ]
      },
      "Size": 8192,
      "Publishers": [
        0,
        2
      ],
      "Tags": [
        0
      ],
      "CloneOf": "planetd",
      "ReleaseDate": "1/1/1981",
      "Languages": [
        "en"
      ]
    },
    {
      "Titles": [
        "Police Jump"
      ],
      "Serials": [
        "8009"
      ],
      "Sha1s2Md5": "27216e0c4ae8596e42481875d68e84b4",
      "Crcs2Md5": "6c5e6682abeb531f40b3c7277a47742b",
      "Sets": {
        "1": [
          "policej"
        ],
        "4": [
          "Police Jump (1981)(VTL)"
        ]
      },
      "Size": 8192,
      "Publishers": [
        0,
        2
      ],
      "ReleaseDate": "1/1/1982",
      "Languages": [
        "en"
      ]
    },
    {
      "Titles": [
        "Police Jump"
      ],
      "Serials": [
        "8009"
      ],
      "Sha1s2Md5": "29adce3aed42e730f9eabf5ec8bac8c0",
      "Crcs2Md5": "33fa4eb6c8b9f003a951692a786c5b5b",
      "Sets": {
        "1": [
          "policeja"
        ]
      },
      "Size": 8192,
      "Publishers": [
        0
      ],
      "CloneOf": "policej",
      "ReleaseDate": "1/1/1982"
    },
    {
      "Titles": [
        "Police Jump"
      ],
      "Serials": [
        "8009"
      ],
      "Sha1s2Md5": "e6a389993b79be99d5b1e489c381f2da",
      "Crcs2Md5": "2cdc058e2f777bbbf82b14d87024fd91",
      "Sets": {
        "1": [
          "policeje"
        ]
      },
      "Size": 8192,
      "Publishers": [
        0
      ],
      "CloneOf": "policej",
      "ReleaseDate": "1/1/1982"
    },
    {
      "Titles": [
        "Soccer"
      ],
      "Serials": [
        "8017"
      ],
      "Sha1s2Md5": "ab7e47e5fb6d4ee4cd8ea27b6f041dab",
      "Crcs2Md5": "d97493e9a9706c5be51d3827288280cf",
      "Sets": {
        "1": [
          "soccer"
        ]
      },
      "Size": 12288,
      "Publishers": [
        0
      ],
      "ReleaseDate": "1/1/1983"
    },
    {
      "Titles": [
        "Soccer"
      ],
      "Sha1s2Md5": "2b6b7c5a9faa61248f60e3d6a668411a",
      "Crcs2Md5": "5493b1db3bed844a46aea4c9eed0ad84",
      "Sets": {
        "4": [
          "Soccer (1983)(VTL)"
        ]
      },
      "Size": 12288,
      "Publishers": [
        2
      ],
      "ReleaseDate": "1/1/1983",
      "Languages": [
        "en"
      ]
    },
    {
      "Titles": [
        "Sonic Invader"
      ],
      "Serials": [
        "8003"
      ],
      "Sha1s2Md5": "70e478665ac1666d4867c086a516f218",
      "Crcs2Md5": "024fc2afd8246b074ac23e33a5e5dd8d",
      "Sets": {
        "1": [
          "sonicinv"
        ],
        "4": [
          "Sonic Invader (1981)(VTL)"
        ]
      },
      "Size": 4096,
      "Publishers": [
        0,
        2
      ],
      "ReleaseDate": "1/1/1981",
      "Languages": [
        "en"
      ]
    },
    {
      "Titles": [
        "Stone Age"
      ],
      "Sha1s2Md5": "3cd427d8e304d55498f061ffe6cdb911",
      "Crcs2Md5": "982d62a1026ac39f4b6d581a43da741d",
      "Sets": {
        "1": [
          "stoneage"
        ]
      },
      "Size": 8192,
      "Publishers": [
        0
      ],
      "ReleaseDate": "1/1/1984"
    },
    {
      "Titles": [
        "Tank Attack"
      ],
      "Serials": [
        "8002"
      ],
      "Sha1s2Md5": "9d3b45e3f27bbbb18d6372eb702434ba",
      "Crcs2Md5": "3747d0e81ee5072d81b5ba1ad49d0aae",
      "Sets": {
        "1": [
          "tankatk"
        ]
      },
      "Size": 6144,
      "Publishers": [
        0
      ],
      "ReleaseDate": "1/1/1981"
    },
    {
      "Titles": [
        "Tank Attack"
      ],
      "Serials": [
        "8002"
      ],
      "Sha1s2Md5": "1378d2a0e2dce7d0302be9fe39b339a4",
      "Crcs2Md5": "c971467f82ee5dd813dbc312d899fc5d",
      "Sets": {
        "1": [
          "tankatka"
        ],
        "4": [
          "Tank Attack (1981)(VTL)"
        ]
      },
      "Size": 8192,
      "Publishers": [
        0,
        2
      ],
      "CloneOf": "tankatk",
      "ReleaseDate": "1/1/1981",
      "Languages": [
        "en"
      ]
    },
    {
      "Titles": [
        "Tennis"
      ],
      "Serials": [
        "8004"
      ],
      "Sha1s2Md5": "70d5ff89007fa2bacf18c2e354a3e46f",
      "Crcs2Md5": "b30798ae7cafdf0fd484b2e3a834b241",
      "Sets": {
        "1": [
          "tennis"
        ]
      },
      "Size": 6144,
      "Publishers": [
        0
      ],
      "ReleaseDate": "1/1/1981"
    },
    {
      "Titles": [
        "Tennis"
      ],
      "Serials": [
        "8004"
      ],
      "Sha1s2Md5": "b2c44000e0de6eef42a5d48f50870f22",
      "Crcs2Md5": "bfa3e244003cb8b53341e580cf4cdd59",
      "Sets": {
        "1": [
          "tennisa"
        ],
        "4": [
          "Tennis (1981)(VTL)"
        ]
      },
      "Size": 8192,
      "Publishers": [
        0,
        2
      ],
      "CloneOf": "tennis",
      "ReleaseDate": "1/1/1982",
      "Languages": [
        "en"
      ]
    },
    {
      "Titles": [
        "Tennis"
      ],
      "Serials": [
        "8004"
      ],
      "Sha1s2Md5": "8912301e699ecaabbd0f36a40212f683",
      "Crcs2Md5": "2bd5a972b54a1af2b4ea2c62c7392478",
      "Sets": {
        "1": [
          "tennisb"
        ]
      },
      "Size": 8192,
      "Publishers": [
        0
      ],
      "CloneOf": "tennis",
      "ReleaseDate": "1/1/1982"
    },
    {
      "Titles": [
        "Tennis"
      ],
      "Serials": [
        "8004"
      ],
      "Sha1s2Md5": "5170086dbdd514cace2ca9b2df9040da",
      "Crcs2Md5": "9da29a29eb82f80df4a8045aa50cfc9a",
      "Sets": {
        "1": [
          "tenniscs"
        ]
      },
      "Size": 8192,
      "Publishers": [
        0
      ],
      "CloneOf": "tennis",
      "ReleaseDate": "1/1/1981"
    },
    {
      "Titles": [
        "Tennis"
      ],
      "Serials": [
        "Y1620"
      ],
      "Sha1s2Md5": "648dbbc0ba741be916e5f72e4a2c5c1f",
      "Crcs2Md5": "63bab9b42d13d69857ab1cfec2ab51c0",
      "Sets": {
        "1": [
          "tennisd1"
        ]
      },
      "Size": 6144,
      "Publishers": [
        0
      ],
      "CloneOf": "tennis",
      "ReleaseDate": "1/1/1982"
    },
    {
      "Titles": [
        "Tennis"
      ],
      "Serials": [
        "Y1620"
      ],
      "Sha1s2Md5": "6ffae6cbcf038c829d5e253465223e7e",
      "Crcs2Md5": "674291ef71cc3c749b1f1af9b196be0f",
      "Sets": {
        "1": [
          "tennisd2"
        ]
      },
      "Size": 6144,
      "Publishers": [
        0
      ],
      "CloneOf": "tennis",
      "ReleaseDate": "1/1/1982"
    },
    {
      "Titles": [
        "Tennis"
      ],
      "Serials": [
        "Y1620"
      ],
      "Sha1s2Md5": "dc00e9c52972830db7748e39e8b89634",
      "Crcs2Md5": "b74724cbdc60287d516001faa93d47c2",
      "Sets": {
        "1": [
          "tennisd2a"
        ],
        "4": [
          "Tennis (1981)(VTL)[a]"
        ]
      },
      "Size": 8192,
      "Publishers": [
        0,
        2
      ],
      "Tags": [
        1
      ],
      "CloneOf": "tennis",
      "ReleaseDate": "1/1/1982",
      "Languages": [
        "en"
      ]
    }
  ],
  "Overviews": {},
  "Genres": {},
  "Companies": {
    "0": "Video Technology",
    "1": "Richard Hayter",
    "2": "VTL",
    "3": "Caruso, Fabrizio"
  },
  "Tags": {
    "0": "Bad Dump",
    "1": "Alternate"
  }
}