{
  "PlatformName": "Leapster",
  "LastUpdate": "6/25/2022 4:50:21 AM",
  "Games": [
    {
      "Titles": [
        "1st Grade"
      ],
      "Serials": [
        "50011000"
      ],
      "Sha1s2Md5": "ebca2fe24295138814aaf2d3c6c7d926",
      "Crcs2Md5": "05609eb0b49a43af857aca854755f061",
      "Sets": {
        "1": [
          "1stgrade"
        ],
        "2": [
          "1st Grade (USA)"
        ]
      },
      "Size": 8388608,
      "Publishers": [
        0
      ],
      "ReleaseDate": "1/1/2003",
      "Regions": [
        "US"
      ],
      "Languages": [
        "en"
      ]
    },
    {
      "Titles": [
        "A La Conquête Des Nombres - Un Jeu D'Arcade Éducatif!",
        "A la conquete des nombres"
      ],
      "Serials": [
        "50012413A"
      ],
      "Sha1s2Md5": "131387b61341d4234fcfc122516aede0",
      "Crcs2Md5": "1df2bd75a7611ebe91f23959c8fc7212",
      "Sets": {
        "1": [
          "numraidf"
        ],
        "2": [
          "A la conquete des nombres (France)"
        ]
      },
      "Size": 4194304,
      "Publishers": [
        0
      ],
      "CloneOf": "numraid",
      "ReleaseDate": "1/1/2005",
      "Regions": [
        "FR"
      ],
      "Languages": [
        "fr"
      ]
    },
    {
      "Titles": [
        "Adibou - A La Recherche De Robitoc"
      ],
      "Serials": [
        "50012475A"
      ],
      "Sha1s2Md5": "9da487481de56eb3b5ea87b797eff3aa",
      "Crcs2Md5": "4400665b90d2dbed8e4f14cef0032fe8",
      "Sets": {
        "1": [
          "adibou"
        ],
        "2": [
          "Adibou - A la recherche de Robitoc (France)"
        ]
      },
      "Size": 8388608,
      "Publishers": [
        0
      ],
      "ReleaseDate": "1/1/2006",
      "Regions": [
        "FR"
      ],
      "Languages": [
        "fr"
      ]
    },
    {
      "Titles": [
        "Animal Genius"
      ],
      "Serials": [
        "50012293A"
      ],
      "Sha1s2Md5": "bee1ed52f6ef4fe2879fb5676fb858db",
      "Crcs2Md5": "fbc05357fc86de6e098a9fb2a7bb1737",
      "Sets": {
        "1": [
          "anigeni"
        ],
        "2": [
          "Animal Genius (USA)"
        ]
      },
      "Size": 8388608,
      "Publishers": [
        0
      ],
      "ReleaseDate": "1/1/2005",
      "Regions": [
        "US"
      ],
      "Languages": [
        "en"
      ]
    },
    {
      "Titles": [
        "Batman - Multipliziere, dividiere und regiere",
        "Batman, The - Multipliziere, dividiere und regiere"
      ],
      "Serials": [
        "50011972A"
      ],
      "Sha1s2Md5": "cecb18ca48463fbdcfb7876d53f7faaa",
      "Crcs2Md5": "0176fa26ba677eb0fe151b12b9fab051",
      "Sets": {
        "1": [
          "batmang"
        ],
        "2": [
          "Batman, The - Multipliziere, dividiere und regiere (Germany)"
        ]
      },
      "Size": 8388608,
      "Publishers": [
        0
      ],
      "CloneOf": "batman",
      "ReleaseDate": "1/1/2003",
      "Regions": [
        "DE"
      ],
      "Languages": [
        "de"
      ]
    },
    {
      "Titles": [
        "Batman - Strength in Numbers",
        "Batman, The - Strength in Numbers"
      ],
      "Serials": [
        "50012711A"
      ],
      "Sha1s2Md5": "a2949791a9bc5b6da36a07a7ed63dc24",
      "Crcs2Md5": "9656e6c0e12bd8abcd980db8eded65ed",
      "Sets": {
        "1": [
          "batman"
        ],
        "2": [
          "Batman, The - Strength in Numbers (USA)"
        ]
      },
      "Size": 8388608,
      "Publishers": [
        0
      ],
      "ReleaseDate": "1/1/2003",
      "Regions": [
        "US"
      ],
      "Languages": [
        "en"
      ]
    },
    {
      "Titles": [
        "Bob Leponge - Heros D'un Jour",
        "Bob l'eponge - Heros d'un jour"
      ],
      "Serials": [
        "50012415A"
      ],
      "Sha1s2Md5": "102aee2d2c55aa4ffb342968a23ac0de",
      "Crcs2Md5": "be6826e1f0b93e94ff43e531f4db1fcc",
      "Sets": {
        "1": [
          "spongebf"
        ],
        "2": [
          "Bob l'eponge - Heros d'un jour (France)"
        ]
      },
      "Size": 8388608,
      "Publishers": [
        0
      ],
      "CloneOf": "spongeb",
      "ReleaseDate": "1/1/2006",
      "Regions": [
        "FR"
      ],
      "Languages": [
        "fr"
      ]
    },
    {
      "Titles": [
        "Buscando a Nemo - Leer Bajo el Mar"
      ],
      "Serials": [
        "50012227A"
      ],
      "Sha1s2Md5": "44f5c1fd19b3867d2a5acc31cc0c4a90",
      "Crcs2Md5": "bd3c80cf67d728d036c341a794535e03",
      "Sets": {
        "1": [
          "findnemos"
        ]
      },
      "Size": 8388608,
      "Publishers": [
        0
      ],
      "CloneOf": "findnemo",
      "ReleaseDate": "1/1/2003"
    },
    {
      "Titles": [
        "Cars"
      ],
      "Serials": [
        "50012098A"
      ],
      "Sha1s2Md5": "b45cf0a03ce18b41cc9e07bd1cd59cb7",
      "Crcs2Md5": "b4e9574eff259d42dfdeec9539143aba",
      "Sets": {
        "1": [
          "cars"
        ],
        "2": [
          "Cars (USA)"
        ]
      },
      "Size": 8388608,
      "Publishers": [
        0
      ],
      "ReleaseDate": "1/1/2003",
      "Regions": [
        "US"
      ],
      "Languages": [
        "en"
      ]
    },
    {
      "Titles": [
        "Cars"
      ],
      "Serials": [
        "50012414A"
      ],
      "Sha1s2Md5": "58516dd2cf27a11f3946306ddb379cb4",
      "Crcs2Md5": "a4963dc23dfc074a5742d98b24b2c349",
      "Sets": {
        "1": [
          "carsf"
        ],
        "2": [
          "Cars (France)"
        ]
      },
      "Size": 8388608,
      "Publishers": [
        0
      ],
      "CloneOf": "cars",
      "ReleaseDate": "1/1/2006",
      "Regions": [
        "FR"
      ],
      "Languages": [
        "fr"
      ]
    },
    {
      "Titles": [
        "Cars"
      ],
      "Serials": [
        "50012171A"
      ],
      "Sha1s2Md5": "a4f33ab358692cfe587f7c010ada0e7b",
      "Crcs2Md5": "a6caa6c2c4106e151799a9b8b894a8ae",
      "Sets": {
        "1": [
          "carsg"
        ],
        "2": [
          "Cars (Germany)"
        ]
      },
      "Size": 8388608,
      "Publishers": [
        0
      ],
      "CloneOf": "cars",
      "ReleaseDate": "1/1/2003",
      "Regions": [
        "DE"
      ],
      "Languages": [
        "de"
      ]
    },
    {
      "Titles": [
        "Cars"
      ],
      "Serials": [
        "50012223A"
      ],
      "Sha1s2Md5": "7ce3ba1a2be1dcc5923c7e86be69ca36",
      "Crcs2Md5": "cd3202ffa577275207158fbbd849a1ed",
      "Sets": {
        "1": [
          "carss"
        ],
        "2": [
          "Cars (Spain)"
        ]
      },
      "Size": 8388608,
      "Publishers": [
        0
      ],
      "CloneOf": "cars",
      "ReleaseDate": "1/1/2006",
      "Regions": [
        "ES"
      ],
      "Languages": [
        "es"
      ]
    },
    {
      "Titles": [
        "Cars - Supercharged"
      ],
      "Serials": [
        "50012712A"
      ],
      "Sha1s2Md5": "045e7df3f6b4a04c2780a7116ba7e2ff",
      "Crcs2Md5": "681626b2dc244855f37ad849d0b87cf6",
      "Sets": {
        "1": [
          "carssc"
        ],
        "2": [
          "Cars - Supercharged (USA)"
        ]
      },
      "Size": 8388608,
      "Publishers": [
        0
      ],
      "ReleaseDate": "1/1/2003",
      "Regions": [
        "US"
      ],
      "Languages": [
        "en"
      ]
    },
    {
      "Titles": [
        "Cars 2"
      ],
      "Serials": [
        "50014320A"
      ],
      "Sha1s2Md5": "2bb2693a78bc7564edb75f481a03ca2d",
      "Crcs2Md5": "ac341513667b7022fc583954d3e6069f",
      "Sets": {
        "1": [
          "cars2"
        ],
        "2": [
          "Cars 2 (USA)"
        ]
      },
      "Size": 8388608,
      "Publishers": [
        0
      ],
      "ReleaseDate": "1/1/2011",
      "Regions": [
        "US"
      ],
      "Languages": [
        "en"
      ]
    },
    {
      "Titles": [
        "Clifford - The Big Red Dog - Reading"
      ],
      "Serials": [
        "50012466A"
      ],
      "Sha1s2Md5": "c598ec5c68c8c63dd6a51dde6c7a5f7d",
      "Crcs2Md5": "3531ca028b5a65b0a261e2575cb1d096",
      "Sets": {
        "1": [
          "clifread"
        ],
        "2": [
          "Clifford - The Big Red Dog - Reading (USA)"
        ]
      },
      "Size": 8388608,
      "Publishers": [
        0
      ],
      "ReleaseDate": "1/1/2003",
      "Regions": [
        "US"
      ],
      "Languages": [
        "en"
      ]
    },
    {
      "Titles": [
        "Cosmic Math - Arcade-Style Learning!",
        "Cosmic Math"
      ],
      "Serials": [
        "50011994A"
      ],
      "Sha1s2Md5": "cbfd348b04fb880a2bfc736cfa500272",
      "Crcs2Md5": "a23eb2b52890b1331a171275e9a9032f",
      "Sets": {
        "1": [
          "cosmicmt"
        ],
        "2": [
          "Cosmic Math (USA)"
        ]
      },
      "Size": 4194304,
      "Publishers": [
        0
      ],
      "ReleaseDate": "1/1/2003",
      "Regions": [
        "US"
      ],
      "Languages": [
        "en"
      ]
    },
    {
      "Titles": [
        "Creature Create"
      ],
      "Serials": [
        "50012677A"
      ],
      "Sha1s2Md5": "a5f038f1463499837c5dd3caf3a35636",
      "Crcs2Md5": "42b6af41011a18f4b6e40558a3ff80c0",
      "Sets": {
        "1": [
          "createcr"
        ],
        "2": [
          "Creature Create (USA)"
        ]
      },
      "Size": 8388608,
      "Publishers": [
        0
      ],
      "ReleaseDate": "1/1/2006",
      "Regions": [
        "US"
      ],
      "Languages": [
        "en"
      ]
    },
    {
      "Titles": [
        "Demo - Herbst 2004 II"
      ],
      "Serials": [
        "50011603A"
      ],
      "Sha1s2Md5": "df33cb9be5e08706503d29f91db12292",
      "Crcs2Md5": "b7636f29f2c06671860d1ac69dbfdf1a",
      "Sets": {
        "1": [
          "demo"
        ],
        "2": [
          "Demo - Herbst 2004 II (Germany)"
        ]
      },
      "Size": 8388608,
      "Publishers": [
        0
      ],
      "ReleaseDate": "1/1/2003",
      "Regions": [
        "DE"
      ],
      "Languages": [
        "de"
      ]
    },
    {
      "Titles": [
        "Digging for Dinosaurs"
      ],
      "Serials": [
        "50013681A"
      ],
      "Sha1s2Md5": "e33d398dd11a23d1f06de8c6dbb4ec61",
      "Crcs2Md5": "009076174271215e04ffa50647a9c21b",
      "Sets": {
        "1": [
          "digdino"
        ],
        "2": [
          "Digging for Dinosaurs (USA)"
        ]
      },
      "Size": 8388608,
      "Publishers": [
        0
      ],
      "ReleaseDate": "1/1/2003",
      "Regions": [
        "US"
      ],
      "Languages": [
        "en"
      ]
    },
    {
      "Titles": [
        "Dis Pourquoi Kirikou"
      ],
      "Serials": [
        "50013366A"
      ],
      "Sha1s2Md5": "b0560756601812d6be47c2b39dc0184f",
      "Crcs2Md5": "6c74697a8482ab825d96f1a95f654821",
      "Sets": {
        "1": [
          "kirikou"
        ],
        "2": [
          "Dis pourquoi Kirikou (France)"
        ]
      },
      "Size": 8388608,
      "Publishers": [
        0
      ],
      "ReleaseDate": "1/1/2008",
      "Regions": [
        "FR"
      ],
      "Languages": [
        "fr"
      ]
    },
    {
      "Titles": [
        "Disney Fairies"
      ],
      "Serials": [
        "50013763A"
      ],
      "Sha1s2Md5": "e95ca6616113d79172708cdaa1ed1b31",
      "Crcs2Md5": "541f3e5ae6bdcd80045485400f33b59c",
      "Sets": {
        "1": [
          "fairiess"
        ],
        "2": [
          "Disney Fairies (Spain)"
        ]
      },
      "Size": 8388608,
      "Publishers": [
        0
      ],
      "ReleaseDate": "1/1/2009",
      "Regions": [
        "ES"
      ],
      "Languages": [
        "es"
      ]
    },
    {
      "Titles": [
        "Disney Princesa - La Magia De Aprender"
      ],
      "Serials": [
        "50012218A"
      ],
      "Sha1s2Md5": "b76643acc52eaea7c30e1719b44e590b",
      "Crcs2Md5": "628421163e00db2d57ad34383162b924",
      "Sets": {
        "1": [
          "princels"
        ],
        "2": [
          "Disney Princesa - La magia de aprender (Spain)"
        ]
      },
      "Size": 8388608,
      "Publishers": [
        0
      ],
      "CloneOf": "princelg",
      "ReleaseDate": "1/1/2006",
      "Regions": [
        "ES"
      ],
      "Languages": [
        "es"
      ]
    },
    {
      "Titles": [
        "Disney Princess"
      ],
      "Serials": [
        "50013514A"
      ],
      "Sha1s2Md5": "cd9700d600f12857d409cf1d13c76771",
      "Crcs2Md5": "443a525f6c594cb8d985f2fe57d5d2c8",
      "Sets": {
        "1": [
          "princess"
        ],
        "2": [
          "Disney Princess (USA)"
        ]
      },
      "Size": 8388608,
      "Publishers": [
        0
      ],
      "ReleaseDate": "1/1/2003",
      "Regions": [
        "US"
      ],
      "Languages": [
        "en"
      ]
    },
    {
      "Titles": [
        "Disney Princess - Worlds of Enchantment"
      ],
      "Serials": [
        "50013448A"
      ],
      "Sha1s2Md5": "dcea35b360b228ec7b25b0fe163e72aa",
      "Crcs2Md5": "1010b5af7b9b7771efe73b4c7448c1a8",
      "Sets": {
        "1": [
          "princwen"
        ],
        "2": [
          "Disney Princess - Worlds of Enchantment (USA)"
        ]
      },
      "Size": 8388608,
      "Publishers": [
        0
      ],
      "Regions": [
        "US"
      ],
      "Languages": [
        "en"
      ]
    },
    {
      "Titles": [
        "Disney Princesse - La Magie D'Apprendre"
      ],
      "Serials": [
        "50012411A"
      ],
      "Sha1s2Md5": "8bb084cce92c349d1221140ec696cffa",
      "Crcs2Md5": "21181d69cf60a8ad8ab3c2c2921abd15",
      "Sets": {
        "1": [
          "princelf"
        ],
        "2": [
          "Disney Princesse - La magie d'apprendre (France)"
        ]
      },
      "Size": 8388608,
      "Publishers": [
        0
      ],
      "CloneOf": "princelg",
      "ReleaseDate": "1/1/2004",
      "Regions": [
        "FR"
      ],
      "Languages": [
        "fr"
      ]
    },
    {
      "Titles": [
        "Disney Prinzessinnen - Zauberhaftes Lernen"
      ],
      "Serials": [
        "50011496A"
      ],
      "Sha1s2Md5": "6d07225aa1258a845a385c67404cae5d",
      "Crcs2Md5": "d5ccd0e9b517280fa71eb1de34ae1ba8",
      "Sets": {
        "1": [
          "princelg"
        ],
        "2": [
          "Disney Prinzessinnen - Zauberhaftes Lernen (Germany)"
        ]
      },
      "Size": 8388608,
      "Publishers": [
        0
      ],
      "ReleaseDate": "1/1/2003",
      "Regions": [
        "DE"
      ],
      "Languages": [
        "de"
      ]
    },
    {
      "Titles": [
        "Don Lápiz - Aprender a Dibujar y Escribir"
      ],
      "Serials": [
        "50012206A"
      ],
      "Sha1s2Md5": "d7d559a2af1a3c30a0cd4f65374d908a",
      "Crcs2Md5": "75b5700d55f6f510dabe64573be13484",
      "Sets": {
        "1": [
          "mrpencils"
        ]
      },
      "Size": 8388608,
      "Publishers": [
        0
      ],
      "CloneOf": "mrpencil",
      "ReleaseDate": "1/1/2003"
    },
    {
      "Titles": [
        "Dora - Retter der Wildnis"
      ],
      "Serials": [
        "50012562B"
      ],
      "Sha1s2Md5": "5062145807ac17f53d18e24cc76b1483",
      "Crcs2Md5": "000458bfa26ada75d4a650c495cd773e",
      "Sets": {
        "1": [
          "dora"
        ],
        "2": [
          "Dora - Retter der Wildnis (Germany)"
        ]
      },
      "Size": 8388608,
      "Publishers": [
        0
      ],
      "ReleaseDate": "1/1/2003",
      "Regions": [
        "DE"
      ],
      "Languages": [
        "de"
      ]
    },
    {
      "Titles": [
        "Dora L'Exploratrice - Au Secours Des Animaux"
      ],
      "Serials": [
        "50012339A"
      ],
      "Sha1s2Md5": "c9d96558e50394997b440238bd5297d1",
      "Crcs2Md5": "be66edcdf0df64a3e828e801bfaca36e",
      "Sets": {
        "1": [
          "doraf"
        ],
        "2": [
          "Dora l'exploratrice - Au secours des animaux (France)"
        ]
      },
      "Size": 8388608,
      "Publishers": [
        0
      ],
      "CloneOf": "dora",
      "ReleaseDate": "1/1/2006",
      "Regions": [
        "FR"
      ],
      "Languages": [
        "fr"
      ]
    },
    {
      "Titles": [
        "Dora L'Exploratrice - Le Pont Casse"
      ],
      "Serials": [
        "50012392A"
      ],
      "Sha1s2Md5": "f56b89acc0df3aa4145ea86836610fe8",
      "Crcs2Md5": "453ef7571acb77bb3cb883563e6cf78e",
      "Sets": {
        "1": [
          "dorapont"
        ],
        "2": [
          "Dora L'exploratrice - Le pont casse (France)"
        ]
      },
      "Size": 4194304,
      "Publishers": [
        0
      ],
      "ReleaseDate": "1/1/2006",
      "Regions": [
        "FR"
      ],
      "Languages": [
        "fr"
      ]
    },
    {
      "Titles": [
        "Dora the Explorer - Camping Adventure"
      ],
      "Serials": [
        "50013405A"
      ],
      "Sha1s2Md5": "c5293d399cfd236f6363c3614ddfbd2b",
      "Crcs2Md5": "2fc7b3d4735b6dbe93c170c6a0a85ac8",
      "Sets": {
        "1": [
          "doraca"
        ],
        "2": [
          "Dora the Explorer - Camping Adventure (USA)"
        ]
      },
      "Size": 8388608,
      "Publishers": [
        0
      ],
      "ReleaseDate": "1/1/2007",
      "Regions": [
        "US"
      ],
      "Languages": [
        "en"
      ]
    },
    {
      "Titles": [
        "Dora the Explorer - Piñata Party!",
        "Dora the Explorer - Pinata Party!"
      ],
      "Serials": [
        "50012161A"
      ],
      "Sha1s2Md5": "2128e8ff52b500c5043e1c7d2ba5726b",
      "Crcs2Md5": "c35a4736c1fe7c6fe4d208d0be46decc",
      "Sets": {
        "1": [
          "dorapp"
        ],
        "2": [
          "Dora the Explorer - Pinata Party! (USA)"
        ]
      },
      "Size": 4194304,
      "Publishers": [
        0
      ],
      "ReleaseDate": "1/1/2006",
      "Regions": [
        "US"
      ],
      "Languages": [
        "en"
      ]
    },
    {
      "Titles": [
        "Dora the Explorer - Wildlife Rescue"
      ],
      "Serials": [
        "50011904A"
      ],
      "Sha1s2Md5": "43d8af64f324b321cfbcf10b7274807c",
      "Crcs2Md5": "1bf38aced58562f95aa3d94327b6e08f",
      "Sets": {
        "1": [
          "dorawr"
        ],
        "2": [
          "Dora the Explorer - Wildlife Rescue (USA) (L-MAX)"
        ]
      },
      "Size": 8388608,
      "Publishers": [
        0
      ],
      "ReleaseDate": "1/1/2005",
      "Regions": [
        "US"
      ],
      "Languages": [
        "en"
      ]
    },
    {
      "Titles": [
        "El Laberinto de las Letras"
      ],
      "Serials": [
        "50012259A"
      ],
      "Sha1s2Md5": "e22c2ef33c8666e571bd5ec07257506d",
      "Crcs2Md5": "aa97e3f23501c60e997a1d4cc1c10166",
      "Sets": {
        "1": [
          "wrdchsrss"
        ]
      },
      "Size": 4194304,
      "Publishers": [
        0
      ],
      "CloneOf": "wrdchsrsg",
      "ReleaseDate": "1/1/2003"
    },
    {
      "Titles": [
        "Findet Nemo"
      ],
      "Serials": [
        "50011495A"
      ],
      "Sha1s2Md5": "28b1f21d4beeb8803bf60951a0c3ba92",
      "Crcs2Md5": "4259f356d661e65b44a55e7b7b500e26",
      "Sets": {
        "1": [
          "findnemog"
        ],
        "2": [
          "Findet Nemo (Germany)"
        ]
      },
      "Size": 8388608,
      "Publishers": [
        0
      ],
      "CloneOf": "findnemo",
      "ReleaseDate": "1/1/2003",
      "Regions": [
        "DE"
      ],
      "Languages": [
        "de"
      ]
    },
    {
      "Titles": [
        "Finding Nemo"
      ],
      "Serials": [
        "50010775A"
      ],
      "Sha1s2Md5": "cd7ed0992c98e622d50f3400cafa9533",
      "Crcs2Md5": "e0096f97b9c02bbef80d1d857d55deac",
      "Sets": {
        "1": [
          "findnemo"
        ],
        "2": [
          "Finding Nemo (USA)"
        ]
      },
      "Size": 8388608,
      "Publishers": [
        0
      ],
      "Regions": [
        "US"
      ],
      "Languages": [
        "en"
      ]
    },
    {
      "Titles": [
        "Foster's Home for Imaginary Friends"
      ],
      "Serials": [
        "50012715A"
      ],
      "Sha1s2Md5": "3ba96a0f85bf2433acefdd32207d451d",
      "Crcs2Md5": "5221bb227a60165dbabb3bd0a22efeb0",
      "Sets": {
        "1": [
          "imagfrnd"
        ],
        "2": [
          "Foster's Home for Imaginary Friends (USA)"
        ]
      },
      "Size": 8388608,
      "Publishers": [
        0
      ],
      "ReleaseDate": "1/1/2003",
      "Regions": [
        "US"
      ],
      "Languages": [
        "en"
      ]
    },
    {
      "Titles": [
        "Get Puzzled!"
      ],
      "Serials": [
        "50012692A"
      ],
      "Sha1s2Md5": "cd0d4fabbb0cc73f7e58621179caac55",
      "Crcs2Md5": "fe33a6e66b69c1c64d344780b22e5822",
      "Sets": {
        "1": [
          "getpuzld"
        ],
        "2": [
          "Get Puzzled! (USA)"
        ]
      },
      "Size": 8388608,
      "Publishers": [
        0
      ],
      "ReleaseDate": "1/1/2003",
      "Regions": [
        "US"
      ],
      "Languages": [
        "en"
      ]
    },
    {
      "Titles": [
        "Go Diego Go! - Animal Rescuer"
      ],
      "Serials": [
        "50013447A"
      ],
      "Sha1s2Md5": "b9746132a8d921a0e2c680490360f0ed",
      "Crcs2Md5": "da01a4ab4220508a94b1861b6ca3d009",
      "Sets": {
        "1": [
          "diegogo"
        ],
        "2": [
          "Go Diego Go! - Animal Rescuer (USA)"
        ]
      },
      "Size": 8388608,
      "Publishers": [
        0
      ],
      "Regions": [
        "US"
      ],
      "Languages": [
        "en"
      ]
    },
    {
      "Titles": [
        "Grundschule 1"
      ],
      "Serials": [
        "50010935A"
      ],
      "Sha1s2Md5": "08cf158ac413d05f8983d2c234b42351",
      "Crcs2Md5": "8d48527d4038902bc6fd929999a91c8c",
      "Sets": {
        "1": [
          "grund1"
        ],
        "2": [
          "Grundschule 1 (Germany)"
        ]
      },
      "Size": 8388608,
      "Publishers": [
        0
      ],
      "ReleaseDate": "1/1/2003",
      "Regions": [
        "DE"
      ],
      "Languages": [
        "de"
      ]
    },
    {
      "Titles": [
        "Grundschule 2 - Musik in Gefahr"
      ],
      "Serials": [
        "50011494A"
      ],
      "Sha1s2Md5": "b1ff5075261ad63fb07276eb26a9bcd4",
      "Crcs2Md5": "61b8304cfd846468fca148a27cb4b993",
      "Sets": {
        "1": [
          "grund2"
        ],
        "2": [
          "Grundschule 2 - Musik in Gefahr (Germany)"
        ]
      },
      "Size": 8388608,
      "Publishers": [
        0
      ],
      "ReleaseDate": "1/1/2003",
      "Regions": [
        "DE"
      ],
      "Languages": [
        "de"
      ]
    },
    {
      "Titles": [
        "I Spy - Treasure Hunt"
      ],
      "Serials": [
        "50013298A"
      ],
      "Sha1s2Md5": "ac397f539caba30a196525315272aa69",
      "Crcs2Md5": "8ec49e9ab28c0e0136369acd10ea71f7",
      "Sets": {
        "1": [
          "ispy"
        ],
        "2": [
          "I Spy - Treasure Hunt (USA)"
        ]
      },
      "Size": 8388608,
      "Publishers": [
        0
      ],
      "ReleaseDate": "1/1/2003",
      "Regions": [
        "US"
      ],
      "Languages": [
        "en"
      ]
    },
    {
      "Titles": [
        "Kindergarten"
      ],
      "Serials": [
        "50010999"
      ],
      "Sha1s2Md5": "af9c40aa976391d397d1703e9085bca5",
      "Crcs2Md5": "9a67f4049798146ea86a9b4c9d949e40",
      "Sets": {
        "1": [
          "kinderga"
        ],
        "2": [
          "Kindergarten (USA)"
        ]
      },
      "Size": 8388608,
      "Publishers": [
        0
      ],
      "ReleaseDate": "1/1/2003",
      "Regions": [
        "US"
      ],
      "Languages": [
        "en"
      ]
    },
    {
      "Titles": [
        "La Conquista de los Números"
      ],
      "Serials": [
        "50012141A"
      ],
      "Sha1s2Md5": "adf4c29997c5fd6b016262b5fa9cde9f",
      "Crcs2Md5": "9f0e611cc8d4d3cdeee36d254a0962c6",
      "Sets": {
        "1": [
          "numraids"
        ]
      },
      "Size": 4194304,
      "Publishers": [
        0
      ],
      "CloneOf": "numraid",
      "ReleaseDate": "1/1/2003"
    },
    {
      "Titles": [
        "La Rivière Des Lapins + L'Atelier De Peinture",
        "La riviere des lapins + L'atelier de peinture"
      ],
      "Serials": [
        "50012393A"
      ],
      "Sha1s2Md5": "1aff066c4a35ea5500eda3382daba772",
      "Crcs2Md5": "b64d6719bf21355d60791b30d0cb68b8",
      "Sets": {
        "1": [
          "riviere"
        ],
        "2": [
          "La riviere des lapins + L'atelier de peinture (France)"
        ]
      },
      "Size": 4194304,
      "Publishers": [
        0
      ],
      "ReleaseDate": "1/1/2006",
      "Regions": [
        "FR"
      ],
      "Languages": [
        "fr"
      ]
    },
    {
      "Titles": [
        "Lapin Malin - Danse Avec Les Mots"
      ],
      "Serials": [
        "50012800A"
      ],
      "Sha1s2Md5": "ebf0cb5ecb254e3e7aa7947aeaf9aace",
      "Crcs2Md5": "3f58efcabe33550239fa65e87c2a54aa",
      "Sets": {
        "1": [
          "rrabbitf"
        ],
        "2": [
          "Lapin Malin - Danse avec les mots (France)"
        ]
      },
      "Size": 8388608,
      "Publishers": [
        0
      ],
      "ReleaseDate": "1/1/2007",
      "Regions": [
        "FR"
      ],
      "Languages": [
        "fr"
      ]
    },
    {
      "Titles": [
        "Learning with Leap"
      ],
      "Serials": [
        "50010093"
      ],
      "Sha1s2Md5": "602c2e86d3c629174b4c644ea817d946",
      "Crcs2Md5": "6c8e265532d5f7a100bd8bdae8d8e930",
      "Sets": {
        "1": [
          "lernleap"
        ],
        "2": [
          "Learning with Leap (USA)"
        ]
      },
      "Size": 8388608,
      "Publishers": [
        0
      ],
      "ReleaseDate": "1/1/2003",
      "Regions": [
        "US"
      ],
      "Languages": [
        "en"
      ]
    },
    {
      "Titles": [
        "Lernen mit Leap"
      ],
      "Serials": [
        "50011078A"
      ],
      "Sha1s2Md5": "2e2591f8e1523c79f1d407cf75c29bf9",
      "Crcs2Md5": "48f1f4e706acbc901b5b4dd0af78fd04",
      "Sets": {
        "1": [
          "lernleapg"
        ],
        "2": [
          "Lernen mit Leap (Germany)"
        ]
      },
      "Size": 8388608,
      "Publishers": [
        0
      ],
      "CloneOf": "lernleap",
      "ReleaseDate": "1/1/2003",
      "Regions": [
        "DE"
      ],
      "Languages": [
        "de"
      ]
    },
    {
      "Titles": [
        "Lernst du Malen & Schreiben - Mit Bruno Bleistift",
        "Mit Bruno Bleistift lernst du Malen & Schreiben"
      ],
      "Serials": [
        "50011493A"
      ],
      "Sha1s2Md5": "9fcbcab9bbcf9b4cf04a49c6e835346b",
      "Crcs2Md5": "4d0f406602b69386b7fdc7b4cc016798",
      "Sets": {
        "1": [
          "brunobls"
        ],
        "2": [
          "Mit Bruno Bleistift lernst du Malen & Schreiben (Germany)"
        ]
      },
      "Size": 8388608,
      "Publishers": [
        0
      ],
      "Regions": [
        "DE"
      ],
      "Languages": [
        "de"
      ]
    },
    {
      "Titles": [
        "Letterpillar"
      ],
      "Serials": [
        "50012350A"
      ],
      "Sha1s2Md5": "8a028c74b16385ae237b7fdecb28cc5a",
      "Crcs2Md5": "90d048a3465395866d0d000ca14f29b5",
      "Sets": {
        "1": [
          "letrpilr"
        ],
        "2": [
          "Letterpillar (USA) (Rev 1)"
        ]
      },
      "Version": "Rev 1",
      "Size": 4194304,
      "Publishers": [
        0
      ],
      "ReleaseDate": "1/1/2005",
      "Regions": [
        "US"
      ],
      "Languages": [
        "en"
      ]
    },
    {
      "Titles": [
        "Letterpillar"
      ],
      "Serials": [
        "50011995A"
      ],
      "Sha1s2Md5": "7b73eb5974240b7935de453160f03edd",
      "Crcs2Md5": "cd011af20f070e096b50a38004d5446e",
      "Sets": {
        "1": [
          "letrpilr10"
        ]
      },
      "Size": 4194304,
      "Publishers": [
        0
      ],
      "CloneOf": "letrpilr",
      "ReleaseDate": "1/1/2005",
      "Regions": [
        "US"
      ],
      "Languages": [
        "en"
      ]
    },
    {
      "Titles": [
        "Letters on the Loose"
      ],
      "Serials": [
        "50011779A"
      ],
      "Sha1s2Md5": "84608a1a8119068635de2d52feff2448",
      "Crcs2Md5": "c9ee1343ec2c6a8ab7cd8d3090327a02",
      "Sets": {
        "1": [
          "lettontl"
        ],
        "2": [
          "Letters on the Loose (USA) (L-MAX)"
        ]
      },
      "Size": 8388608,
      "Publishers": [
        0
      ],
      "ReleaseDate": "1/1/2005",
      "Regions": [
        "US"
      ],
      "Languages": [
        "en"
      ]
    },
    {
      "Titles": [
        "Madagascar"
      ],
      "Serials": [
        "50011202A"
      ],
      "Sha1s2Md5": "46e55a09aa0744b5f249dfeab916f3ca",
      "Crcs2Md5": "193bcc6d602a02faaab3cbc3394c5160",
      "Sets": {
        "1": [
          "madagasc"
        ],
        "2": [
          "Madagascar (USA) (L-MAX)"
        ]
      },
      "Size": 8388608,
      "Publishers": [
        0
      ],
      "ReleaseDate": "1/1/2005",
      "Regions": [
        "US"
      ],
      "Languages": [
        "en"
      ]
    },
    {
      "Titles": [
        "Mr. Pencil's Learn to Draw & Write"
      ],
      "Serials": [
        "50011003"
      ],
      "Sha1s2Md5": "e5a566ed585413d493dc68332a7158c4",
      "Crcs2Md5": "35469a0f98af5282152e0b6b0483a043",
      "Sets": {
        "1": [
          "mrpencil"
        ],
        "2": [
          "Mr. Pencil's Learn to Draw & Write (USA)"
        ]
      },
      "Size": 8388608,
      "Publishers": [
        0
      ],
      "ReleaseDate": "1/1/2003",
      "Regions": [
        "US"
      ],
      "Languages": [
        "en"
      ]
    },
    {
      "Titles": [
        "My Amusement Park"
      ],
      "Serials": [
        "50013682A"
      ],
      "Sha1s2Md5": "827746df00cf7d51d8cd83debfe7990b",
      "Crcs2Md5": "389b27b614b75f1d01c76845b20af208",
      "Sets": {
        "1": [
          "amuspark"
        ],
        "2": [
          "My Amusement Park (USA)"
        ]
      },
      "Size": 8388608,
      "Publishers": [
        0
      ],
      "ReleaseDate": "1/1/2003",
      "Regions": [
        "US"
      ],
      "Languages": [
        "en"
      ]
    },
    {
      "Titles": [
        "NASCAR"
      ],
      "Serials": [
        "50012099A"
      ],
      "Sha1s2Md5": "e69ff1346ddb531992fb4c2b8b8ddfe6",
      "Crcs2Md5": "38a40f7ede5ee2061d6b11f9fdc87557",
      "Sets": {
        "1": [
          "nascar"
        ],
        "2": [
          "NASCAR (USA) (L-MAX)"
        ]
      },
      "Size": 8388608,
      "Publishers": [
        0
      ],
      "ReleaseDate": "1/1/2005",
      "Regions": [
        "US"
      ],
      "Languages": [
        "en"
      ]
    },
    {
      "Titles": [
        "Number Raiders - Arcade-Style Learning",
        "Number Raiders"
      ],
      "Serials": [
        "50011993A"
      ],
      "Sha1s2Md5": "88a93ed3876715aaf30b961bba83d3b9",
      "Crcs2Md5": "bc4da0a0aa25cdc9f18b00f4d8ad317f",
      "Sets": {
        "1": [
          "numraid"
        ],
        "2": [
          "Number Raiders (USA)"
        ]
      },
      "Size": 4194304,
      "Publishers": [
        0
      ],
      "ReleaseDate": "1/1/2005",
      "Regions": [
        "US"
      ],
      "Languages": [
        "en"
      ]
    },
    {
      "Titles": [
        "Numbers on the Run - Counting on Zero",
        "Numbers on the Run"
      ],
      "Serials": [
        "50011777A"
      ],
      "Sha1s2Md5": "1e0e9f5339a40e8158d7c301c75451e2",
      "Crcs2Md5": "204e7b64f0a5756ecada209bbe949e8d",
      "Sets": {
        "1": [
          "numbrun"
        ],
        "2": [
          "Numbers on the Run (USA) (L-MAX)"
        ]
      },
      "Size": 8388608,
      "Publishers": [
        0
      ],
      "Regions": [
        "US"
      ],
      "Languages": [
        "en"
      ]
    },
    {
      "Titles": [
        "Oui-Oui - Aventures Au Pays Des Jouets"
      ],
      "Serials": [
        "50012799A"
      ],
      "Sha1s2Md5": "aff4d9892d55fd4ae58e05e5c340fac1",
      "Crcs2Md5": "b6251de8e13c2edff32de1c80ae9a1ee",
      "Sets": {
        "1": [
          "noddyf"
        ],
        "2": [
          "Oui-Oui - Aventures au Pays des Jouets (France)"
        ]
      },
      "Size": 8388608,
      "Publishers": [
        0
      ],
      "ReleaseDate": "1/1/2007",
      "Regions": [
        "FR"
      ],
      "Languages": [
        "fr"
      ]
    },
    {
      "Titles": [
        "Perrito Club - ¡Adopta Un Nuevo Amiguito Y Aprende!",
        "Perrito Club - Adopta un nuevo amiguito y aprende!"
      ],
      "Serials": [
        "50012824A"
      ],
      "Sha1s2Md5": "be3ec60accdc6e5737b56c7c5befc38e",
      "Crcs2Md5": "2ead93d48f23525809154b1c7062d9c2",
      "Sets": {
        "1": [
          "petpalss"
        ],
        "2": [
          "Perrito Club - Adopta un nuevo amiguito y aprende! (Spain)"
        ]
      },
      "Size": 8388608,
      "Publishers": [
        0
      ],
      "CloneOf": "petpals",
      "ReleaseDate": "1/1/2007",
      "Regions": [
        "ES"
      ],
      "Languages": [
        "es"
      ]
    },
    {
      "Titles": [
        "Pet Pals"
      ],
      "Serials": [
        "50013446A"
      ],
      "Sha1s2Md5": "fcd06d65681319fbaa0a8bb79a11e1c6",
      "Crcs2Md5": "1f48ac95de0d8d9296ac6d5f0b52ba8b",
      "Sets": {
        "1": [
          "petpals"
        ],
        "2": [
          "Pet Pals (USA)"
        ]
      },
      "Size": 8388608,
      "Publishers": [
        0
      ],
      "ReleaseDate": "1/1/2003",
      "Regions": [
        "US"
      ],
      "Languages": [
        "en"
      ]
    },
    {
      "Titles": [
        "Ratatouille"
      ],
      "Serials": [
        "50013445A"
      ],
      "Sha1s2Md5": "fbe30b82fb4ec2ecd09ef4326726115b",
      "Crcs2Md5": "74e4ec37179cd6dc46c42a071111e372",
      "Sets": {
        "1": [
          "ratat"
        ],
        "2": [
          "Ratatouille (USA)"
        ]
      },
      "Size": 8388608,
      "Publishers": [
        0
      ],
      "ReleaseDate": "1/1/2006",
      "Regions": [
        "US"
      ],
      "Languages": [
        "en"
      ]
    },
    {
      "Titles": [
        "Ratatouille"
      ],
      "Serials": [
        "50012674A"
      ],
      "Sha1s2Md5": "757e8e8d6fb9b4f4618f2becacab73a7",
      "Crcs2Md5": "bd1e0759c39254360f6a8fa828995e01",
      "Sets": {
        "1": [
          "ratatf"
        ],
        "2": [
          "Ratatouille (France)"
        ]
      },
      "Size": 8388608,
      "Publishers": [
        0
      ],
      "CloneOf": "ratat",
      "ReleaseDate": "1/1/2007",
      "Regions": [
        "FR"
      ],
      "Languages": [
        "fr"
      ]
    },
    {
      "Titles": [
        "Ratatouille"
      ],
      "Serials": [
        "50012738A"
      ],
      "Sha1s2Md5": "caffae6283d3e165ba9b6a4ea6a120ae",
      "Crcs2Md5": "41707b8e3f4288697098065070423d51",
      "Sets": {
        "1": [
          "ratatg"
        ],
        "2": [
          "Ratatouille (Germany)"
        ]
      },
      "Size": 8388608,
      "Publishers": [
        0
      ],
      "CloneOf": "ratat",
      "ReleaseDate": "1/1/2003",
      "Regions": [
        "DE"
      ],
      "Languages": [
        "de"
      ]
    },
    {
      "Titles": [
        "Reading with Phonics - Mole's Huge Nose"
      ],
      "Serials": [
        "50010829A"
      ],
      "Sha1s2Md5": "933ccd05360eee11431d48734a894d7a",
      "Crcs2Md5": "2ce889c81e9d636022b40f2022f536a1",
      "Sets": {
        "1": [
          "hugenose"
        ],
        "2": [
          "Reading with Phonics - Mole's Huge Nose (USA)"
        ]
      },
      "Size": 8388608,
      "Publishers": [
        0
      ],
      "ReleaseDate": "1/1/2003",
      "Regions": [
        "US"
      ],
      "Languages": [
        "en"
      ]
    },
    {
      "Titles": [
        "Scholastic I Spy - Challenger",
        "I Spy - Challenger"
      ],
      "Serials": [
        "50011929A"
      ],
      "Sha1s2Md5": "f4fa3612000d4d1bdf33863885a5e765",
      "Crcs2Md5": "ad26faeee9fa39af286db849b8575a52",
      "Sets": {
        "1": [
          "ispychl"
        ],
        "2": [
          "I Spy - Challenger (USA)"
        ]
      },
      "Size": 8388608,
      "Publishers": [
        0
      ],
      "ReleaseDate": "1/1/2005",
      "Regions": [
        "US"
      ],
      "Languages": [
        "en"
      ]
    },
    {
      "Titles": [
        "Scholastic OutWit!",
        "OutWit!"
      ],
      "Serials": [
        "50013299A"
      ],
      "Sha1s2Md5": "00947e28765243b4f86b87f0323ee909",
      "Crcs2Md5": "aa0ea9577d6e9adcdc2b6366a135fc42",
      "Sets": {
        "1": [
          "scoutwit"
        ],
        "2": [
          "OutWit! (USA)"
        ]
      },
      "Size": 8388608,
      "Publishers": [
        0
      ],
      "ReleaseDate": "1/1/2008",
      "Regions": [
        "US"
      ],
      "Languages": [
        "en"
      ]
    },
    {
      "Titles": [
        "Scooby Doo!",
        "Scooby-Doo!"
      ],
      "Serials": [
        "50014005A"
      ],
      "Sha1s2Md5": "1779e2f1d8b039283ac44fd3b640965b",
      "Crcs2Md5": "94fafca5e095811b6067f364b1e21248",
      "Sets": {
        "1": [
          "scooby"
        ],
        "2": [
          "Scooby-Doo! (USA)"
        ]
      },
      "Size": 8388608,
      "Publishers": [
        0
      ],
      "ReleaseDate": "1/1/2009",
      "Regions": [
        "US"
      ],
      "Languages": [
        "en"
      ]
    },
    {
      "Titles": [
        "Scooby-Doo! - Et Les Nombres Fous!",
        "Scooby-Doo! - Et les nombres fous !"
      ],
      "Serials": [
        "50012629A"
      ],
      "Sha1s2Md5": "2628d5a01def3020cf694f6fc01af943",
      "Crcs2Md5": "2c66e967cbb79c86b73713ff7027b370",
      "Sets": {
        "1": [
          "scoobsnkf"
        ],
        "2": [
          "Scooby-Doo! - Et les nombres fous ! (France)"
        ]
      },
      "Size": 4194304,
      "Publishers": [
        0
      ],
      "CloneOf": "scoobsnk",
      "ReleaseDate": "1/1/2006",
      "Regions": [
        "FR"
      ],
      "Languages": [
        "fr"
      ]
    },
    {
      "Titles": [
        "Scooby-Doo! - Spooky Snacks!"
      ],
      "Serials": [
        "50012160A"
      ],
      "Sha1s2Md5": "674e5f83cffb9432ffd06b652a234c0f",
      "Crcs2Md5": "4445cfb73dfce664bd8a4aa338a8daa7",
      "Sets": {
        "1": [
          "scoobsnk"
        ],
        "2": [
          "Scooby-Doo! - Spooky Snacks! (USA)"
        ]
      },
      "Size": 4194304,
      "Publishers": [
        0
      ],
      "ReleaseDate": "1/1/2005",
      "Regions": [
        "US"
      ],
      "Languages": [
        "en"
      ]
    },
    {
      "Titles": [
        "SonicX",
        "Sonic X"
      ],
      "Serials": [
        "50012296A"
      ],
      "Sha1s2Md5": "3fe1eb02b93bc6bfdf5618692040c423",
      "Crcs2Md5": "052fd308d140dfa03f903b5c96ca0079",
      "Sets": {
        "1": [
          "sonicx"
        ],
        "2": [
          "Sonic X (USA)"
        ]
      },
      "Size": 8388608,
      "Publishers": [
        0
      ],
      "ReleaseDate": "1/1/2003",
      "Regions": [
        "US"
      ],
      "Languages": [
        "en"
      ]
    },
    {
      "Titles": [
        "Spider-Man - El Caso de Las Letras Revueltas"
      ],
      "Serials": [
        "50012210A"
      ],
      "Sha1s2Md5": "25f19732b30ce0abed4b75bbededd7ce",
      "Crcs2Md5": "d62185c3e5cf0e3e63235b06d0b43fb8",
      "Sets": {
        "1": [
          "spidermns"
        ]
      },
      "Size": 8388608,
      "Publishers": [
        0
      ],
      "CloneOf": "spidermn",
      "ReleaseDate": "1/1/2003"
    },
    {
      "Titles": [
        "Spider-Man - L'Affaire Des Mots Mystères",
        "Spider-Man - L'affaire des mots mysteres"
      ],
      "Serials": [
        "50012416A"
      ],
      "Sha1s2Md5": "1e7f5011e112b2b70165869163291660",
      "Crcs2Md5": "c02f4346f4b11b338a40e946ee9c0fc7",
      "Sets": {
        "1": [
          "spidermnf"
        ],
        "2": [
          "Spider-Man - L'affaire des mots mysteres (France)"
        ]
      },
      "Size": 8388608,
      "Publishers": [
        0
      ],
      "CloneOf": "spidermn",
      "ReleaseDate": "1/1/2006",
      "Regions": [
        "FR"
      ],
      "Languages": [
        "fr"
      ]
    },
    {
      "Titles": [
        "Spider-Man - Schachmatt den Schildersaboteuren!"
      ],
      "Serials": [
        "50011497A"
      ],
      "Sha1s2Md5": "da4f55dec8b7af116e2c278f0af13ac1",
      "Crcs2Md5": "b26ccef5c04e6f42ab2e1cf391db7f53",
      "Sets": {
        "1": [
          "spidermng"
        ],
        "2": [
          "Spider-Man - Schachmatt den Schildersaboteuren! (Germany)"
        ]
      },
      "Size": 8388608,
      "Publishers": [
        0
      ],
      "CloneOf": "spidermn",
      "ReleaseDate": "1/1/2003",
      "Regions": [
        "DE"
      ],
      "Languages": [
        "de"
      ]
    },
    {
      "Titles": [
        "Spider-Man - The Case of the Sinister Speller"
      ],
      "Serials": [
        "50010825A"
      ],
      "Sha1s2Md5": "6ea1e981626114048c308758fd629842",
      "Crcs2Md5": "deec90d445d2e71d1f4a9bea7f91b21e",
      "Sets": {
        "1": [
          "spidermn"
        ],
        "2": [
          "Spider-Man - The Case of the Sinister Speller (USA)"
        ]
      },
      "Size": 8388608,
      "Publishers": [
        0
      ],
      "ReleaseDate": "1/1/2003",
      "Regions": [
        "US"
      ],
      "Languages": [
        "en"
      ]
    },
    {
      "Titles": [
        "Spider-Man - The Case of the Sinister Speller"
      ],
      "Serials": [
        "50011903A"
      ],
      "Sha1s2Md5": "9bc06684dbb1cdcb295a786ac43b00f3",
      "Crcs2Md5": "22244293264f963ae9b74e69d9bf7b12",
      "Sets": {
        "1": [
          "spidermnlm"
        ],
        "2": [
          "Spider-Man - The Case of the Sinister Speller (USA) (L-MAX)"
        ]
      },
      "Size": 8388608,
      "Publishers": [
        0
      ],
      "CloneOf": "spidermn",
      "ReleaseDate": "1/1/2005",
      "Regions": [
        "US"
      ],
      "Languages": [
        "en"
      ]
    },
    {
      "Titles": [
        "Spongebob Schwammkopf - Zeitreise durch das Wurmloch"
      ],
      "Serials": [
        "50013273A"
      ],
      "Sha1s2Md5": "dc2e0263ac476498fa4d188328bf3bf7",
      "Crcs2Md5": "f98b68271579379ddb1a80cb07a07984",
      "Sets": {
        "1": [
          "spongewrmg"
        ],
        "2": [
          "Spongebob Schwammkopf - Zeitreise durch das Wurmloch (Germany)"
        ]
      },
      "Size": 4194304,
      "Publishers": [
        0
      ],
      "CloneOf": "spongewrm",
      "ReleaseDate": "1/1/2003",
      "Regions": [
        "DE"
      ],
      "Languages": [
        "de"
      ]
    },
    {
      "Titles": [
        "Spongebob Schwammkopf Hat Alles im Griff"
      ],
      "Serials": [
        "50010933A"
      ],
      "Sha1s2Md5": "8f58bafd3fa02a07b4cc5444bd08f490",
      "Crcs2Md5": "43bb03a58aa5351a1b38bfdeb9920492",
      "Sets": {
        "1": [
          "spongebg"
        ],
        "2": [
          "Spongebob Schwammkopf hat alles im Griff (Germany)"
        ]
      },
      "Size": 8388608,
      "Publishers": [
        0
      ],
      "CloneOf": "spongeb",
      "ReleaseDate": "1/1/2003",
      "Regions": [
        "DE"
      ],
      "Languages": [
        "de"
      ]
    },
    {
      "Titles": [
        "Spongebob Squarepants - Saves the Day"
      ],
      "Serials": [
        "50011002"
      ],
      "Sha1s2Md5": "be77b1b534360f464bdb2e1c0a6635e0",
      "Crcs2Md5": "069c919601f3f43cf77fb1e58c28992e",
      "Sets": {
        "1": [
          "spongeb"
        ],
        "2": [
          "Spongebob Squarepants - Saves the Day (USA)"
        ]
      },
      "Size": 8388608,
      "Publishers": [
        0
      ],
      "ReleaseDate": "1/1/2003",
      "Regions": [
        "US"
      ],
      "Languages": [
        "en"
      ]
    },
    {
      "Titles": [
        "Spongebob Squarepants - Saves the Day"
      ],
      "Serials": [
        "50011905A"
      ],
      "Sha1s2Md5": "16607d16803266b9c202ea6707f62aa0",
      "Crcs2Md5": "70aca11c7ed20d0264372cf471e0e47f",
      "Sets": {
        "1": [
          "spongeblm"
        ],
        "2": [
          "Spongebob Squarepants - Saves the Day (USA) (L-MAX)"
        ]
      },
      "Size": 8388608,
      "Publishers": [
        0
      ],
      "CloneOf": "spongeb",
      "ReleaseDate": "1/1/2005",
      "Regions": [
        "US"
      ],
      "Languages": [
        "en"
      ]
    },
    {
      "Titles": [
        "Spongebob Squarepants - Through The Wormhole"
      ],
      "Serials": [
        "50012719A"
      ],
      "Sha1s2Md5": "9ff15157d8729d3bcf8094c902fd30c2",
      "Crcs2Md5": "0766abdbe521faa979e76a04d29cae6b",
      "Sets": {
        "1": [
          "spongewrm"
        ],
        "2": [
          "SpongeBob SquarePants - Through the Wormhole (USA)"
        ]
      },
      "Size": 4194304,
      "Publishers": [
        0
      ],
      "ReleaseDate": "1/1/2003",
      "Regions": [
        "US"
      ],
      "Languages": [
        "en"
      ]
    },
    {
      "Titles": [
        "Star Wars - Jedi Math"
      ],
      "Serials": [
        "50013306A"
      ],
      "Sha1s2Md5": "7b8fdb0031665309a497fc0b722b2c40",
      "Crcs2Md5": "316448664bf89507e8e0aadc7cf8e596",
      "Sets": {
        "1": [
          "jedimath"
        ],
        "2": [
          "Star Wars - Jedi Math (USA)"
        ]
      },
      "Size": 8388608,
      "Publishers": [
        0
      ],
      "ReleaseDate": "1/1/2003",
      "Regions": [
        "US"
      ],
      "Languages": [
        "en"
      ]
    },
    {
      "Titles": [
        "Star Wars - Jedi Reading"
      ],
      "Serials": [
        "50013472A"
      ],
      "Sha1s2Md5": "ae61a71e69d9071e4e1f95b63b048119",
      "Crcs2Md5": "8f0342a2b8320807005665026d755daf",
      "Sets": {
        "1": [
          "swjedir"
        ],
        "2": [
          "Star Wars - Jedi Reading (USA)"
        ]
      },
      "Size": 8388608,
      "Publishers": [
        0
      ],
      "ReleaseDate": "1/1/2008",
      "Regions": [
        "US"
      ],
      "Languages": [
        "en"
      ]
    },
    {
      "Titles": [
        "Star Wars - Matemáticas Jedi",
        "Star Wars - Matematicas Jedi"
      ],
      "Serials": [
        "50013417A"
      ],
      "Sha1s2Md5": "1a73798e1fa47f944eeb3317cf9204d7",
      "Crcs2Md5": "37909eaf5487f0f008f0ad02a80616c7",
      "Sets": {
        "1": [
          "jedimaths"
        ],
        "2": [
          "Star Wars - Matematicas Jedi (Spain)"
        ]
      },
      "Size": 8388608,
      "Publishers": [
        0
      ],
      "CloneOf": "jedimath",
      "ReleaseDate": "1/1/2008",
      "Regions": [
        "ES"
      ],
      "Languages": [
        "es"
      ]
    },
    {
      "Titles": [
        "Talking WORDS Factory"
      ],
      "Serials": [
        "50011006"
      ],
      "Sha1s2Md5": "7bd1fd572be39547abc9cb9715e0f6b8",
      "Crcs2Md5": "dce877b4b58d3c252de39b4e129dbff3",
      "Sets": {
        "1": [
          "talkingw"
        ],
        "2": [
          "Talking Words Factory (USA)"
        ]
      },
      "Size": 16777216,
      "Publishers": [
        0
      ],
      "ReleaseDate": "1/1/2003",
      "Regions": [
        "US"
      ],
      "Languages": [
        "en"
      ]
    },
    {
      "Titles": [
        "The Backyardigans",
        "Backyardigans, The"
      ],
      "Serials": [
        "50013453A"
      ],
      "Sha1s2Md5": "4e5321556e0ff1ce936ba5653bc6468a",
      "Crcs2Md5": "5d42ce0febf3fa119596d2f9109dd086",
      "Sets": {
        "1": [
          "backyard"
        ],
        "2": [
          "Backyardigans, The (USA)"
        ]
      },
      "Size": 8388608,
      "Publishers": [
        0
      ],
      "ReleaseDate": "1/1/2003",
      "Regions": [
        "US"
      ],
      "Languages": [
        "en"
      ]
    },
    {
      "Titles": [
        "The Batman - El Poder De Los Números",
        "Batman, The - El poder de los numeros"
      ],
      "Serials": [
        "50012830A"
      ],
      "Sha1s2Md5": "d3d5f44db2e968dfb49f23504471542e",
      "Crcs2Md5": "eb2baab4de10a618da2fa001b5c0957f",
      "Sets": {
        "1": [
          "batmans"
        ],
        "2": [
          "Batman, The - El poder de los numeros (Spain)"
        ]
      },
      "Size": 8388608,
      "Publishers": [
        0
      ],
      "CloneOf": "batman",
      "ReleaseDate": "1/1/2007",
      "Regions": [
        "ES"
      ],
      "Languages": [
        "es"
      ]
    },
    {
      "Titles": [
        "The Disney-Pixar Collection"
      ],
      "Serials": [
        "50014492A"
      ],
      "Sha1s2Md5": "d430438e790ff76eb8badf4f1a5c7a45",
      "Crcs2Md5": "837934fc412ac366bf8f298a5bd14409",
      "Sets": {
        "1": [
          "dispixcoll"
        ]
      },
      "Size": 8388608,
      "Publishers": [
        0
      ],
      "ReleaseDate": "1/1/2011",
      "Regions": [
        "US"
      ],
      "Languages": [
        "en"
      ]
    },
    {
      "Titles": [
        "Thomas and Friends - Calling all Engines!",
        "Thomas & Friends - Calling All Engines!"
      ],
      "Serials": [
        "50011204A"
      ],
      "Sha1s2Md5": "98a7c8a4912f45f5628304b39b2137c1",
      "Crcs2Md5": "4d016b2d419684f671f510b889430458",
      "Sets": {
        "1": [
          "tfcall"
        ],
        "2": [
          "Thomas & Friends - Calling All Engines! (USA)"
        ]
      },
      "Size": 8388608,
      "Publishers": [
        0
      ],
      "ReleaseDate": "1/1/2005",
      "Regions": [
        "US"
      ],
      "Languages": [
        "en"
      ]
    },
    {
      "Titles": [
        "Toy Story 3"
      ],
      "Serials": [
        "50013982A"
      ],
      "Sha1s2Md5": "b4c6fc27fadf17b0774cfefcff692cd6",
      "Crcs2Md5": "4afce53d2be8dca3d7045fea84d7f017",
      "Sets": {
        "1": [
          "toystor3"
        ],
        "2": [
          "Toy Story 3 (USA)"
        ]
      },
      "Size": 8388608,
      "Publishers": [
        0
      ],
      "Regions": [
        "US"
      ],
      "Languages": [
        "en"
      ]
    },
    {
      "Titles": [
        "Up"
      ],
      "Serials": [
        "50013563A"
      ],
      "Sha1s2Md5": "ac34e55f4bcba5485c1eb74020a6bb0d",
      "Crcs2Md5": "3fcad42434287d511b56ffa8d40a7061",
      "Sets": {
        "1": [
          "up"
        ],
        "2": [
          "Up (USA)"
        ]
      },
      "Size": 8388608,
      "Publishers": [
        0
      ],
      "ReleaseDate": "1/1/2009",
      "Regions": [
        "US"
      ],
      "Languages": [
        "en"
      ]
    },
    {
      "Titles": [
        "Up"
      ],
      "Serials": [
        "50013643A"
      ],
      "Sha1s2Md5": "566a199be0ae4ab63d034a1ff0df0f08",
      "Crcs2Md5": "ade6fa3f7cf43884528f03142ff9b552",
      "Sets": {
        "1": [
          "ups"
        ],
        "2": [
          "Up (Spain)"
        ]
      },
      "Size": 8388608,
      "Publishers": [
        0
      ],
      "CloneOf": "up",
      "ReleaseDate": "1/1/2009",
      "Regions": [
        "ES"
      ],
      "Languages": [
        "es"
      ]
    },
    {
      "Titles": [
        "Vorschule"
      ],
      "Serials": [
        "50010934A"
      ],
      "Sha1s2Md5": "38651befc0c2bf6c9456232ae476a9b7",
      "Crcs2Md5": "bff8a5c0e1d344f6e21099fac4fad03c",
      "Sets": {
        "1": [
          "vorschul"
        ],
        "2": [
          "Vorschule (Germany)"
        ]
      },
      "Size": 8388608,
      "Publishers": [
        0
      ],
      "ReleaseDate": "1/1/2003",
      "Regions": [
        "DE"
      ],
      "Languages": [
        "de"
      ]
    },
    {
      "Titles": [
        "Wall-E"
      ],
      "Serials": [
        "50013272A"
      ],
      "Sha1s2Md5": "fd2f1a0239377b563a95b2816f18096b",
      "Crcs2Md5": "d085341e4aae9eef4f28562c5349beea",
      "Sets": {
        "1": [
          "walle"
        ],
        "2": [
          "Wall-E (USA)"
        ]
      },
      "Size": 8388608,
      "Publishers": [
        0
      ],
      "ReleaseDate": "1/1/2007",
      "Regions": [
        "US"
      ],
      "Languages": [
        "en"
      ]
    },
    {
      "Titles": [
        "Wall-E"
      ],
      "Serials": [
        "50013441A"
      ],
      "Sha1s2Md5": "a04202c0c82bad1dff774e19ff276bd2",
      "Crcs2Md5": "a9723c2ad328f17b82f44ef1bed62e76",
      "Sets": {
        "1": [
          "walleg"
        ],
        "2": [
          "Wall-E (Germany)"
        ]
      },
      "Size": 8388608,
      "Publishers": [
        0
      ],
      "CloneOf": "walle",
      "Regions": [
        "DE"
      ],
      "Languages": [
        "de"
      ]
    },
    {
      "Titles": [
        "Wall-E"
      ],
      "Serials": [
        "50013414A"
      ],
      "Sha1s2Md5": "0fb4e79b1bb911a12e2dd417aa1b7142",
      "Crcs2Md5": "98df2b991b1b02282ba2de1f20b39c51",
      "Sets": {
        "1": [
          "walles"
        ],
        "2": [
          "Wall-E (Spain)"
        ]
      },
      "Size": 8388608,
      "Publishers": [
        0
      ],
      "CloneOf": "walle",
      "ReleaseDate": "1/1/2008",
      "Regions": [
        "ES"
      ],
      "Languages": [
        "es"
      ]
    },
    {
      "Titles": [
        "Weltraum-Mathe - Lernen im Arcade-Stil!",
        "Weltraum-Mathe"
      ],
      "Serials": [
        "50012140A"
      ],
      "Sha1s2Md5": "d3551ff9db29ccd74e72dac30429511e",
      "Crcs2Md5": "a758e5c424ffcd99b40f2ccb835a0a11",
      "Sets": {
        "1": [
          "cosmicmtg"
        ],
        "2": [
          "Weltraum-Mathe (Germany)"
        ]
      },
      "Size": 4194304,
      "Publishers": [
        0
      ],
      "CloneOf": "cosmicmt",
      "ReleaseDate": "1/1/2003",
      "Regions": [
        "DE"
      ],
      "Languages": [
        "de"
      ]
    },
    {
      "Titles": [
        "Wolverine and the X-Men"
      ],
      "Serials": [
        "50013744A"
      ],
      "Sha1s2Md5": "b9c941fde6e5a4771ffa4b34a4e383aa",
      "Crcs2Md5": "ef9f72c8ba7c76f4d2d04ecfbc56d535",
      "Sets": {
        "1": [
          "wolverin"
        ],
        "2": [
          "Wolverine and the X-Men (USA)"
        ]
      },
      "Size": 8388608,
      "Publishers": [
        0
      ],
      "ReleaseDate": "1/1/2003",
      "Regions": [
        "US"
      ],
      "Languages": [
        "en"
      ]
    },
    {
      "Titles": [
        "Wörterjäger - Lernen im Arcade-Stil!",
        "Woerterjaeger"
      ],
      "Serials": [
        "50012142A"
      ],
      "Sha1s2Md5": "ef37504b0415771ae3f584536b2f188e",
      "Crcs2Md5": "08e6302f7efdbe79de211cb1be06e5b4",
      "Sets": {
        "1": [
          "wrdchsrsg"
        ],
        "2": [
          "Woerterjaeger (Germany)"
        ]
      },
      "Size": 4194304,
      "Publishers": [
        0
      ],
      "ReleaseDate": "1/1/2003",
      "Regions": [
        "DE"
      ],
      "Languages": [
        "de"
      ]
    },
    {
      "Titles": [
        "Zahlenjäger - Lernen im Arcade-Stil!",
        "Zahlenjaeger"
      ],
      "Serials": [
        "50012141A"
      ],
      "Sha1s2Md5": "2f7479899b5497a43d7f62326f7ff8ba",
      "Crcs2Md5": "5108c043a490d3f17d10f4b5b8ffeab7",
      "Sets": {
        "1": [
          "numraidg"
        ],
        "2": [
          "Zahlenjaeger (Germany)"
        ]
      },
      "Size": 4194304,
      "Publishers": [
        0
      ],
      "CloneOf": "numraid",
      "ReleaseDate": "1/1/2003",
      "Regions": [
        "DE"
      ],
      "Languages": [
        "de"
      ]
    }
  ],
  "Overviews": {},
  "Genres": {},
  "Companies": {
    "0": "LeapFrog"
  },
  "Tags": {}
}