{
  "PlatformName": "BK",
  "LastUpdate": "6/25/2022 4:41:39 AM",
  "Games": [
    {
      "Titles": [
        "ALJUR .COD"
      ],
      "Sha1s2Md5": "9c6cbccbb7d9ab0edf30aa683e9f93a6",
      "Crcs2Md5": "e91ea542ceb05789244ef46696ac8ab3",
      "Sets": {
        "1": [
          "aljur"
        ]
      },
      "Size": 1131670
    },
    {
      "Titles": [
        "Antix"
      ],
      "Sha1s2Md5": "19ba1bdd3fcdb7708ecb72e8322eb77d",
      "Crcs2Md5": "e059db7bfa3a989ef04dac1bf83fc24a",
      "Sets": {
        "1": [
          "antix"
        ]
      },
      "Size": 2172816
    },
    {
      "Titles": [
        "Apple"
      ],
      "Sha1s2Md5": "811487bbbffa228cbf0cbb785d67fca7",
      "Crcs2Md5": "1fe68b622e309692eebe0b7417e50d35",
      "Sets": {
        "1": [
          "apple"
        ]
      },
      "Size": 2168056
    },
    {
      "Titles": [
        "Arkano"
      ],
      "Sha1s2Md5": "a5570cfe146f3d19e8d4368aa8863409",
      "Crcs2Md5": "033ee3f945b1760c2f202a355a7dfacb",
      "Sets": {
        "1": [
          "arkano"
        ]
      },
      "Size": 5129082
    },
    {
      "Titles": [
        "Arkanoid"
      ],
      "Sha1s2Md5": "c437bd3b44b36302f9e0dc6e221ea268",
      "Crcs2Md5": "adac58d461afdcef61c849b88eefc9cb",
      "Sets": {
        "1": [
          "arkanoid"
        ]
      },
      "Size": 4600212
    },
    {
      "Titles": [
        "Asp_rekl"
      ],
      "Sha1s2Md5": "abcfe9cba8f28f595deb561e2a3da095",
      "Crcs2Md5": "a8d5674cfea5c6eb2c08be9b82657e9e",
      "Sets": {
        "1": [
          "asprekl"
        ]
      },
      "Size": 2428921
    },
    {
      "Titles": [
        "Ass"
      ],
      "Sha1s2Md5": "131521d1f7770644ffd3b8edcfafd12c",
      "Crcs2Md5": "85d58b4fe2f2aba5abd4731a217c1867",
      "Sets": {
        "1": [
          "ass"
        ]
      },
      "Size": 248263
    },
    {
      "Titles": [
        "Ass2"
      ],
      "Sha1s2Md5": "60d0386a599a5ba84817b5bf642a3bf3",
      "Crcs2Md5": "4d9cf71665a9eba367fdf13c31c63eb9",
      "Sets": {
        "1": [
          "ass2"
        ]
      },
      "Size": 7624495
    },
    {
      "Titles": [
        "Astrdrom"
      ],
      "Sha1s2Md5": "8fa752afc957e78bebc1c8cb072df92d",
      "Crcs2Md5": "9fcc57cd1e30a9d3826da54f2ce72eb8",
      "Sets": {
        "1": [
          "astrdrom"
        ]
      },
      "Size": 2316398
    },
    {
      "Titles": [
        "Baby"
      ],
      "Sha1s2Md5": "e3925eca301689cfeedb32461e9b3e05",
      "Crcs2Md5": "fc4eb81f240e6c5911a46be505a55122",
      "Sets": {
        "1": [
          "baby"
        ]
      },
      "Size": 3895885
    },
    {
      "Titles": [
        "Bally"
      ],
      "Sha1s2Md5": "6c0cd45cc1cfe01278010dea535faeeb",
      "Crcs2Md5": "50603576b5d9d8fdfa32f8b97ae7bf36",
      "Sets": {
        "1": [
          "bally"
        ]
      },
      "Size": 5159546
    },
    {
      "Titles": [
        "Bapple"
      ],
      "Sha1s2Md5": "f94f6e82f194e4674a13188274de7012",
      "Crcs2Md5": "e0152ce6b2d13965cd9fe68ab0bc83bd",
      "Sets": {
        "1": [
          "bapple"
        ]
      },
      "Size": 1614825
    },
    {
      "Titles": [
        "Barb"
      ],
      "Sha1s2Md5": "a4f9e3bdb40fe609a6b5fc74c5f4d3dc",
      "Crcs2Md5": "cde19cdc5764ea48cae54ef3b21a5c4b",
      "Sets": {
        "1": [
          "barb"
        ]
      },
      "Size": 3098024
    },
    {
      "Titles": [
        "Barbar"
      ],
      "Sha1s2Md5": "db38e171c9141ae890ed5a606cc6a95d",
      "Crcs2Md5": "895b83d71e0f537d4fa9c0de5b8d9ffc",
      "Sets": {
        "1": [
          "barbar"
        ]
      },
      "Size": 3098109
    },
    {
      "Titles": [
        "Barman"
      ],
      "Sha1s2Md5": "68e483a7da0b36f6a0e201916415eb7c",
      "Crcs2Md5": "e92cc054084a6040cdae671a604f6fb7",
      "Sets": {
        "1": [
          "barman"
        ]
      },
      "Size": 1922321
    },
    {
      "Titles": [
        "Batiskaf"
      ],
      "Sha1s2Md5": "bf7e79ef5e1913ff4f9d348c4b9301cc",
      "Crcs2Md5": "2df84ec46caf9ecbf41a67a04185cb07",
      "Sets": {
        "1": [
          "batiskaf"
        ]
      },
      "Size": 5016032
    },
    {
      "Titles": [
        "Bigchess"
      ],
      "Sha1s2Md5": "972cc8e8f7e0231c9bafd9311dea4074",
      "Crcs2Md5": "28e19398b98f50cacb971ca3fdd4ae43",
      "Sets": {
        "1": [
          "bigchess"
        ]
      },
      "Size": 3609775
    },
    {
      "Titles": [
        "Bil"
      ],
      "Sha1s2Md5": "5387bcf71f5fd8a0eb3dcdc8af13b70a",
      "Crcs2Md5": "a1f3d7850f37cfcfaaeadfffb5d83412",
      "Sets": {
        "1": [
          "bil"
        ]
      },
      "Size": 2543246
    },
    {
      "Titles": [
        "BILLIARD"
      ],
      "Sha1s2Md5": "29cc556b62c8e8d5933a9aa51e81b6b0",
      "Crcs2Md5": "b4a4d81d3c40695f0e78b7ae4b1bb920",
      "Sets": {
        "1": [
          "billiard"
        ]
      },
      "Size": 4060258
    },
    {
      "Titles": [
        "Biowar"
      ],
      "Sha1s2Md5": "cfd1e55d2a29961e300d598841cb62c7",
      "Crcs2Md5": "6e334b57185957fbb975a09bffbb8b71",
      "Sets": {
        "1": [
          "biowar"
        ]
      },
      "Size": 2956193
    },
    {
      "Titles": [
        "BKDEMO"
      ],
      "Sha1s2Md5": "fe7d870a3513c851bbf45b14e7840f65",
      "Crcs2Md5": "5067893e33a7bbcefab26f65bcfd9a00",
      "Sets": {
        "1": [
          "bkdemo"
        ]
      },
      "Size": 3660197
    },
    {
      "Titles": [
        "Bkpack"
      ],
      "Sha1s2Md5": "c33dda8cae93a69fa6498ff9711cbe29",
      "Crcs2Md5": "444ccb62c6386536734a9fa9a321e949",
      "Sets": {
        "1": [
          "bkpack"
        ]
      },
      "Size": 1279942
    },
    {
      "Titles": [
        "Blcout"
      ],
      "Sha1s2Md5": "2dc3c4796946b871a713d190df447e11",
      "Crcs2Md5": "b67ae52b94f788e2ecc0b835c3addaa8",
      "Sets": {
        "1": [
          "blcout"
        ]
      },
      "Size": 5158050
    },
    {
      "Titles": [
        "BLOCKOUT"
      ],
      "Sha1s2Md5": "8ac44cca62233d199cc6328d812b8d34",
      "Crcs2Md5": "de6a23435fdbfa2b447d2b9b51b5f7dc",
      "Sets": {
        "1": [
          "blockout"
        ]
      },
      "Size": 5431920
    },
    {
      "Titles": [
        "Bolde2"
      ],
      "Sha1s2Md5": "12ca858cdbafe7d4764a4ef858fc882b",
      "Crcs2Md5": "ba7fcfa356b46dc6af6ecc483148a660",
      "Sets": {
        "1": [
          "bolde2"
        ]
      },
      "Size": 4135347
    },
    {
      "Titles": [
        "Bolder2"
      ],
      "Sha1s2Md5": "b950d727623acc66a83bb7b5cf463729",
      "Crcs2Md5": "f551549d497af388780003a7c60fdb0b",
      "Sets": {
        "1": [
          "bolder2"
        ]
      },
      "Size": 4135398
    },
    {
      "Titles": [
        "Bolder3"
      ],
      "Sha1s2Md5": "021c992a43c2441729ead5f402c19a49",
      "Crcs2Md5": "3feb1c23b6390ea1de1112bac7cef9bb",
      "Sets": {
        "1": [
          "bolder3"
        ]
      },
      "Size": 5108325
    },
    {
      "Titles": [
        "Bomb4"
      ],
      "Sha1s2Md5": "edf400424ff90ac7eba4679c8ca1299a",
      "Crcs2Md5": "11e03dcb55726da134f50ca9f32b0dd7",
      "Sets": {
        "1": [
          "bomb4"
        ]
      },
      "Size": 1815102
    },
    {
      "Titles": [
        "breach"
      ],
      "Sha1s2Md5": "7484a7e5123f4a1db5b612e7f6f92025",
      "Crcs2Md5": "7f14d6c2d9adec4e43612ee6dae40d5d",
      "Sets": {
        "1": [
          "breach"
        ]
      },
      "Size": 2172425
    },
    {
      "Titles": [
        "Break"
      ],
      "Sha1s2Md5": "6dbb64c0e801c8bd5878588a28946567",
      "Crcs2Md5": "10e7c39821a11df2cd2ddbd931dbc960",
      "Sets": {
        "1": [
          "break"
        ]
      },
      "Size": 5172092
    },
    {
      "Titles": [
        "Breaking"
      ],
      "Sha1s2Md5": "99cb95ca7d96cb117166ba5d2eb4a3a5",
      "Crcs2Md5": "a2e27f5b9e69623c4d3c16fddb5f59ef",
      "Sets": {
        "1": [
          "breaking"
        ]
      },
      "Size": 4154234
    },
    {
      "Titles": [
        "Brhouse"
      ],
      "Sha1s2Md5": "9f333f54a2b1f74ca464e1bccf21b80e",
      "Crcs2Md5": "84a74d576941e734a789252225db3543",
      "Sets": {
        "1": [
          "brhouse"
        ]
      },
      "Size": 4847766
    },
    {
      "Titles": [
        "Bubbler"
      ],
      "Sha1s2Md5": "16fce7d69f682fde63033bdc48abd5e6",
      "Crcs2Md5": "38833cd7c7e7e1cf90ac3d0539cbbf66",
      "Sets": {
        "1": [
          "bubbler"
        ]
      },
      "Size": 4988101
    },
    {
      "Titles": [
        "Bubler"
      ],
      "Sha1s2Md5": "8540fa34ca56e71e31973368fe9aa3ff",
      "Crcs2Md5": "cac3389a627c293954c268b030671e6c",
      "Sets": {
        "1": [
          "bubler"
        ]
      },
      "Size": 5113935
    },
    {
      "Titles": [
        "Cache"
      ],
      "Sha1s2Md5": "f63bfef2fa8befcd62aebcf8fe412acb",
      "Crcs2Md5": "02cbf081665466e035b76dada42e6457",
      "Sets": {
        "1": [
          "cache"
        ]
      },
      "Size": 3838850
    },
    {
      "Titles": [
        "Cave"
      ],
      "Sha1s2Md5": "b4a0080884e01c6793bec5365fb8e2cb",
      "Crcs2Md5": "da38b3642bbb5c359527a673bebe3420",
      "Sets": {
        "1": [
          "cave"
        ]
      },
      "Size": 228968
    },
    {
      "Titles": [
        "Cave_doc"
      ],
      "Sha1s2Md5": "001fd4feedc2f5c8ea357044070d3ec5",
      "Crcs2Md5": "a39519286e2272ac68a77be1646bcfbf",
      "Sets": {
        "1": [
          "cavedoc"
        ]
      },
      "Size": 1077999
    },
    {
      "Titles": [
        "Cave_man"
      ],
      "Sha1s2Md5": "edf04aa968ce11909eac867c7a6a337d",
      "Crcs2Md5": "9d4809d2e9809b1d070ee9e304d8e5c8",
      "Sets": {
        "1": [
          "caveman"
        ]
      },
      "Size": 5085154
    },
    {
      "Titles": [
        "Cave_res"
      ],
      "Sha1s2Md5": "b1f2c916d54d6e69e098c06d06106d9c",
      "Crcs2Md5": "7b8f242df94f09a14577b3602113a9a6",
      "Sets": {
        "1": [
          "caveres"
        ]
      },
      "Size": 5838339
    },
    {
      "Titles": [
        "Chaser"
      ],
      "Sha1s2Md5": "eac89275a3881aec52964513d03d2bea",
      "Crcs2Md5": "9c7eb5254c12412b2a234444b93f0033",
      "Sets": {
        "1": [
          "chaser"
        ]
      },
      "Size": 2471540
    },
    {
      "Titles": [
        "Checkers"
      ],
      "Sha1s2Md5": "ea3066377789f9c177766eaaf3980427",
      "Crcs2Md5": "acb41542681bdfd27bfbea80aafc7040",
      "Sets": {
        "1": [
          "checkers"
        ]
      },
      "Size": 4669980
    },
    {
      "Titles": [
        "Chess07"
      ],
      "Sha1s2Md5": "d903066cc529b329a8bf6d3cebde18ff",
      "Crcs2Md5": "946db9453e8db7cc8750fd8e3d4eb36d",
      "Sets": {
        "1": [
          "chess07"
        ]
      },
      "Size": 4281496
    },
    {
      "Titles": [
        "Chess1"
      ],
      "Sha1s2Md5": "00b71b063d86d71167aac8ba913256ae",
      "Crcs2Md5": "dbd0c8556a665cfabd129f80d6a9f0f7",
      "Sets": {
        "1": [
          "chess1"
        ]
      },
      "Size": 3381414
    },
    {
      "Titles": [
        "Chess2"
      ],
      "Sha1s2Md5": "6007b40aa304e1e024023e84af9426de",
      "Crcs2Md5": "e9ce0785e42456ffb82af31734cb9427",
      "Sets": {
        "1": [
          "chess2"
        ]
      },
      "Size": 2976763
    },
    {
      "Titles": [
        "Chess3"
      ],
      "Sha1s2Md5": "38f5ad33c704288cc180d12123e57df1",
      "Crcs2Md5": "38c467a7678e11baf1c6e669405655b0",
      "Sets": {
        "1": [
          "chess3"
        ]
      },
      "Size": 3765563
    },
    {
      "Titles": [
        "Chess4"
      ],
      "Sha1s2Md5": "c4f67d157700d1ae28db169b0ad73dd2",
      "Crcs2Md5": "7534eee5544faf0731c4eaca0c2bda53",
      "Sets": {
        "1": [
          "chess4"
        ]
      },
      "Size": 3553420
    },
    {
      "Titles": [
        "CIRCLER"
      ],
      "Sha1s2Md5": "4677c520c037b2a1d9657f2aca382b0a",
      "Crcs2Md5": "61063cdc8d4e82161865781701fa1f0a",
      "Sets": {
        "1": [
          "circler"
        ]
      },
      "Size": 5296022
    },
    {
      "Titles": [
        "Columns"
      ],
      "Sha1s2Md5": "ccd62eeea1f84199d86fa2ecc0bb2718",
      "Crcs2Md5": "0af0522c6d9f6ab4ff6b8588fff4d6e1",
      "Sets": {
        "1": [
          "columns"
        ]
      },
      "Size": 3723318
    },
    {
      "Titles": [
        "Columns2"
      ],
      "Sha1s2Md5": "537d1b0f2f2ed317140ec73635fb5f0c",
      "Crcs2Md5": "fd845701fb07d7a1d3f5356a84b2248f",
      "Sets": {
        "1": [
          "columns2"
        ]
      },
      "Size": 5313566
    },
    {
      "Titles": [
        "Comic"
      ],
      "Sha1s2Md5": "65cbff70e177bac2bf0d734c3c745c5a",
      "Crcs2Md5": "66ce0227f511bf0210f484c368fbde82",
      "Sets": {
        "1": [
          "comic"
        ]
      },
      "Size": 3406370
    },
    {
      "Titles": [
        "COSMIC"
      ],
      "Sha1s2Md5": "6f13277edcb6eb1de8733acc89e20296",
      "Crcs2Md5": "977deb0302979eaf8b84f37017191e17",
      "Sets": {
        "1": [
          "cosmic"
        ]
      },
      "Size": 2058457
    },
    {
      "Titles": [
        "Cosmic_b"
      ],
      "Sha1s2Md5": "92ee1b5d7b884b9706844998340335f1",
      "Crcs2Md5": "f6594f4cee9deb740d4a51ad849dc9f1",
      "Sets": {
        "1": [
          "cosmicb"
        ]
      },
      "Size": 2058661
    },
    {
      "Titles": [
        "Courier"
      ],
      "Sha1s2Md5": "9d2c8a7ff35ba55f832cfb7e560f7598",
      "Crcs2Md5": "1a697a0d09b830fc807a5ca2108b3e04",
      "Sets": {
        "1": [
          "courier"
        ]
      },
      "Size": 4845607
    },
    {
      "Titles": [
        "covox"
      ],
      "Sha1s2Md5": "977bd50cf48bc714b68b187a028056ab",
      "Crcs2Md5": "9dd7246ed87bde577c3917540e14a4f5",
      "Sets": {
        "1": [
          "covox"
        ]
      },
      "Size": 9734450
    },
    {
      "Titles": [
        "Crack"
      ],
      "Sha1s2Md5": "3119b0891e5059473d4fc5935e1d2256",
      "Crcs2Md5": "f9f6f819848c383a1c0900eefbd735e7",
      "Sets": {
        "1": [
          "crack"
        ]
      },
      "Size": 10100732
    },
    {
      "Titles": [
        "Dama"
      ],
      "Sha1s2Md5": "47ab6c70001c828ed6b70275a73e0099",
      "Crcs2Md5": "29546162a361c9aa3c37a336afdf6185",
      "Sets": {
        "1": [
          "dama"
        ]
      },
      "Size": 3885039
    },
    {
      "Titles": [
        "Demsl"
      ],
      "Sha1s2Md5": "f586c26aaee2106ddf5a3207ae625d59",
      "Crcs2Md5": "d16cf087123aff38088e5656ebaaad83",
      "Sets": {
        "1": [
          "demsl"
        ]
      },
      "Size": 3000172
    },
    {
      "Titles": [
        "Demsl1"
      ],
      "Sha1s2Md5": "f6375feaeadf2561b56f53ca87d466a4",
      "Crcs2Md5": "1b191c3a90c7352cdd2ca8cc7221370f",
      "Sets": {
        "1": [
          "demsl1"
        ]
      },
      "Size": 831601
    },
    {
      "Titles": [
        "Demsl2"
      ],
      "Sha1s2Md5": "651c19f9d6c0ab4a6feed087dda232dd",
      "Crcs2Md5": "e0abfd996e713fe152caf74048e2fa16",
      "Sets": {
        "1": [
          "demsl2"
        ]
      },
      "Size": 847819
    },
    {
      "Titles": [
        "Demsl3"
      ],
      "Sha1s2Md5": "fcc3aaadcbd1fe19de7b3bb6d43fc2cd",
      "Crcs2Md5": "08ee7f7cb1861208c46c6d6c4a98400b",
      "Sets": {
        "1": [
          "demsl3"
        ]
      },
      "Size": 820126
    },
    {
      "Titles": [
        "Desan"
      ],
      "Sha1s2Md5": "e2424678e3249443f3f03d7c0cf582eb",
      "Crcs2Md5": "42d9019b51dea041bf7808cd0446171d",
      "Sets": {
        "1": [
          "desan"
        ]
      },
      "Size": 4564427
    },
    {
      "Titles": [
        "Desandoc"
      ],
      "Sha1s2Md5": "78fd1e80c698c7f431bf4188671683f4",
      "Crcs2Md5": "e924b18159d9f7a3f601985d96a463b7",
      "Sets": {
        "1": [
          "desandoc"
        ]
      },
      "Size": 3052515
    },
    {
      "Titles": [
        "Desant"
      ],
      "Sha1s2Md5": "1c790c8b81613229680994fdd7ab2e9f",
      "Crcs2Md5": "2b761e2725fbac6c408399ba81d5116d",
      "Sets": {
        "1": [
          "desant"
        ]
      },
      "Size": 4564478
    },
    {
      "Titles": [
        "Diamond"
      ],
      "Sha1s2Md5": "83b97c3e4f804bb065951a9c1404fcc6",
      "Crcs2Md5": "c5f6da88fb27809f1e094d63e58ee09c",
      "Sets": {
        "1": [
          "diamond"
        ]
      },
      "Size": 4416986
    },
    {
      "Titles": [
        "Digger"
      ],
      "Sha1s2Md5": "f24884aff3b384189c6548f89f707d84",
      "Crcs2Md5": "bc967e12c63e12f83b20a4af067baab6",
      "Sets": {
        "1": [
          "digger"
        ]
      },
      "Size": 3206433
    },
    {
      "Titles": [
        "Divers3"
      ],
      "Sha1s2Md5": "fd015c546df56487074c3a4353574aa2",
      "Crcs2Md5": "3b7da255a5738b5cf1aadee96bb56ea2",
      "Sets": {
        "1": [
          "divers3"
        ]
      },
      "Size": 2170028
    },
    {
      "Titles": [
        "DRAGON.BIN"
      ],
      "Sha1s2Md5": "afdd49c37c931bf69a3431788144da23",
      "Crcs2Md5": "838594426f093f601007c61f7dbefe79",
      "Sets": {
        "1": [
          "dragon"
        ]
      },
      "Size": 5357318
    },
    {
      "Titles": [
        "FLIER"
      ],
      "Sha1s2Md5": "000383644f05c7ec10e8010443225d14",
      "Crcs2Md5": "920ee624ab64a1332fd22576a3576a3b",
      "Sets": {
        "1": [
          "flier"
        ]
      },
      "Size": 4172441
    },
    {
      "Titles": [
        "FONT"
      ],
      "Sha1s2Md5": "2ecb36ddb46a63578344494d82f8a9f4",
      "Crcs2Md5": "99c89ab2548ebe3990c51dd11862bded",
      "Sets": {
        "1": [
          "font"
        ]
      },
      "Size": 103032
    },
    {
      "Titles": [
        "HOBBIT"
      ],
      "Sha1s2Md5": "f604cd38de4cb22be9c8e14fc7e02b3b",
      "Crcs2Md5": "8a68a834e08c10e374240672b5ab9bf1",
      "Sets": {
        "1": [
          "hobbit"
        ]
      },
      "Size": 3276541
    },
    {
      "Titles": [
        "HOBBIT.OVL"
      ],
      "Sha1s2Md5": "0c1aee7541923c428a442382ec15368d",
      "Crcs2Md5": "e3a6325db993de001913c17d2c6c7c03",
      "Sets": {
        "1": [
          "hobbitovl"
        ]
      },
      "Size": 4961088,
      "CloneOf": "hobbit"
    },
    {
      "Titles": [
        "Horror"
      ],
      "Sha1s2Md5": "0f31419c8d2a27ed8d815645af51517a",
      "Crcs2Md5": "6a40b5ab7826f9bde3e095e1052e43d1",
      "Sets": {
        "1": [
          "horror"
        ]
      },
      "Size": 5203372
    },
    {
      "Titles": [
        "Horror_s"
      ],
      "Sha1s2Md5": "87eb46b4c850be00cf4e3b95ba0d8e83",
      "Crcs2Md5": "80d7324328b34df5348b6c849697f38d",
      "Sets": {
        "1": [
          "horrors"
        ]
      },
      "Size": 4368791
    },
    {
      "Titles": [
        "House1"
      ],
      "Sha1s2Md5": "f43a854228f4a43cb460b4e881fff52b",
      "Crcs2Md5": "2a1bb35597ee4bfcb80434dae72bde88",
      "Sets": {
        "1": [
          "house1"
        ]
      },
      "Size": 3341736
    },
    {
      "Titles": [
        "House2"
      ],
      "Sha1s2Md5": "a1917eb270416b65b67d66f815fdae25",
      "Crcs2Md5": "40d223da302add3ad3ba765d71dcc116",
      "Sets": {
        "1": [
          "house2"
        ]
      },
      "Size": 3802776
    },
    {
      "Titles": [
        "Indjon"
      ],
      "Sha1s2Md5": "8aa7dfc93faec792e066a420ca72a6cc",
      "Crcs2Md5": "6ca07c5e577e7af51a7f3bf9eeb600a7",
      "Sets": {
        "1": [
          "indjon"
        ]
      },
      "Size": 4156699
    },
    {
      "Titles": [
        "Jetman"
      ],
      "Sha1s2Md5": "859864132813f195275e207c5ecc63f1",
      "Crcs2Md5": "185f70856713405e2741265e0130b0c5",
      "Sets": {
        "1": [
          "jetman"
        ]
      },
      "Size": 4532382
    },
    {
      "Titles": [
        "Joebla"
      ],
      "Sha1s2Md5": "4fc188dfc28fce06ce17d77c3e4092ce",
      "Crcs2Md5": "72736d09fbc9959a6e21ea57119e3573",
      "Sets": {
        "1": [
          "joebla"
        ]
      },
      "Size": 1665621
    },
    {
      "Titles": [
        "John"
      ],
      "Sha1s2Md5": "1772f7ea96dd2eb69f96bff2a7ba27c6",
      "Crcs2Md5": "ce86ced27eff9d34f16f196e48334863",
      "Sets": {
        "1": [
          "john"
        ]
      },
      "Size": 1839378
    },
    {
      "Titles": [
        "Johnny"
      ],
      "Sha1s2Md5": "c1e199a4814a9a49fef89ec0be5f7879",
      "Crcs2Md5": "992d9999598ec53fddc0d0e7ed682ece",
      "Sets": {
        "1": [
          "johnny"
        ]
      },
      "Size": 5021999
    },
    {
      "Titles": [
        "Jokey"
      ],
      "Sha1s2Md5": "7574a4c417a6a0c5b2bece817038ac90",
      "Crcs2Md5": "a90d02ffa93a9a9d3fbb2bb9549ba93e",
      "Sets": {
        "1": [
          "jokey"
        ]
      },
      "Size": 2789168
    },
    {
      "Titles": [
        "Jones"
      ],
      "Sha1s2Md5": "fa29c6f99c7b4c3c493d5ad9cecde595",
      "Crcs2Md5": "c6fe9573a8e86de2f971e38875c5389c",
      "Sets": {
        "1": [
          "jones"
        ]
      },
      "Size": 4156665
    },
    {
      "Titles": [
        "Jones1"
      ],
      "Sha1s2Md5": "24e43896d7b2a5f77c721671b10d4348",
      "Crcs2Md5": "97885e92351e8d46979e9c39f8b02275",
      "Sets": {
        "1": [
          "jones1"
        ]
      },
      "Size": 2702485
    },
    {
      "Titles": [
        "Jones2"
      ],
      "Sha1s2Md5": "4c59aeeb836e4fa33d1535a33d9cb58b",
      "Crcs2Md5": "a532113feea463b9f00289b969780399",
      "Sets": {
        "1": [
          "jones2"
        ]
      },
      "Size": 3844800
    },
    {
      "Titles": [
        "Jones3"
      ],
      "Sha1s2Md5": "c544843f160d1a5a316e9f85495f1fee",
      "Crcs2Md5": "bcdbf9cba0076eae34a032089073e209",
      "Sets": {
        "1": [
          "jones3"
        ]
      },
      "Size": 2685655
    },
    {
      "Titles": [
        "Jungle"
      ],
      "Sha1s2Md5": "899299459d460fc25af4811c82ee833b",
      "Crcs2Md5": "80899cacb918ebac01c9f1906bc43ec3",
      "Sets": {
        "1": [
          "jungle"
        ]
      },
      "Size": 4943544
    },
    {
      "Titles": [
        "Karado"
      ],
      "Sha1s2Md5": "a49e0700eb783d13fc8f71353d50fc54",
      "Crcs2Md5": "6c9195fdd542b76eb9d59c58590a79d8",
      "Sets": {
        "1": [
          "karado"
        ]
      },
      "Size": 3612002
    },
    {
      "Titles": [
        "Karate"
      ],
      "Sha1s2Md5": "5580fe305f7300a768c17644de3134f9",
      "Crcs2Md5": "2a1e6ab2fdc8a9476dced14e22eef1a6",
      "Sets": {
        "1": [
          "karate"
        ]
      },
      "Size": 2263953
    },
    {
      "Titles": [
        "Klad"
      ],
      "Sha1s2Md5": "2ce23aed89a0719e51bc80b97f79d13d",
      "Crcs2Md5": "aaa008fd0bb9ea1d9c99fae7f795cdbb",
      "Sets": {
        "1": [
          "klad"
        ]
      },
      "Size": 3579651
    },
    {
      "Titles": [
        "Kurier"
      ],
      "Sha1s2Md5": "26dbd6000d57a200d61d5388b21efb77",
      "Crcs2Md5": "1149a0a542cbed06720d1578f76116d5",
      "Sets": {
        "1": [
          "kurier"
        ]
      },
      "Size": 3652666
    },
    {
      "Titles": [
        "ladder"
      ],
      "Sha1s2Md5": "4441a43e06835b90641339bc8556724d",
      "Crcs2Md5": "3a0fa92411e8d1059e9ebceab4c6facd",
      "Sets": {
        "1": [
          "ladder"
        ]
      },
      "Size": 2662331
    },
    {
      "Titles": [
        "ladder.ovl"
      ],
      "Sha1s2Md5": "e146dd58453039754d1221bbd5e0e38c",
      "Crcs2Md5": "d5fa5e2d569a693c675b2b2d02746cc8",
      "Sets": {
        "1": [
          "ladderovl"
        ]
      },
      "Size": 5124067,
      "CloneOf": "ladder"
    },
    {
      "Titles": [
        "LRUNNER"
      ],
      "Sha1s2Md5": "e833d91bb0e58e2e29d6d218e5a5e05e",
      "Crcs2Md5": "342151ac78e5e37e4a96761ee469906d",
      "Sets": {
        "1": [
          "lrunner"
        ]
      },
      "Size": 1990627
    },
    {
      "Titles": [
        "LRUNNER.GMS"
      ],
      "Sha1s2Md5": "b8eaccfbfa08c2b4d330f96e8fdd2db0",
      "Crcs2Md5": "950702e129b227634d57a78c3df9a8c9",
      "Sets": {
        "1": [
          "lrunnergms"
        ]
      },
      "Size": 5082961,
      "CloneOf": "lrunner"
    },
    {
      "Titles": [
        "OTHELLO"
      ],
      "Sha1s2Md5": "ae9e7c6cf24a3e33fe5c97430e834686",
      "Crcs2Md5": "1e0476f18a48163143674140ea294b57",
      "Sets": {
        "1": [
          "othello"
        ]
      },
      "Size": 2493402
    },
    {
      "Titles": [
        "otl9"
      ],
      "Sha1s2Md5": "4178ab5ca4cbf52ba8c3506a662ef7a8",
      "Crcs2Md5": "9d6d60abb10e3deb34322f618852810d",
      "Sets": {
        "1": [
          "otl9"
        ]
      },
      "Size": 1389575
    },
    {
      "Titles": [
        "p10k"
      ],
      "Sha1s2Md5": "46e96379d3f27c7bd233bbe0d4e0b9a6",
      "Crcs2Md5": "79e7a441ee6bd8fda301aa38530d377d",
      "Sets": {
        "1": [
          "p10k"
        ]
      },
      "Size": 4167800
    },
    {
      "Titles": [
        "PACMAN"
      ],
      "Sha1s2Md5": "0b81f1c8b2cf883d296b5770f182f13e",
      "Crcs2Md5": "a31d008230211140d4f05985e8e2a8b2",
      "Sets": {
        "1": [
          "pacman"
        ]
      },
      "Size": 2687627
    },
    {
      "Titles": [
        "PEREVOROT"
      ],
      "Sha1s2Md5": "b8298eb40be51587a1da9bd4384c6f52",
      "Crcs2Md5": "c32884f4b70900691f003257da713318",
      "Sets": {
        "1": [
          "perevoro"
        ]
      },
      "Size": 88803
    },
    {
      "Titles": [
        "Pigame"
      ],
      "Sha1s2Md5": "21d847ae16b8d640eb9cdaa471e419c6",
      "Crcs2Md5": "b6e943042232573112de861b468bcc0e",
      "Exe": "Pigamend.exe",
      "Sets": {
        "4": [
          "Pigame (1995)(-)"
        ]
      },
      "Size": 19831,
      "Publishers": [
        0
      ],
      "ReleaseDate": "1/1/1995",
      "Languages": [
        "en"
      ]
    },
    {
      "Titles": [
        "POPO"
      ],
      "Sha1s2Md5": "8b0ad75a4c821af7480f1704d3daee87",
      "Crcs2Md5": "ee26299cad9c373517ef8f724d21b09c",
      "Sets": {
        "1": [
          "popo"
        ]
      },
      "Size": 89619
    },
    {
      "Titles": [
        "RACE"
      ],
      "Sha1s2Md5": "3f27f4814345af5fae7dbf1f45ee5de8",
      "Crcs2Md5": "57001d81f3c7334378e2d9afee610091",
      "Sets": {
        "1": [
          "race"
        ]
      },
      "Size": 2472951
    },
    {
      "Titles": [
        "RACE.OVL"
      ],
      "Sha1s2Md5": "118cfaccedff440cdfcec1b56ec8d929",
      "Crcs2Md5": "2bf238c5487b3afa33d180fe368d6880",
      "Sets": {
        "1": [
          "raceovl"
        ]
      },
      "Size": 5054282
    },
    {
      "Titles": [
        "Rescue Ranger"
      ],
      "Sha1s2Md5": "04fdd1d54f10d1543ccd2edd0a91b74c",
      "Crcs2Md5": "4114df19446ea72207bd98d524a83e71",
      "Sets": {
        "4": [
          "Rescue Ranger (1991)(Screw)"
        ]
      },
      "Size": 35836,
      "Publishers": [
        1
      ],
      "ReleaseDate": "1/1/1991",
      "Languages": [
        "en"
      ]
    },
    {
      "Titles": [
        "Rever1"
      ],
      "Sha1s2Md5": "4923b8329e908cd2ba903f21549b7265",
      "Crcs2Md5": "2c6d5605d9a0bde09b7755e2c5534a4d",
      "Sets": {
        "1": [
          "rever1"
        ]
      },
      "Size": 663250
    },
    {
      "Titles": [
        "Rever2"
      ],
      "Sha1s2Md5": "c97e4e3e95f6e913d9cddb7649c93161",
      "Crcs2Md5": "3a6ee748cd2b22dce66e36441810445a",
      "Sets": {
        "1": [
          "rever2"
        ]
      },
      "Size": 2579133
    },
    {
      "Titles": [
        "ROTATE"
      ],
      "Sha1s2Md5": "e67e2eaafbc66fe74502791bc56324b5",
      "Crcs2Md5": "d690c2690b0a451267aef4732a1bb2c8",
      "Sets": {
        "1": [
          "rotate"
        ]
      },
      "Size": 89177
    },
    {
      "Titles": [
        "RTYPE"
      ],
      "Sha1s2Md5": "be7e9ff6f3f5d4d2b050a1675589b553",
      "Crcs2Md5": "dd25f0f310518075f2aa73ad5a51e35f",
      "Sets": {
        "1": [
          "rtype"
        ]
      },
      "Size": 4154795
    },
    {
      "Titles": [
        "RTYPE1.LAB"
      ],
      "Sha1s2Md5": "ef887c2da38c7f3359f2c8fd67ae1f31",
      "Crcs2Md5": "371f88a11cea89979ef1551a4c7e9650",
      "Sets": {
        "1": [
          "rtype1"
        ]
      },
      "Size": 938021
    },
    {
      "Titles": [
        "RTYPE2.LAB"
      ],
      "Sha1s2Md5": "a606fca7e4612bf6dcb56e4ea1be6995",
      "Crcs2Md5": "f6c32db817b374df4cc9c4072a9d92f9",
      "Sets": {
        "1": [
          "rtype2"
        ]
      },
      "Size": 937647
    },
    {
      "Titles": [
        "SOKOBAN"
      ],
      "Sha1s2Md5": "3720e93e48922134ea72c9f9f9bb2e03",
      "Crcs2Md5": "51cc10a62cf21b7136f01c12bb5a07a5",
      "Sets": {
        "1": [
          "sokoban"
        ]
      },
      "Size": 2523628
    },
    {
      "Titles": [
        "Stalker"
      ],
      "Sha1s2Md5": "7e6b3361e6fc1ba66da1d50aace9c926",
      "Crcs2Md5": "b32c0208619e1d64b7d08b6b6e39e92e",
      "Sets": {
        "1": [
          "stalker"
        ]
      },
      "Size": 3691953
    },
    {
      "Titles": [
        "TETR3"
      ],
      "Sha1s2Md5": "7e5dee41228a18c8525b417e330244b6",
      "Crcs2Md5": "b353d5e855d0662a7c5d5407caa0eb4f",
      "Sets": {
        "1": [
          "tetr3"
        ]
      },
      "Size": 1225066
    },
    {
      "Titles": [
        "TETRIS"
      ],
      "Sha1s2Md5": "efc4e5dd75fc9cbdcf1f1d82acfdcc62",
      "Crcs2Md5": "edcab00018410f6b6bca1c994a52315e",
      "Sets": {
        "1": [
          "tetris"
        ]
      },
      "Size": 1881453
    },
    {
      "Titles": [
        "Tetro"
      ],
      "Sha1s2Md5": "67dc33774723d5e886d3f679c46805e2",
      "Crcs2Md5": "979d4fb4bf55479f765794ca3804ac2d",
      "Sets": {
        "1": [
          "tetro"
        ]
      },
      "Size": 3801518
    },
    {
      "Titles": [
        "XONIX1"
      ],
      "Sha1s2Md5": "2ec0feeb7f8dd781f79139ef6546b848",
      "Crcs2Md5": "885044291a35ba9bc9ccee7b9fbd02b5",
      "Sets": {
        "1": [
          "xonix1"
        ]
      },
      "Size": 1758713
    },
    {
      "Titles": [
        "XONIX5"
      ],
      "Sha1s2Md5": "9958afa78a0e1a29a0ea7235229384e4",
      "Crcs2Md5": "dc0f5f93273489f95cb11569f1416e31",
      "Sets": {
        "1": [
          "xonix5"
        ]
      },
      "Size": 1307176
    },
    {
      "Titles": [
        "ZOOM"
      ],
      "Sha1s2Md5": "3a8d4d7607f474638cd886dc864aa428",
      "Crcs2Md5": "a800595902617ec6c15e15cc537bf1a9",
      "Sets": {
        "1": [
          "zoom"
        ]
      },
      "Size": 3687346
    },
    {
      "Titles": [
        "ZZZ-UNK-PJANIC"
      ],
      "Sha1s2Md5": "0202cb8332067a35e8cd8e71e4fb4c02",
      "Crcs2Md5": "86ed2c02bcc62ed8f66e27a1604c496c",
      "Sets": {
        "4": [
          "ZZZ-UNK-PJANIC"
        ]
      },
      "Size": 8850,
      "Languages": [
        "en"
      ]
    }
  ],
  "Overviews": {},
  "Genres": {},
  "Companies": {
    "0": "-",
    "1": "Screw"
  },
  "Tags": {}
}