{
  "PlatformName": "Pokemon Mini",
  "LastUpdate": "6/25/2022 4:52:56 AM",
  "Games": [
    {
      "Titles": [
        "[BIOS] Nintendo Pokemon Mini"
      ],
      "Sha1s2Md5": "6000f6ee1d157be059ae79589e4ff766",
      "Crcs2Md5": "82963d232a2770c71bd55104cefa76c7",
      "Sets": {
        "2": [
          "[BIOS] Nintendo Pokemon Mini (World)"
        ]
      },
      "Size": 4096,
      "Tags": [
        0
      ],
      "Languages": [
        "en"
      ]
    },
    {
      "Titles": [
        "Lunch Time"
      ],
      "Sha1s2Md5": "b0ada96e9d6143c0fac4ffb5b39509a7",
      "Crcs2Md5": "3f10894bb1df3749b795f03fc10456f4",
      "Sets": {
        "1": [
          "lunchtme"
        ],
        "2": [
          "Lunch Time (USA) (GameCube)"
        ],
        "4": [
          "Lunch Time (2003)(Nintendo)(US)[GameCube]"
        ]
      },
      "Size": 524288,
      "Publishers": [
        0
      ],
      "CloneOf": "snorlax",
      "ReleaseDate": "1/1/2003",
      "Regions": [
        "US"
      ],
      "Languages": [
        "en"
      ]
    },
    {
      "Titles": [
        "Pichu Bros. Mini"
      ],
      "Sha1s2Md5": "2c2b75fd385bf405e2069f5262ec957b",
      "Crcs2Md5": "8b4975b470980a3b45538c9e989ab81d",
      "Sets": {
        "1": [
          "pichubro"
        ],
        "2": [
          "Pichu Bros. Mini (Japan)"
        ],
        "4": [
          "Pichu Bros. Mini (2002)(Nintendo)(JP)"
        ],
        "6": [
          "37725"
        ]
      },
      "Overview": {
        "en": [
          6
        ]
      },
      "Size": 524288,
      "Publishers": [
        0
      ],
      "Developers": [
        1
      ],
      "ReleaseDate": "1/1/2002",
      "Genres": [
        1
      ],
      "Regions": [
        "JP"
      ]
    },
    {
      "Titles": [
        "Pichu Bros. Mini",
        "Pichu Bros. Mini - Skateboard"
      ],
      "Sha1s2Md5": "9df39ebc2594aeb3f8415e0f97a2aceb",
      "Crcs2Md5": "181457b45f5aba04d93e91462acbdac2",
      "Sets": {
        "1": [
          "pichuskt"
        ],
        "2": [
          "Pichu Bros. Mini - Skateboard (Japan) (Preview)"
        ],
        "4": [
          "Pichu Bros. Mini - Skateboard (2002)(Nintendo)(JP)[preview]"
        ],
        "6": [
          "37725"
        ]
      },
      "Overview": {
        "en": [
          6
        ]
      },
      "Size": 524288,
      "Publishers": [
        0
      ],
      "Developers": [
        1
      ],
      "Tags": [
        1
      ],
      "ReleaseDate": "1/1/2002",
      "Genres": [
        1
      ],
      "Regions": [
        "JP"
      ]
    },
    {
      "Titles": [
        "Pichu Bros. Mini - Hoppip's Jump Match"
      ],
      "Sha1s2Md5": "139586e89cc5bf9a96fe6f77b161ce2c",
      "Crcs2Md5": "9ef1fa75aa8b05c3c82a59624c3b81fb",
      "Sets": {
        "1": [
          "pichuhop"
        ],
        "2": [
          "Pichu Bros. Mini - Hoppip's Jump Match (Japan) (Preview)"
        ],
        "4": [
          "Pichu Bros. Mini - Hoppip's Jump Match (2002)(Nintendo)(JP)[preview]"
        ]
      },
      "Size": 524288,
      "Publishers": [
        0
      ],
      "Tags": [
        1
      ],
      "ReleaseDate": "1/1/2002",
      "Regions": [
        "JP"
      ]
    },
    {
      "Titles": [
        "Pichu Bros. Mini - Netsukikyuu"
      ],
      "Sha1s2Md5": "6b1ffea525b8c752473591c00a677128",
      "Crcs2Md5": "7b8375252ab585c6852a14d443733d07",
      "Sets": {
        "1": [
          "pichunts"
        ],
        "2": [
          "Pichu Bros. Mini - Netsukikyuu (Japan) (Preview)"
        ],
        "4": [
          "Pichu Bros. Mini - Netsukikyuu (2002)(Nintendo)(JP)[preview]"
        ]
      },
      "Size": 524288,
      "Publishers": [
        0
      ],
      "Tags": [
        1
      ],
      "ReleaseDate": "1/1/2002",
      "Regions": [
        "JP"
      ]
    },
    {
      "Titles": [
        "Pokémon Anime Card Daisakusen",
        "Pokemon Anime Card Daisakusen"
      ],
      "Sha1s2Md5": "0f70be402f314f99e0c7425afb6f2fed",
      "Crcs2Md5": "3ac0623fceea4c9f1604ac798e8e7635",
      "Sets": {
        "1": [
          "pokeacrd"
        ],
        "2": [
          "Pokemon Anime Card Daisakusen (Japan)"
        ],
        "4": [
          "Pokemon Anime Card Daisakusen (2001)(Nintendo)(JP)"
        ]
      },
      "Size": 524288,
      "Publishers": [
        0
      ],
      "CloneOf": "pokezcrd",
      "ReleaseDate": "1/1/2001",
      "Regions": [
        "JP"
      ]
    },
    {
      "Titles": [
        "Pokémon Party Mini",
        "Pokemon Party Mini"
      ],
      "Sha1s2Md5": "f521a8f3e32359cf7a4a14f59bc0ff0a",
      "Crcs2Md5": "88882bf9e1bd140395484659f2d53382",
      "Sets": {
        "1": [
          "pparty"
        ],
        "2": [
          "Pokemon Party Mini (Europe)"
        ],
        "4": [
          "Pokemon Party Mini (2001)(Nintendo)(EU)"
        ],
        "6": [
          "37718"
        ]
      },
      "Overview": {
        "en": [
          0
        ]
      },
      "Size": 524288,
      "Publishers": [
        0
      ],
      "Developers": [
        1
      ],
      "Tags": [
        2
      ],
      "ReleaseDate": "1/1/2001",
      "Regions": [
        "EU"
      ]
    },
    {
      "Titles": [
        "Pokémon Party Mini",
        "Pokemon Party Mini"
      ],
      "Sha1s2Md5": "f6060a7389926fb2d39c10af7bdea377",
      "Crcs2Md5": "dc44a7223c750652b6005776cdd400c4",
      "Sets": {
        "1": [
          "ppartyj"
        ],
        "2": [
          "Pokemon Party Mini (Japan)"
        ],
        "4": [
          "Pokemon Party Mini (2001)(Nintendo)(JP)"
        ],
        "6": [
          "37718"
        ]
      },
      "Overview": {
        "en": [
          0
        ]
      },
      "Size": 524288,
      "Publishers": [
        0
      ],
      "Developers": [
        1
      ],
      "Tags": [
        2
      ],
      "CloneOf": "pparty",
      "ReleaseDate": "1/1/2001",
      "Regions": [
        "JP"
      ]
    },
    {
      "Titles": [
        "Pokémon Party Mini",
        "Pokemon Party Mini"
      ],
      "Sha1s2Md5": "01d725b451287a31bd4b116d5ffe0be7",
      "Crcs2Md5": "99f83c10d5b6f76992077620ab182d70",
      "Sets": {
        "1": [
          "ppartyu"
        ],
        "2": [
          "Pokemon Party Mini (USA)"
        ],
        "4": [
          "Pokemon Party Mini (2001)(Nintendo)(US)"
        ],
        "6": [
          "37718"
        ]
      },
      "Overview": {
        "en": [
          0
        ]
      },
      "Size": 524288,
      "Publishers": [
        0
      ],
      "Developers": [
        1
      ],
      "Tags": [
        2
      ],
      "CloneOf": "pparty",
      "ReleaseDate": "1/1/2001",
      "Regions": [
        "AU",
        "US"
      ],
      "Languages": [
        "en"
      ]
    },
    {
      "Titles": [
        "Pokémon Party Mini - Baseline Judge",
        "Pokemon Party Mini - Baseline Judge"
      ],
      "Sha1s2Md5": "c9733b12435634f1da72c4bd80049241",
      "Crcs2Md5": "fcf58d560a744ff2d8631c66d711f5d5",
      "Sets": {
        "1": [
          "pptbasej"
        ],
        "2": [
          "Pokemon Party Mini - Baseline Judge (Europe) (GameCube)"
        ],
        "4": [
          "Pokemon Party Mini - Baseline Judge (2001)(Nintendo)(EU)[GameCube]"
        ]
      },
      "Size": 524288,
      "Publishers": [
        0
      ],
      "ReleaseDate": "1/1/2001",
      "Regions": [
        "EU"
      ]
    },
    {
      "Titles": [
        "Pokémon Party Mini - Baseline Judge",
        "Pokemon Party Mini - Baseline Judge"
      ],
      "Sha1s2Md5": "6ad5dca27ce47fb5455f46e6878acf9c",
      "Crcs2Md5": "d3cacda953417bfb2578039a43107692",
      "Sets": {
        "1": [
          "pptbasejj"
        ],
        "2": [
          "Pokemon Party Mini - Baseline Judge (Japan) (GameCube)"
        ],
        "4": [
          "Pokemon Party Mini - Baseline Judge (2001)(Nintendo)(JP)[GameCube]"
        ]
      },
      "Size": 524288,
      "Publishers": [
        0
      ],
      "CloneOf": "pptbasej",
      "ReleaseDate": "1/1/2001",
      "Regions": [
        "JP"
      ]
    },
    {
      "Titles": [
        "Pokémon Party Mini - Baseline Judge",
        "Pokemon Party Mini - Baseline Judge"
      ],
      "Sha1s2Md5": "f8fc1939d0535381a90f8c30f197dad1",
      "Crcs2Md5": "02aa1169e7b28ee0229fed026d7cb7e0",
      "Sets": {
        "1": [
          "pptbaseju"
        ],
        "2": [
          "Pokemon Party Mini - Baseline Judge (USA) (GameCube)"
        ],
        "4": [
          "Pokemon Party Mini - Baseline Judge (2001)(Nintendo)(US)[GameCube]"
        ]
      },
      "Size": 524288,
      "Publishers": [
        0
      ],
      "CloneOf": "pptbasej",
      "ReleaseDate": "1/1/2001",
      "Regions": [
        "US"
      ],
      "Languages": [
        "en"
      ]
    },
    {
      "Titles": [
        "Pokémon Party Mini - Chansey's Dribble",
        "Pokemon Party Mini - Chansey's Dribble"
      ],
      "Sha1s2Md5": "d811bcd03e6fbda1d39631b25476121d",
      "Crcs2Md5": "e8a1a4a3faad07d7a5f3fe216dcbb4d2",
      "Sets": {
        "1": [
          "pptdribl"
        ],
        "2": [
          "Pokemon Party Mini - Chansey's Dribble (Europe) (GameCube)"
        ],
        "4": [
          "Pokemon Party Mini - Chansey's Dribble (2001)(Nintendo)(EU)[GameCube]"
        ]
      },
      "Size": 524288,
      "Publishers": [
        0
      ],
      "ReleaseDate": "1/1/2001",
      "Regions": [
        "EU"
      ]
    },
    {
      "Titles": [
        "Pokémon Party Mini - Pikachu's Rocket Start",
        "Pokemon Party Mini - Pikachu's Rocket Start"
      ],
      "Sha1s2Md5": "78977ff3ca5ee6491995338039005177",
      "Crcs2Md5": "a0090ddd9d57e93c6399404bd0f0268a",
      "Sets": {
        "1": [
          "pptrocks"
        ],
        "2": [
          "Pokemon Party Mini - Pikachu's Rocket Start (Europe) (GameCube)"
        ],
        "4": [
          "Pokemon Party Mini - Pikachu's Rocket Start (2001)(Nintendo)(EU)[GameCube]"
        ]
      },
      "Size": 524288,
      "Publishers": [
        0
      ],
      "ReleaseDate": "1/1/2001",
      "Regions": [
        "EU"
      ]
    },
    {
      "Titles": [
        "Pokémon Party Mini - Ricochet Dribble",
        "Pokemon Party Mini - Ricochet Dribble"
      ],
      "Sha1s2Md5": "e01abf4f91637bf5ed48e1d76bec4154",
      "Crcs2Md5": "b914f1a98e0e0eba411502f3be2fe84f",
      "Sets": {
        "1": [
          "pptdriblj"
        ],
        "2": [
          "Pokemon Party Mini - Ricochet Dribble (Japan) (GameCube)"
        ],
        "4": [
          "Pokemon Party Mini - Ricochet Dribble (2001)(Nintendo)(JP)[GameCube]"
        ]
      },
      "Size": 524288,
      "Publishers": [
        0
      ],
      "CloneOf": "pptdribl",
      "ReleaseDate": "1/1/2001",
      "Regions": [
        "JP"
      ]
    },
    {
      "Titles": [
        "Pokémon Party Mini - Ricochet Dribble",
        "Pokemon Party Mini - Ricochet Dribble"
      ],
      "Sha1s2Md5": "72516e63d77c7c09b259eb7375fee7ca",
      "Crcs2Md5": "94e7c236a638f94d94eeba7fd81b6c60",
      "Sets": {
        "1": [
          "pptdriblu"
        ],
        "2": [
          "Pokemon Party Mini - Ricochet Dribble (USA) (GameCube)"
        ],
        "4": [
          "Pokemon Party Mini - Ricochet Dribble (2001)(Nintendo)(US)[GameCube]"
        ]
      },
      "Size": 524288,
      "Publishers": [
        0
      ],
      "CloneOf": "pptdribl",
      "ReleaseDate": "1/1/2001",
      "Regions": [
        "US"
      ],
      "Languages": [
        "en"
      ]
    },
    {
      "Titles": [
        "Pokémon Party Mini - Rocket Start",
        "Pokemon Party Mini - Rocket Start"
      ],
      "Sha1s2Md5": "b5d8b4d4ed8f4fa59c6b6e8b13935d43",
      "Crcs2Md5": "d2445248861446840609a06c5124d220",
      "Sets": {
        "1": [
          "pptrocksu"
        ],
        "2": [
          "Pokemon Party Mini - Rocket Start (USA) (GameCube)"
        ],
        "4": [
          "Pokemon Party Mini - Rocket Start (2001)(Nintendo)(US)[GameCube]"
        ]
      },
      "Size": 524288,
      "Publishers": [
        0
      ],
      "CloneOf": "pptrocks",
      "ReleaseDate": "1/1/2001",
      "Regions": [
        "US"
      ],
      "Languages": [
        "en"
      ]
    },
    {
      "Titles": [
        "Pokémon Party Mini - Slowking's Judge",
        "Pokemon Party Mini - Slowking's Judge"
      ],
      "Sha1s2Md5": "cbdb70da244058f99727f95533b52eaa",
      "Crcs2Md5": "fa99b9c08f05a3875216a694c99814a2",
      "Sets": {
        "1": [
          "pptslowj"
        ],
        "2": [
          "Pokemon Party Mini - Slowking's Judge (Europe) (GameCube)"
        ],
        "4": [
          "Pokemon Party Mini - Slowking's Judge (2001)(Nintendo)(EU)[GameCube]"
        ]
      },
      "Size": 524288,
      "Publishers": [
        0
      ],
      "CloneOf": "pptbasej",
      "ReleaseDate": "1/1/2001",
      "Regions": [
        "EU"
      ]
    },
    {
      "Titles": [
        "Pokémon Pinball Mini",
        "Pokemon Pinball Mini"
      ],
      "Sha1s2Md5": "30dda764931354093cbc52f67d7d643c",
      "Crcs2Md5": "d961c2dd03e7361306cec47f909d7470",
      "Sets": {
        "1": [
          "ppinb"
        ],
        "2": [
          "Pokemon Pinball Mini (USA, Europe)"
        ],
        "4": [
          "Pokemon Pinball Mini (2001)(Nintendo)(AU-EU-US)"
        ],
        "6": [
          "37723"
        ]
      },
      "Overview": {
        "en": [
          4
        ]
      },
      "Size": 524288,
      "Publishers": [
        0
      ],
      "Developers": [
        2
      ],
      "ReleaseDate": "1/1/2001",
      "Genres": [
        0
      ],
      "Regions": [
        "AU",
        "EU",
        "US"
      ],
      "Languages": [
        "en"
      ]
    },
    {
      "Titles": [
        "Pokémon Pinball Mini",
        "Pokemon Pinball Mini"
      ],
      "Sha1s2Md5": "1267f0d5ad26d5016a589d7e678a94a4",
      "Crcs2Md5": "7a8523acf23c8060c67cc5d004c9eb9b",
      "Sets": {
        "1": [
          "ppinbj"
        ],
        "2": [
          "Pokemon Pinball Mini (Japan)"
        ],
        "4": [
          "Pokemon Pinball Mini (2001)(Nintendo)(JP)"
        ],
        "6": [
          "37723"
        ]
      },
      "Overview": {
        "en": [
          4
        ]
      },
      "Size": 524288,
      "Publishers": [
        0
      ],
      "Developers": [
        2
      ],
      "CloneOf": "ppinb",
      "ReleaseDate": "1/1/2001",
      "Genres": [
        0
      ],
      "Regions": [
        "JP"
      ]
    },
    {
      "Titles": [
        "Pokémon Pinball Mini",
        "Pokemon Pinball Mini"
      ],
      "Sha1s2Md5": "617399405aab61c3dbe929ecd2ef17bb",
      "Crcs2Md5": "e62f5e0ee8c668ec9ecfd204e538b803",
      "Sets": {
        "1": [
          "ppinbjp"
        ],
        "2": [
          "Pokemon Pinball Mini (Japan) (Preview)"
        ],
        "4": [
          "Pokemon Pinball Mini (2001)(Nintendo)(JP)[preview]"
        ],
        "6": [
          "37723"
        ]
      },
      "Overview": {
        "en": [
          4
        ]
      },
      "Size": 524288,
      "Publishers": [
        0
      ],
      "Developers": [
        2
      ],
      "Tags": [
        1
      ],
      "CloneOf": "ppinb",
      "ReleaseDate": "1/1/2001",
      "Genres": [
        0
      ],
      "Regions": [
        "JP"
      ]
    },
    {
      "Titles": [
        "Pokémon Pinball Mini",
        "Pokemon Pinball Mini"
      ],
      "Sha1s2Md5": "151f12a336c38ee307ff3ae1ed61ebad",
      "Crcs2Md5": "8f6a9f91197c865831fd9eafe995cdaf",
      "Sets": {
        "1": [
          "ppinbp"
        ],
        "2": [
          "Pokemon Pinball Mini (USA) (GameCube Preview)"
        ],
        "4": [
          "Pokemon Pinball Mini (2001)(Nintendo)(US)[GameCube][preview]"
        ],
        "6": [
          "37723"
        ]
      },
      "Overview": {
        "en": [
          4
        ]
      },
      "Size": 524288,
      "Publishers": [
        0
      ],
      "Developers": [
        2
      ],
      "CloneOf": "ppinb",
      "ReleaseDate": "1/1/2001",
      "Genres": [
        0
      ],
      "Regions": [
        "US"
      ],
      "Languages": [
        "en"
      ]
    },
    {
      "Titles": [
        "Pokémon Puzzle Collection",
        "Pokemon Puzzle Collection"
      ],
      "Sha1s2Md5": "cc3330f6f4b6dce7d63053172394f0eb",
      "Crcs2Md5": "15e55a4324e1269d608c4e8564fd5a44",
      "Sets": {
        "1": [
          "ppuzzlc"
        ],
        "2": [
          "Pokemon Puzzle Collection (USA, Europe)"
        ],
        "4": [
          "Pokemon Puzzle Collection (2001)(Nintendo)(AU-EU-US)"
        ],
        "6": [
          "37719"
        ]
      },
      "Overview": {
        "en": [
          1
        ]
      },
      "Size": 524288,
      "Publishers": [
        0
      ],
      "Developers": [
        2
      ],
      "Tags": [
        2
      ],
      "ReleaseDate": "1/1/2001",
      "Regions": [
        "AU",
        "EU",
        "US"
      ],
      "Languages": [
        "en"
      ]
    },
    {
      "Titles": [
        "Pokémon Puzzle Collection",
        "Pokemon Puzzle Collection"
      ],
      "Sha1s2Md5": "377e0c9301fdc13f1cd45d1917af698e",
      "Crcs2Md5": "56a5857c5bced17116c10e030ae0214f",
      "Sets": {
        "1": [
          "ppuzzlcp"
        ],
        "2": [
          "Pokemon Puzzle Collection (USA) (GameCube Preview)"
        ],
        "4": [
          "Pokemon Puzzle Collection (2001)(Nintendo)(US)[GameCube][preview]"
        ],
        "6": [
          "37719"
        ]
      },
      "Overview": {
        "en": [
          1
        ]
      },
      "Size": 524288,
      "Publishers": [
        0
      ],
      "Developers": [
        2
      ],
      "Tags": [
        2
      ],
      "CloneOf": "ppuzzlc",
      "ReleaseDate": "1/1/2001",
      "Regions": [
        "US"
      ],
      "Languages": [
        "en"
      ]
    },
    {
      "Titles": [
        "Pokémon Puzzle Collection",
        "Pokemon Puzzle Collection"
      ],
      "Sha1s2Md5": "6a04983eaf11ce3f1567312941be10d4",
      "Crcs2Md5": "c2f33bf3cf173cd03adcf1f250e9f878",
      "Sets": {
        "1": [
          "ppuzzlcf"
        ],
        "2": [
          "Pokemon Puzzle Collection (France)"
        ],
        "4": [
          "Pokemon Puzzle Collection (2001)(Nintendo)(FR)"
        ],
        "6": [
          "37719"
        ]
      },
      "Overview": {
        "en": [
          1
        ]
      },
      "Size": 524288,
      "Publishers": [
        0
      ],
      "Developers": [
        2
      ],
      "Tags": [
        2
      ],
      "CloneOf": "ppuzzlc",
      "ReleaseDate": "1/1/2001",
      "Regions": [
        "FR"
      ],
      "Languages": [
        "fr"
      ]
    },
    {
      "Titles": [
        "Pokémon Puzzle Collection",
        "Pokemon Puzzle Collection"
      ],
      "Sha1s2Md5": "44acca26f8d6b995ac819dea820e2716",
      "Crcs2Md5": "4029dd8bc9a3b14d15beeaeb13898a54",
      "Sets": {
        "1": [
          "ppuzzlcfp"
        ],
        "2": [
          "Pokemon Puzzle Collection (France) (GameCube Preview)"
        ],
        "4": [
          "Pokemon Puzzle Collection (2001)(Nintendo)(FR)[GameCube][preview]"
        ],
        "6": [
          "37719"
        ]
      },
      "Overview": {
        "en": [
          1
        ]
      },
      "Size": 524288,
      "Publishers": [
        0
      ],
      "Developers": [
        2
      ],
      "Tags": [
        2
      ],
      "CloneOf": "ppuzzlc",
      "ReleaseDate": "1/1/2001",
      "Regions": [
        "FR"
      ],
      "Languages": [
        "fr"
      ]
    },
    {
      "Titles": [
        "Pokémon Puzzle Collection",
        "Pokemon Puzzle Collection"
      ],
      "Sha1s2Md5": "44e5ecd1ce247d0beda28f49c9a3c8f6",
      "Crcs2Md5": "c233fab13c35b1edd86ba73a7d37d6a9",
      "Sets": {
        "1": [
          "ppuzzlcg"
        ],
        "2": [
          "Pokemon Puzzle Collection (Germany)"
        ],
        "4": [
          "Pokemon Puzzle Collection (2001)(Nintendo)(DE)"
        ],
        "6": [
          "37719"
        ]
      },
      "Overview": {
        "en": [
          1
        ]
      },
      "Size": 524288,
      "Publishers": [
        0
      ],
      "Developers": [
        2
      ],
      "Tags": [
        2
      ],
      "CloneOf": "ppuzzlc",
      "ReleaseDate": "1/1/2001",
      "Regions": [
        "DE"
      ],
      "Languages": [
        "de"
      ]
    },
    {
      "Titles": [
        "Pokémon Puzzle Collection",
        "Pokemon Puzzle Collection"
      ],
      "Sha1s2Md5": "899f22a9329b1f799d37959e7dcae015",
      "Crcs2Md5": "abc4974135fb47b24e898bf9af86c88a",
      "Sets": {
        "1": [
          "ppuzzlcgp"
        ],
        "2": [
          "Pokemon Puzzle Collection (Germany) (GameCube Preview)"
        ],
        "4": [
          "Pokemon Puzzle Collection (2001)(Nintendo)(DE)[GameCube][preview]"
        ],
        "6": [
          "37719"
        ]
      },
      "Overview": {
        "en": [
          1
        ]
      },
      "Size": 524288,
      "Publishers": [
        0
      ],
      "Developers": [
        2
      ],
      "Tags": [
        2
      ],
      "CloneOf": "ppuzzlc",
      "ReleaseDate": "1/1/2001",
      "Regions": [
        "DE"
      ],
      "Languages": [
        "de"
      ]
    },
    {
      "Titles": [
        "Pokémon Puzzle Collection",
        "Pokemon Puzzle Collection"
      ],
      "Sha1s2Md5": "7488b62e8aa1559422198cd9b50f95b0",
      "Crcs2Md5": "303a57fe32b62e472cf760e94667b1c8",
      "Sets": {
        "1": [
          "ppuzzlcj"
        ],
        "2": [
          "Pokemon Puzzle Collection (Japan)"
        ],
        "4": [
          "Pokemon Puzzle Collection (2001)(Nintendo)(JP)"
        ],
        "6": [
          "37719"
        ]
      },
      "Overview": {
        "en": [
          1
        ]
      },
      "Size": 524288,
      "Publishers": [
        0
      ],
      "Developers": [
        2
      ],
      "Tags": [
        2
      ],
      "CloneOf": "ppuzzlc",
      "ReleaseDate": "1/1/2001",
      "Regions": [
        "JP"
      ]
    },
    {
      "Titles": [
        "Pokémon Puzzle Collection",
        "Pokemon Puzzle Collection"
      ],
      "Sha1s2Md5": "0eac758745d79634f3c29322018b35e9",
      "Crcs2Md5": "cb61584f5b75851e8d5ec77011857034",
      "Sets": {
        "1": [
          "ppuzzlcj1"
        ],
        "2": [
          "Pokemon Puzzle Collection (Japan) (GameCube)"
        ],
        "4": [
          "Pokemon Puzzle Collection (2001)(Nintendo)(JP)[GameCube]"
        ],
        "6": [
          "37719"
        ]
      },
      "Overview": {
        "en": [
          1
        ]
      },
      "Size": 524288,
      "Publishers": [
        0
      ],
      "Developers": [
        2
      ],
      "Tags": [
        2
      ],
      "CloneOf": "ppuzzlc",
      "ReleaseDate": "1/1/2001",
      "Regions": [
        "JP"
      ]
    },
    {
      "Titles": [
        "Pokémon Puzzle Collection Vol. 2",
        "Pokemon Puzzle Collection Vol. 2"
      ],
      "Sha1s2Md5": "b4c4e248ebd2c76c273ca6092f3f92ba",
      "Crcs2Md5": "556e4317dc954e378ba04f4cd652eb6f",
      "Sets": {
        "1": [
          "ppuzzlc2"
        ],
        "2": [
          "Pokemon Puzzle Collection Vol. 2 (Japan)"
        ],
        "4": [
          "Pokemon Puzzle Collection Vol. 2 (2002)(Nintendo)(JP)"
        ],
        "6": [
          "37733"
        ]
      },
      "Overview": {
        "en": [
          7
        ]
      },
      "Size": 524288,
      "Publishers": [
        0
      ],
      "Developers": [
        2
      ],
      "ReleaseDate": "1/1/2002",
      "Regions": [
        "JP"
      ]
    },
    {
      "Titles": [
        "Pokémon Race Mini",
        "Pokemon Race Mini"
      ],
      "Sha1s2Md5": "a49ac8cdbabc27514d7b811ae25f7e44",
      "Crcs2Md5": "cd0ae6fc12db02e84cc8a8824a54e3bf",
      "Sets": {
        "1": [
          "pokerace"
        ],
        "2": [
          "Pokemon Race Mini (Japan)"
        ],
        "4": [
          "Pokemon Race Mini (2002)(Nintendo)(JP)"
        ],
        "6": [
          "37721"
        ]
      },
      "Overview": {
        "en": [
          2
        ]
      },
      "Size": 524288,
      "Publishers": [
        0
      ],
      "Developers": [
        2
      ],
      "Tags": [
        3
      ],
      "ReleaseDate": "1/1/2002",
      "Regions": [
        "JP"
      ]
    },
    {
      "Titles": [
        "Pokémon Race Mini",
        "Pokemon Race Mini"
      ],
      "Sha1s2Md5": "84677ca1f05a78318afdfcd0e852bb40",
      "Crcs2Md5": "decf67ae4307cd8c27929d5073f0c748",
      "Sets": {
        "1": [
          "pokeracep"
        ],
        "2": [
          "Pokemon Race Mini (Japan) (Preview)"
        ],
        "4": [
          "Pokemon Race Mini (2002)(Nintendo)(JP)[preview]"
        ],
        "6": [
          "37721"
        ]
      },
      "Overview": {
        "en": [
          2
        ]
      },
      "Size": 524288,
      "Publishers": [
        0
      ],
      "Developers": [
        2
      ],
      "Tags": [
        1,
        3
      ],
      "CloneOf": "pokerace",
      "ReleaseDate": "1/1/2002",
      "Regions": [
        "JP"
      ]
    },
    {
      "Titles": [
        "Pokémon Shock Tetris",
        "Pokemon Shock Tetris"
      ],
      "Sha1s2Md5": "251db1e7986a8d4876db707432000f94",
      "Crcs2Md5": "f80c0f60dd6ddb884748cda72785f359",
      "Sets": {
        "1": [
          "ptetrisj"
        ],
        "2": [
          "Pokemon Shock Tetris (Japan)"
        ],
        "4": [
          "Pokemon Shock Tetris (2002)(Nintendo)(JP)"
        ]
      },
      "Size": 524288,
      "Publishers": [
        0
      ],
      "CloneOf": "ptetris",
      "ReleaseDate": "1/1/2002",
      "Regions": [
        "JP"
      ]
    },
    {
      "Titles": [
        "Pokémon Sodateyasan Mini",
        "Pokemon Sodateyasan Mini"
      ],
      "Sha1s2Md5": "d835db0150d4904ba2fd7c1cef1d3bd7",
      "Crcs2Md5": "80e0f55056ad99d0dccfdc1478652172",
      "Sets": {
        "1": [
          "pokesoda"
        ],
        "2": [
          "Pokemon Sodateyasan Mini (Japan)"
        ],
        "4": [
          "Pokemon Sodateyasan Mini (2002)(Nintendo)(JP)"
        ]
      },
      "Size": 524288,
      "Publishers": [
        0
      ],
      "ReleaseDate": "1/1/2002",
      "Regions": [
        "JP"
      ]
    },
    {
      "Titles": [
        "Pokémon Tetris",
        "Pokemon Tetris"
      ],
      "Sha1s2Md5": "0e093941a9618797587a96cf7e38d58e",
      "Crcs2Md5": "32722df8480022bddcb5778a0c0a476f",
      "Sets": {
        "1": [
          "ptetris"
        ],
        "2": [
          "Pokemon Tetris (Europe) (En,Ja,Fr)"
        ],
        "4": [
          "Pokemon Tetris (2002)(Nintendo)(EU)(M3)"
        ],
        "6": [
          "37722"
        ]
      },
      "Overview": {
        "en": [
          3
        ]
      },
      "Size": 524288,
      "Publishers": [
        0
      ],
      "Developers": [
        0
      ],
      "Tags": [
        3
      ],
      "ReleaseDate": "1/1/2002",
      "Genres": [
        0
      ],
      "Regions": [
        "EU"
      ],
      "Languages": [
        "en",
        "ja",
        "fr"
      ]
    },
    {
      "Titles": [
        "Pokémon Zany Cards",
        "Pokemon Zany Cards"
      ],
      "Sha1s2Md5": "7529aae4d2258267f070b2810cda55e1",
      "Crcs2Md5": "381234a5d7f2fcfce1a6e0997adb6b6d",
      "Sets": {
        "1": [
          "pokezcrd"
        ],
        "2": [
          "Pokemon Zany Cards (USA, Europe)"
        ],
        "4": [
          "Pokemon Zany Cards (2001)(Nintendo)(AU-EU-US)"
        ],
        "6": [
          "37724"
        ]
      },
      "Overview": {
        "en": [
          5
        ]
      },
      "Size": 524288,
      "Publishers": [
        0
      ],
      "Developers": [
        1
      ],
      "Tags": [
        2
      ],
      "ReleaseDate": "1/1/2001",
      "Regions": [
        "AU",
        "EU",
        "US"
      ],
      "Languages": [
        "en"
      ]
    },
    {
      "Titles": [
        "Pokémon Zany Cards",
        "Pokemon Zany Cards"
      ],
      "Sha1s2Md5": "a0ca7c94f2ecfc3de9d1d239b956cf9b",
      "Crcs2Md5": "f8115fb4293e74a1e4ca16e6fb6a3fa4",
      "Sets": {
        "1": [
          "pokezcrdf"
        ],
        "2": [
          "Pokemon Zany Cards (France)"
        ],
        "4": [
          "Pokemon Zany Cards (2001)(Nintendo)(FR)"
        ],
        "6": [
          "37724"
        ]
      },
      "Overview": {
        "en": [
          5
        ]
      },
      "Size": 524288,
      "Publishers": [
        0
      ],
      "Developers": [
        1
      ],
      "Tags": [
        2
      ],
      "CloneOf": "pokezcrd",
      "ReleaseDate": "1/1/2001",
      "Regions": [
        "FR"
      ],
      "Languages": [
        "fr"
      ]
    },
    {
      "Titles": [
        "Pokémon Zany Cards",
        "Pokemon Zany Cards"
      ],
      "Sha1s2Md5": "f568314fb5297c61e27c0a35d96894ca",
      "Crcs2Md5": "0a6565231f04f9627c1a2edc35bdfda6",
      "Sets": {
        "1": [
          "pokezcrdg"
        ],
        "2": [
          "Pokemon Zany Cards (Germany)"
        ],
        "4": [
          "Pokemon Zany Cards (2001)(Nintendo)(DE)"
        ],
        "6": [
          "37724"
        ]
      },
      "Overview": {
        "en": [
          5
        ]
      },
      "Size": 524288,
      "Publishers": [
        0
      ],
      "Developers": [
        1
      ],
      "Tags": [
        2
      ],
      "CloneOf": "pokezcrd",
      "ReleaseDate": "1/1/2001",
      "Regions": [
        "DE"
      ],
      "Languages": [
        "de"
      ]
    },
    {
      "Titles": [
        "Snorlax's Lunch Time"
      ],
      "Sha1s2Md5": "fb17c135a7f95d527614c11a103b6541",
      "Crcs2Md5": "bcdf4ba4b2ca6fcbfd5a905f6cb5c108",
      "Sets": {
        "1": [
          "snorlax"
        ],
        "2": [
          "Snorlax's Lunch Time (Europe) (GameCube)"
        ],
        "4": [
          "Snorlax's Lunch Time (2003)(Nintendo)(EU)[GameCube]"
        ],
        "6": [
          "54646"
        ]
      },
      "Overview": {
        "en": [
          8
        ]
      },
      "Size": 524288,
      "Publishers": [
        0
      ],
      "Developers": [
        3
      ],
      "ReleaseDate": "1/1/2003",
      "Genres": [
        2
      ],
      "Regions": [
        "EU"
      ]
    },
    {
      "Titles": [
        "Snorlax's Lunch Time"
      ],
      "Sha1s2Md5": "d1be81d8e33abe2b5b40c612b77ac798",
      "Crcs2Md5": "1fa729b1a384877f796133870ad7a17c",
      "Sets": {
        "1": [
          "snorlaxj"
        ],
        "2": [
          "Snorlax's Lunch Time (Japan) (GameCube)"
        ],
        "4": [
          "Snorlax's Lunch Time (2003)(Nintendo)(JP)[GameCube]"
        ],
        "6": [
          "54646"
        ]
      },
      "Overview": {
        "en": [
          8
        ]
      },
      "Size": 524288,
      "Publishers": [
        0
      ],
      "Developers": [
        3
      ],
      "CloneOf": "snorlax",
      "ReleaseDate": "1/1/2003",
      "Genres": [
        2
      ],
      "Regions": [
        "JP"
      ]
    },
    {
      "Titles": [
        "Togepi no Daibouken"
      ],
      "Sha1s2Md5": "4257e40bc45d059d6913423dbdf9b72a",
      "Crcs2Md5": "e9ea593fbe6c375096c47aa1fc20f78b",
      "Sets": {
        "1": [
          "togepi"
        ],
        "2": [
          "Togepi no Daibouken (Japan)"
        ],
        "4": [
          "Togepi no Daibouken (2002)(Nintendo)(JP)"
        ],
        "6": [
          "55399"
        ]
      },
      "Overview": {
        "en": [
          9
        ]
      },
      "Size": 524288,
      "Publishers": [
        0
      ],
      "Developers": [
        0
      ],
      "ReleaseDate": "1/1/2002",
      "Regions": [
        "JP"
      ]
    },
    {
      "Titles": [
        "Togepi no Daibouken"
      ],
      "Sha1s2Md5": "f69398c10d7fa3d555f883db5a66b5f9",
      "Crcs2Md5": "d8f1bf1ddda4d41823173bc1e2e0527b",
      "Sets": {
        "1": [
          "togepip"
        ],
        "2": [
          "Togepi no Daibouken (Japan) (Preview)"
        ],
        "4": [
          "Togepi no Daibouken (2002)(Nintendo)(JP)[preview]"
        ],
        "6": [
          "55399"
        ]
      },
      "Overview": {
        "en": [
          9
        ]
      },
      "Size": 524288,
      "Publishers": [
        0
      ],
      "Developers": [
        0
      ],
      "Tags": [
        1
      ],
      "CloneOf": "togepi",
      "ReleaseDate": "1/1/2002",
      "Regions": [
        "JP"
      ]
    }
  ],
  "Overviews": {
    "en": {
      "0": "A collection of several minigames, included with the Pokémon mini. The minigames include: Hitmonchan's Boxing, where you shake the system to 'punch'; Pikachu's Rocket Start, a game where you have to launch off a starting line before another Pokémon; Bellossom's Dance, a Dance Dance Revolution-like game; Chansey's Dribble, kick the ball to the finish line as quickly as possible; Slowking's Judge, predict if the tennis ball will land in or out of the court; Sneasel's Fakeout, a rock-paper-scissors-like game for two players; Battlefield, where two to six players battle for the highest score; and Celebi's Clock, which is essentially a clock with date, alarm and stopwatch function.",
      "1": "A collection of different puzzle-games such as: Shadow Puzzle, where different shapes are put together to make an image of a Pokémon; Motion Puzzle, a sliding game where an image of a Pokémon has to be unscrambled; Escape, where one has to move blocks to let a Pokémon out of a maze; and a bonus for completing most of your Minidex is the game Power On, a 'Pipe Dream'-like game where one has to connect a Pikachu to a light bulb, creating a circuit).",
      "2": "The game is a platformer racing competition, where the player races a Pikachu against other Pokémon, much like Pokémon Dash.",
      "3": "Perform Tetris combos to catch Pokémon and add them to your Mini-Dex. Shaking the Pokémon Mini flips the piece horizontally.",
      "4": "A pinball style game with several levels where Diglett, Pikachu and other iconic Pokémon act as the 'bumping' mechanism.",
      "5": "A small collection of four card games featuring Pokémon-oriented cards.",
      "6": "A collection of several mini-games, similar to Pokémon Party mini.",
      "7": "Similar to the first puzzle collection, but some games are different and there are 80 new puzzles. This was only released in Japan.",
      "8": "Snorlax's Lunchtime is a small bonus game that was available within the Gamecube title Pokémon Channel. In that game, when you find the Pokémon mini, you also get Snorlax's Lunchtime with it. This is a small mini-game, exclusive to Pokémon Channel, which can only be played here.",
      "9": "Togepi no Daibouken is an action game for the Pokémon mini."
    }
  },
  "Genres": {
    "0": "Puzzle",
    "1": "Sports",
    "2": "Role-Playing"
  },
  "Companies": {
    "0": "Nintendo",
    "1": "Denyu-Sha",
    "2": "Jupiter",
    "3": "Ambrella"
  },
  "Tags": {
    "0": "BIOS",
    "1": "Preview",
    "2": "4 Player",
    "3": "2 Player"
  }
}