{
  "PlatformName": "GX4000",
  "LastUpdate": "6/25/2022 4:50:20 AM",
  "Games": [
    {
      "Titles": [
        "Barbarian II"
      ],
      "Sha1s2Md5": "813f0af1df032c567b1e2f9669626376",
      "Crcs2Md5": "e0d3ce7d5cec583535fcf0866d06491f",
      "Sets": {
        "1": [
          "barb2"
        ]
      },
      "Size": 131072,
      "Publishers": [
        0
      ],
      "ReleaseDate": "1/1/1989"
    },
    {
      "Titles": [
        "BASIC Cartouche"
      ],
      "Sha1s2Md5": "8e71c299ce206c866bdd894e211c9439",
      "Crcs2Md5": "e6c5bdef5fb438d9d99b29a06ec456f8",
      "Sets": {
        "1": [
          "sysfrv3"
        ]
      },
      "Size": 65536,
      "Publishers": [
        11
      ],
      "CloneOf": "sysfr",
      "ReleaseDate": "1/1/1990",
      "Regions": [
        "FR"
      ],
      "Languages": [
        "fr"
      ]
    },
    {
      "Titles": [
        "Batman"
      ],
      "Sha1s2Md5": "b528f2193b901c0556e532563ab0aacd",
      "Crcs2Md5": "f952d729e52df1ed1e0d347133fab05a",
      "Sets": {
        "1": [
          "batman"
        ]
      },
      "Size": 131072,
      "Publishers": [
        1
      ],
      "ReleaseDate": "1/1/1989"
    },
    {
      "Titles": [
        "Burnin' Rubber"
      ],
      "Sha1s2Md5": "11e157df4dc7413b8a781ddc8304ee87",
      "Crcs2Md5": "6771cf8e656b7eb01778a5f09bbbf4ea",
      "Sets": {
        "1": [
          "brubber"
        ]
      },
      "Size": 131072,
      "Publishers": [
        1
      ],
      "ReleaseDate": "1/1/1990"
    },
    {
      "Titles": [
        "Burnin' Rubber + Locomotive BASIC"
      ],
      "Sha1s2Md5": "ad7294f78e64fc88b1620e740fcdbcff",
      "Crcs2Md5": "94a118ecf585aea16567bb48c9b1e557",
      "Sets": {
        "1": [
          "sysuk"
        ]
      },
      "Size": 131072,
      "Publishers": [
        11
      ],
      "ReleaseDate": "1/1/1990"
    },
    {
      "Titles": [
        "Burnin' Rubber + Locomotive BASIC"
      ],
      "Sha1s2Md5": "3cdcdfa6918fdea0b42ac8d600b0db64",
      "Crcs2Md5": "3973a736e64c6b2fbfc9a5442421d4e1",
      "Sets": {
        "1": [
          "sysfr"
        ]
      },
      "Size": 131072,
      "Publishers": [
        11
      ],
      "ReleaseDate": "1/1/1990",
      "Regions": [
        "FR"
      ],
      "Languages": [
        "fr"
      ]
    },
    {
      "Titles": [
        "Burnin' Rubber + Locomotive BASIC"
      ],
      "Sha1s2Md5": "d1784a91c8b5ec5ef37982e57c123ede",
      "Crcs2Md5": "d3135cffeea1b55f74d60ebe3b5cad3f",
      "Sets": {
        "1": [
          "syses"
        ]
      },
      "Size": 131072,
      "Publishers": [
        11
      ],
      "ReleaseDate": "1/1/1990",
      "Regions": [
        "ES"
      ],
      "Languages": [
        "es"
      ]
    },
    {
      "Titles": [
        "Copter 271"
      ],
      "Sha1s2Md5": "0fc44e7df64cfdce4922be8ed6b2279b",
      "Crcs2Md5": "295418e2b48c907d16d33197942ce3ff",
      "Sets": {
        "1": [
          "coptr271"
        ]
      },
      "Size": 131072,
      "Publishers": [
        2
      ],
      "ReleaseDate": "1/1/1991"
    },
    {
      "Titles": [
        "Crazy Cars II"
      ],
      "Sha1s2Md5": "92757bf74b00f8e777b65a9f8ebcf507",
      "Crcs2Md5": "5fa53007c3c7d09d9c8e5c1f8a1828e9",
      "Sets": {
        "1": [
          "crzycrs2"
        ]
      },
      "Size": 131072,
      "Publishers": [
        3
      ],
      "ReleaseDate": "1/1/1990"
    },
    {
      "Titles": [
        "Dick Tracy"
      ],
      "Sha1s2Md5": "b35785c421ec82831d5821eb76644815",
      "Crcs2Md5": "5828d18a938e352acd794b82ae16388b",
      "Sets": {
        "1": [
          "dicktr"
        ]
      },
      "Size": 131072,
      "Publishers": [
        3
      ],
      "ReleaseDate": "1/1/1990"
    },
    {
      "Titles": [
        "Fire & Forget II"
      ],
      "Sha1s2Md5": "4b63c1691d188fe616f20c15b44be72b",
      "Crcs2Md5": "9d8b3cd828c5bd6e6a9765e5de3383be",
      "Sets": {
        "1": [
          "firefor2"
        ]
      },
      "Size": 131072,
      "Publishers": [
        3
      ],
      "ReleaseDate": "1/1/1990"
    },
    {
      "Titles": [
        "Klax"
      ],
      "Sha1s2Md5": "147c7d59ead3bd9063b0f0cad6fb2eb9",
      "Crcs2Md5": "29958e5f3da33afb355c86771f88efcf",
      "Sets": {
        "1": [
          "klax"
        ]
      },
      "Size": 131072,
      "Publishers": [
        4
      ],
      "ReleaseDate": "1/1/1990"
    },
    {
      "Titles": [
        "Locomotive BASIC + ParaDOS"
      ],
      "Sha1s2Md5": "663ff93a2d12480fe65be15d15b12606",
      "Crcs2Md5": "49677ffa98939beb5258ecd934c5506b",
      "Sets": {
        "1": [
          "sysukpd"
        ]
      },
      "Size": 131072,
      "Publishers": [
        12
      ],
      "CloneOf": "sysuk",
      "ReleaseDate": "1/1/1990"
    },
    {
      "Titles": [
        "Locomotive BASIC + ParaDOS"
      ],
      "Sha1s2Md5": "3c18693d7235577760feaf1f80276df1",
      "Crcs2Md5": "32600e1e20a4890d1dad29e0260859aa",
      "Sets": {
        "1": [
          "sysfrpd"
        ]
      },
      "Size": 131072,
      "Publishers": [
        12
      ],
      "CloneOf": "sysfr",
      "ReleaseDate": "1/1/1990",
      "Regions": [
        "FR"
      ],
      "Languages": [
        "fr"
      ]
    },
    {
      "Titles": [
        "Locomotive BASIC + ParaDOS"
      ],
      "Sha1s2Md5": "a556c5213c77bb173a3fba32c26477d2",
      "Crcs2Md5": "ef7eb7c2ac753c26f20860a5b65a703d",
      "Sets": {
        "1": [
          "sysespd"
        ]
      },
      "Size": 131072,
      "Publishers": [
        12
      ],
      "CloneOf": "syses",
      "ReleaseDate": "1/1/1990",
      "Regions": [
        "ES"
      ],
      "Languages": [
        "es"
      ]
    },
    {
      "Titles": [
        "Mystical"
      ],
      "Sha1s2Md5": "f2f3cf39d1a523bf754cc412f8cc54b3",
      "Crcs2Md5": "1b614e422f7f6a1f62adcfed0a159522",
      "Sets": {
        "1": [
          "mystical"
        ]
      },
      "Size": 131072,
      "Publishers": [
        5
      ],
      "ReleaseDate": "1/1/1990"
    },
    {
      "Titles": [
        "Navy Seals"
      ],
      "Sha1s2Md5": "7b4a69c26b5bf3765a613a2d5820fc8a",
      "Crcs2Md5": "db5876832e1e35f1a9d97c320a6cb98c",
      "Sets": {
        "1": [
          "navyseal"
        ]
      },
      "Size": 131072,
      "Publishers": [
        1
      ],
      "ReleaseDate": "1/1/1990"
    },
    {
      "Titles": [
        "No Exit"
      ],
      "Sha1s2Md5": "0a8e8be08d92c804cde39d4e35e877c0",
      "Crcs2Md5": "f6a4fb090ebd94e18ef14396f9980a3a",
      "Sets": {
        "1": [
          "noexit"
        ]
      },
      "Size": 131072,
      "Publishers": [
        6
      ],
      "ReleaseDate": "1/1/1990"
    },
    {
      "Titles": [
        "Operation Thunderbolt"
      ],
      "Sha1s2Md5": "d0b760e41b074b2154d58e98839846b7",
      "Crcs2Md5": "a3e800c7ac4fc3eee3d2f2e08e4ef5c0",
      "Sets": {
        "1": [
          "othunder"
        ]
      },
      "Size": 131072,
      "Publishers": [
        1
      ],
      "ReleaseDate": "1/1/1990"
    },
    {
      "Titles": [
        "Pang"
      ],
      "Sha1s2Md5": "ff5c33a92822db0ee40536b3f443080b",
      "Crcs2Md5": "a691e85fc46674df0c8ea349019ab801",
      "Sets": {
        "1": [
          "pang"
        ]
      },
      "Size": 131072,
      "Publishers": [
        1
      ],
      "ReleaseDate": "1/1/1990"
    },
    {
      "Titles": [
        "Panza Kick Boxing"
      ],
      "Sha1s2Md5": "6b5473cfbf661cc002c40dbb1c734678",
      "Crcs2Md5": "936cf38ae9e2a7c7c429abfb5662dc03",
      "Sets": {
        "1": [
          "panzakb"
        ]
      },
      "Size": 131072,
      "Publishers": [
        2
      ],
      "ReleaseDate": "1/1/1991"
    },
    {
      "Titles": [
        "Pinball Magic"
      ],
      "Sha1s2Md5": "d7180f6ffea7644176e185e9929097cd",
      "Crcs2Md5": "7588d713767f9220fc88b267a2d9dc52",
      "Sets": {
        "1": [
          "pinmagic"
        ]
      },
      "Size": 131072,
      "Publishers": [
        2
      ],
      "ReleaseDate": "1/1/1991"
    },
    {
      "Titles": [
        "Plotting"
      ],
      "Sha1s2Md5": "fc8c64ff53eeb4a64aed9a5b9ab8a2da",
      "Crcs2Md5": "2d16369e58a60a1922fe5ea2137ea535",
      "Sets": {
        "1": [
          "plotting"
        ]
      },
      "Size": 131072,
      "Publishers": [
        1
      ],
      "ReleaseDate": "1/1/1990"
    },
    {
      "Titles": [
        "Pro Tennis Tour"
      ],
      "Sha1s2Md5": "fddddf86b81260518f6bc48f8d6aff23",
      "Crcs2Md5": "3685f38c477326fa2f0ea9094fcb0c36",
      "Sets": {
        "1": [
          "protennt"
        ]
      },
      "Size": 131072,
      "Publishers": [
        7
      ],
      "ReleaseDate": "1/1/1989"
    },
    {
      "Titles": [
        "Robocop 2"
      ],
      "Sha1s2Md5": "3d660024f187cb9e503ab6e3e271aa7d",
      "Crcs2Md5": "226e66050bada8673ceae6b69da3f1f6",
      "Sets": {
        "1": [
          "robocop2"
        ]
      },
      "Size": 131072,
      "Publishers": [
        1
      ],
      "ReleaseDate": "1/1/1990"
    },
    {
      "Titles": [
        "Skeet Shoot"
      ],
      "Sha1s2Md5": "e205b595651fc543060276d8c0a2ce06",
      "Crcs2Md5": "e1f44ec0b969dd4dd72b5d721f2da5dc",
      "Sets": {
        "1": [
          "skeetsh"
        ]
      },
      "Size": 131072,
      "Publishers": [
        8
      ],
      "ReleaseDate": "1/1/1990"
    },
    {
      "Titles": [
        "Switchblade"
      ],
      "Sha1s2Md5": "87b808ab1742477b4fa0d066311128d3",
      "Crcs2Md5": "5a265ea36c6f1120c3d8750f7559f4a2",
      "Sets": {
        "1": [
          "switchbl"
        ]
      },
      "Size": 131072,
      "Publishers": [
        9
      ],
      "ReleaseDate": "1/1/1990"
    },
    {
      "Titles": [
        "Tennis Cup II"
      ],
      "Sha1s2Md5": "175289ba877ebce73242eec77e9369ff",
      "Crcs2Md5": "c6915e7c56fea7349743129f69fcb8ac",
      "Sets": {
        "1": [
          "tennisc2"
        ]
      },
      "Size": 131072,
      "Publishers": [
        2
      ],
      "ReleaseDate": "1/1/1990"
    },
    {
      "Titles": [
        "The Enforcer"
      ],
      "Sha1s2Md5": "aa17071901fb365642df5e91ba7c50e4",
      "Crcs2Md5": "8a5fd141a9f8f45cfcf76f54e6fdc555",
      "Sets": {
        "1": [
          "enforcer"
        ]
      },
      "Size": 131072,
      "Publishers": [
        8
      ],
      "ReleaseDate": "1/1/1990"
    },
    {
      "Titles": [
        "Tintin On The Moon"
      ],
      "Sha1s2Md5": "250fa1db1ed0ec123f5c99d6025608a6",
      "Crcs2Md5": "c4c6d270eb52c3747f7d3ae574e9f540",
      "Sets": {
        "1": [
          "tintin"
        ]
      },
      "Size": 131072,
      "Publishers": [
        5
      ],
      "ReleaseDate": "1/1/1990"
    },
    {
      "Titles": [
        "Wild Streets"
      ],
      "Sha1s2Md5": "d37a1012964ed736fe3c58ca9eef2573",
      "Crcs2Md5": "8cc9bc88430d6d155b436f68aae02e19",
      "Sets": {
        "1": [
          "wildstrt"
        ]
      },
      "Size": 131072,
      "Publishers": [
        3
      ],
      "ReleaseDate": "1/1/1990"
    },
    {
      "Titles": [
        "World of Sports"
      ],
      "Sha1s2Md5": "d54fb531bd5f6cdacfbbdea0c8253ede",
      "Crcs2Md5": "c8af50042fed466df7e631aea0c12348",
      "Sets": {
        "1": [
          "worldspt"
        ]
      },
      "Size": 131072,
      "Publishers": [
        10
      ],
      "ReleaseDate": "1/1/1990"
    }
  ],
  "Overviews": {},
  "Genres": {},
  "Companies": {
    "0": "Palace Software",
    "1": "Ocean Software",
    "2": "Loriciel Software",
    "3": "Titus Software",
    "4": "Domark",
    "5": "Infogrames",
    "6": "CVS",
    "7": "Ubisoft",
    "8": "Trojan",
    "9": "Gremlin Graphics",
    "10": "EPYX",
    "11": "Amstrad",
    "12": "homebrew"
  },
  "Tags": {}
}