{
  "PlatformName": "New Nintendo 3DS",
  "LastUpdate": "6/25/2022 4:51:02 AM",
  "Games": [
    {
      "Titles": [
        "Akumajou Dracula"
      ],
      "Sha1s2Md5": "6cafd55918f11a0c74cf43b033f10c6e",
      "Crcs2Md5": "2ebc9e50577f1b016d79880f6e6b614d",
      "Sets": {
        "2": [
          "Akumajou Dracula (Japan) (SNES) (Virtual Console)"
        ]
      },
      "Size": 3809892,
      "Regions": [
        "JP"
      ]
    },
    {
      "Titles": [
        "amiibo Kuji Biki Apuri"
      ],
      "Sha1s2Md5": "2358fe10cf89c2dab6f1b72d313bbc3f",
      "Crcs2Md5": "318817906ae2baa905d414a9ec9001ff",
      "Sets": {
        "2": [
          "amiibo Kuji Biki Apuri (Japan)"
        ]
      },
      "Size": 6791780,
      "Regions": [
        "JP"
      ]
    },
    {
      "Titles": [
        "Binding of Isaac - Rebirth, The"
      ],
      "Sha1s2Md5": "7c2a5902155bb00ffed805111ebfe221",
      "Crcs2Md5": "bfbc84a8cc6d8ff3b481d6610b45de8b",
      "Sets": {
        "2": [
          "Binding of Isaac - Rebirth, The (USA) (eShop)"
        ]
      },
      "Size": 335319652,
      "Regions": [
        "US"
      ],
      "Languages": [
        "en"
      ]
    },
    {
      "Titles": [
        "Binding of Isaac - Rebirth, The"
      ],
      "Sha1s2Md5": "73ef3df36e0eedacde89e4080681bf21",
      "Crcs2Md5": "6618d756f9c7acd55e945029f77d0a1b",
      "Sets": {
        "2": [
          "Binding of Isaac - Rebirth, The (USA) (v1040) (eShop)"
        ]
      },
      "Size": 344478308,
      "Regions": [
        "US"
      ],
      "Languages": [
        "en"
      ]
    },
    {
      "Titles": [
        "Binding of Isaac - Rebirth, The"
      ],
      "Sha1s2Md5": "8c6db1b641522ae3828fcb9599f7b018",
      "Crcs2Md5": "ff25e32c90c54fbccb89df0b49563115",
      "Sets": {
        "2": [
          "Binding of Isaac - Rebirth, The (USA) (v3120) (eShop)"
        ]
      },
      "Size": 347062884,
      "Regions": [
        "US"
      ],
      "Languages": [
        "en"
      ]
    },
    {
      "Titles": [
        "Binding of Isaac - Rebirth, The"
      ],
      "Sha1s2Md5": "8070a9721e9f6a9d6eadfd52b65c8841",
      "Crcs2Md5": "d3be38217cad9260e36c115d95748738",
      "Sets": {
        "2": [
          "Binding of Isaac - Rebirth, The (Europe) (eShop)"
        ]
      },
      "Size": 347132516,
      "Regions": [
        "EU"
      ]
    },
    {
      "Titles": [
        "Binding of Isaac - Rebirth, The"
      ],
      "Sha1s2Md5": "7f3c1fb9cda359c02cb01189f54c6ac0",
      "Crcs2Md5": "b853254906607c8ffa46180cea869544",
      "Sets": {
        "2": [
          "Binding of Isaac - Rebirth, The (Japan) (eShop)"
        ]
      },
      "Size": 351199844,
      "Regions": [
        "JP"
      ]
    },
    {
      "Titles": [
        "Binding of Isaac - Rebirth, The"
      ],
      "Sha1s2Md5": "cb1faa059fe81cf7a815a14ddb5e420d",
      "Crcs2Md5": "745a35cebeb3987937c4069b96f7e1b1",
      "Sets": {
        "2": [
          "Binding of Isaac - Rebirth, The (USA) (v2080) (eShop)"
        ]
      },
      "Size": 344883812,
      "Regions": [
        "US"
      ],
      "Languages": [
        "en"
      ]
    },
    {
      "Titles": [
        "Binding of Isaac - Rebirth, The"
      ],
      "Sha1s2Md5": "2630a070de18c00f28364f050eb321dd",
      "Crcs2Md5": "46bf662ef2f4f57aae4fc8418e7a812e",
      "Sets": {
        "2": [
          "Binding of Isaac - Rebirth, The (Japan) [b]"
        ]
      },
      "Size": 536870912,
      "Regions": [
        "JP"
      ]
    },
    {
      "Titles": [
        "Binding of Isaac, The - Rebirth"
      ],
      "Sha1s2Md5": "955101dfd93fc50bd633bc7efe69b49b",
      "Crcs2Md5": "f4397396e2cf0732b55c2655cf10b6c6",
      "Sets": {
        "2": [
          "Binding of Isaac, The - Rebirth (Korea)"
        ]
      },
      "Size": 368345700,
      "Regions": [
        "KR"
      ]
    },
    {
      "Titles": [
        "BlockForm"
      ],
      "Sha1s2Md5": "c48a8ee8137a4bfb6828882491c3e54e",
      "Crcs2Md5": "d35c9b8fa9de0aa61d276ffdc4b743ca",
      "Sets": {
        "2": [
          "BlockForm (Europe)"
        ]
      },
      "Size": 42345060,
      "Regions": [
        "EU"
      ]
    },
    {
      "Titles": [
        "BlockForm"
      ],
      "Sha1s2Md5": "9158b7fb91f2e54c1462bbb05175852d",
      "Crcs2Md5": "23c35337e896db93ebfcfb7c87c64e1b",
      "Sets": {
        "2": [
          "BlockForm (USA)"
        ]
      },
      "Size": 42316388,
      "Regions": [
        "US"
      ],
      "Languages": [
        "en"
      ]
    },
    {
      "Titles": [
        "Box Up"
      ],
      "Sha1s2Md5": "81171219ad6e1fda54b71fba140bb847",
      "Crcs2Md5": "ab6af05a8a474ebe2549c613adcf1f32",
      "Sets": {
        "2": [
          "Box Up (Europe)"
        ]
      },
      "Size": 31388260,
      "Regions": [
        "EU"
      ]
    },
    {
      "Titles": [
        "Box Up"
      ],
      "Sha1s2Md5": "519120cb077f105470a8742e32c402d3",
      "Crcs2Md5": "7d129e911ea9f321664007e34ba7bca5",
      "Sets": {
        "2": [
          "Box Up (USA)"
        ]
      },
      "Size": 30999140,
      "Regions": [
        "US"
      ],
      "Languages": [
        "en"
      ]
    },
    {
      "Titles": [
        "Breath of Fire"
      ],
      "Sha1s2Md5": "67c93089688e355092313ced7a7caa28",
      "Crcs2Md5": "c70261dbe298bd7f5aa85c7e42da7fb8",
      "Sets": {
        "2": [
          "Breath of Fire (USA, Europe) (SNES) (Virtual Console)"
        ]
      },
      "Size": 6914660,
      "Regions": [
        "US",
        "EU"
      ],
      "Languages": [
        "en"
      ]
    },
    {
      "Titles": [
        "Breath of Fire II"
      ],
      "Sha1s2Md5": "321001b6413150974ad1aed530040d48",
      "Crcs2Md5": "e1382a9047a77a712a013d4b39708bb0",
      "Sets": {
        "2": [
          "Breath of Fire II (USA, Europe) (SNES) (Virtual Console)"
        ]
      },
      "Size": 8753764,
      "Regions": [
        "US",
        "EU"
      ],
      "Languages": [
        "en"
      ]
    },
    {
      "Titles": [
        "Brick Race"
      ],
      "Sha1s2Md5": "81dacdda535ea25b9bb4eedf92f230dc",
      "Crcs2Md5": "4ef9d518b6faeae5c3a7d359a5c95065",
      "Sets": {
        "2": [
          "Brick Race (USA)"
        ]
      },
      "Size": 30155364,
      "Regions": [
        "US"
      ],
      "Languages": [
        "en"
      ]
    },
    {
      "Titles": [
        "Brick Race"
      ],
      "Sha1s2Md5": "9a51ae7ddd898fb8aef9b091e829aeb5",
      "Crcs2Md5": "fe374bdfa8f74de9061e0968a01a2e5a",
      "Sets": {
        "2": [
          "Brick Race (Europe)"
        ]
      },
      "Size": 30184036,
      "Regions": [
        "EU"
      ]
    },
    {
      "Titles": [
        "Castlevania Dracula X"
      ],
      "Sha1s2Md5": "15befc4c0d9aa2ba8912a0e8242d4459",
      "Crcs2Md5": "a4d5b098a35d084cc94cba1a8d8a1d97",
      "Sets": {
        "2": [
          "Castlevania Dracula X (USA, Europe) (SNES) (Virtual Console)"
        ]
      },
      "Size": 6783588,
      "Regions": [
        "US",
        "EU"
      ],
      "Languages": [
        "en"
      ]
    },
    {
      "Titles": [
        "Chou Makaimura"
      ],
      "Sha1s2Md5": "ca635f1a5a8e296f5b385ec6fc9f62c9",
      "Crcs2Md5": "8328838e307a573a6184b78efda14dfc",
      "Sets": {
        "2": [
          "Chou Makaimura (Japan) (SNES) (Virtual Console)"
        ]
      },
      "Size": 3871332,
      "Regions": [
        "JP"
      ]
    },
    {
      "Titles": [
        "Color Cubes"
      ],
      "Sha1s2Md5": "9f8d215d4e6a9a364ef5f495c2ae9fae",
      "Crcs2Md5": "919be653a6caa1cb941347136bebb179",
      "Sets": {
        "2": [
          "Color Cubes (Europe)"
        ]
      },
      "Size": 42078820,
      "Regions": [
        "EU"
      ]
    },
    {
      "Titles": [
        "Color Cubes"
      ],
      "Sha1s2Md5": "b198a4a7d4eae86ad5258f97db34e332",
      "Crcs2Md5": "ec31f2bf09e163b519754ffb42982c21",
      "Sets": {
        "2": [
          "Color Cubes (USA)"
        ]
      },
      "Size": 42046052,
      "Regions": [
        "US"
      ],
      "Languages": [
        "en"
      ]
    },
    {
      "Titles": [
        "Contra III - The Alien Wars"
      ],
      "Sha1s2Md5": "737954da3d9812a7697f4fe90472de06",
      "Crcs2Md5": "a6442427786c55f79f450ad8cd750a51",
      "Sets": {
        "2": [
          "Contra III - The Alien Wars (USA, Europe) (SNES) (Virtual Console)"
        ]
      },
      "Size": 5796452,
      "Regions": [
        "US",
        "EU"
      ],
      "Languages": [
        "en"
      ]
    },
    {
      "Titles": [
        "Contra Spirits"
      ],
      "Sha1s2Md5": "40cf5efbb9b86ff2edec5514ac431dcc",
      "Crcs2Md5": "1a1cf604151d0cd7427ce1d4334c504b",
      "Sets": {
        "2": [
          "Contra Spirits (Japan) (SNES) (Virtual Console)"
        ]
      },
      "Size": 4002404,
      "Regions": [
        "JP"
      ]
    },
    {
      "Titles": [
        "Cup Critters"
      ],
      "Sha1s2Md5": "38e64bf112cbd242aedd5c26551534e6",
      "Crcs2Md5": "694bf5d8df1ef41ea4d77e342b11d547",
      "Sets": {
        "2": [
          "Cup Critters (Europe)"
        ]
      },
      "Size": 34173540,
      "Regions": [
        "EU"
      ]
    },
    {
      "Titles": [
        "Cup Critters"
      ],
      "Sha1s2Md5": "f51f6e42ef76dc3d952e6fda1c845dbc",
      "Crcs2Md5": "abb383bd9e175dcb3916757f6aa9aa97",
      "Sets": {
        "2": [
          "Cup Critters (USA)"
        ]
      },
      "Size": 34128484,
      "Regions": [
        "US"
      ],
      "Languages": [
        "en"
      ]
    },
    {
      "Titles": [
        "Demon's Crest"
      ],
      "Sha1s2Md5": "d2869fbdda397f9d9a1d15c0686dbeae",
      "Crcs2Md5": "97941daab15c404b2a36d457c3288e8f",
      "Sets": {
        "2": [
          "Demon's Crest (USA, Europe) (SNES) (Virtual Console)"
        ]
      },
      "Size": 7119460,
      "Regions": [
        "US",
        "EU"
      ],
      "Languages": [
        "en"
      ]
    },
    {
      "Titles": [
        "Donkey Kong Country"
      ],
      "Sha1s2Md5": "5d25b3c58f100af316cf98eaf8964892",
      "Crcs2Md5": "704dd787a8d70223af32d4b6d16ab62f",
      "Sets": {
        "2": [
          "Donkey Kong Country (USA, Europe) (SNES) (Virtual Console)"
        ]
      },
      "Size": 9146980,
      "Regions": [
        "US",
        "EU"
      ],
      "Languages": [
        "en"
      ]
    },
    {
      "Titles": [
        "Donkey Kong Country 2 - Diddy's Kong Quest"
      ],
      "Sha1s2Md5": "6f60d29b0fec326d5057f05038cf374f",
      "Crcs2Md5": "672c9847cf81ce3ede06e6518e63f978",
      "Sets": {
        "2": [
          "Donkey Kong Country 2 - Diddy's Kong Quest (USA, Europe) (SNES) (Virtual Console)"
        ]
      },
      "Size": 9990756,
      "Regions": [
        "US",
        "EU"
      ],
      "Languages": [
        "en"
      ]
    },
    {
      "Titles": [
        "Donkey Kong Country 3 - Dixie Kong's Double Trouble"
      ],
      "Sha1s2Md5": "81d651b0c6f8954aad39d8b18cd18353",
      "Crcs2Md5": "eb6bb5e3baee75a8ca6398319968bed0",
      "Sets": {
        "2": [
          "Donkey Kong Country 3 - Dixie Kong's Double Trouble (USA, Europe) (SNES) (Virtual Console)"
        ]
      },
      "Size": 10007140,
      "Regions": [
        "US",
        "EU"
      ],
      "Languages": [
        "en"
      ]
    },
    {
      "Titles": [
        "Dragon Fang"
      ],
      "Sha1s2Md5": "cf1ec0aac836f0d20eab5c6ebebe44f3",
      "Crcs2Md5": "d9348afe1be630edc3d280cbe17aff57",
      "Sets": {
        "2": [
          "Dragon Fang (Japan) [b]"
        ]
      },
      "Size": 536870912,
      "Regions": [
        "JP"
      ]
    },
    {
      "Titles": [
        "DragonFang - The Doran and Dungeon of Time"
      ],
      "Sha1s2Md5": "c5997671467f83983944703c08ef49b3",
      "Crcs2Md5": "a6af1a486785a75e7aef7a83b234517d",
      "Sets": {
        "2": [
          "DragonFang - The Doran and Dungeon of Time (Japan)"
        ]
      },
      "Size": 262939236,
      "Regions": [
        "JP"
      ]
    },
    {
      "Titles": [
        "EarthBound"
      ],
      "Sha1s2Md5": "2d081867cca182e2f73c66bf242d8276",
      "Crcs2Md5": "e8c02b6aa7317d0affd2cf3c5ceaf54f",
      "Sets": {
        "2": [
          "EarthBound (USA, Europe) (SNES) (Virtual Console)"
        ]
      },
      "Size": 10166272,
      "Regions": [
        "US",
        "EU"
      ],
      "Languages": [
        "en"
      ]
    },
    {
      "Titles": [
        "F-Zero"
      ],
      "Sha1s2Md5": "c6841e0e0819754b9096dda16f68165c",
      "Crcs2Md5": "3f853d02379eae04c9571c9574690fff",
      "Sets": {
        "2": [
          "F-Zero (USA, Europe) (SNES) (Virtual Console)"
        ]
      },
      "Size": 5108324,
      "Regions": [
        "US",
        "EU"
      ],
      "Languages": [
        "en"
      ]
    },
    {
      "Titles": [
        "F-Zero"
      ],
      "Sha1s2Md5": "29b34aba7b397869ca58b76a7e9e422e",
      "Crcs2Md5": "36deda69c4889072587e212f77c2c853",
      "Sets": {
        "2": [
          "F-Zero (Japan) (SNES) (Virtual Console)"
        ]
      },
      "Size": 3285604,
      "Regions": [
        "JP"
      ]
    },
    {
      "Titles": [
        "Final Fight"
      ],
      "Sha1s2Md5": "e52743dd17fed935e0d4eb7175cf1e31",
      "Crcs2Md5": "6b1519d6ffa55f6137334b7098005f2c",
      "Sets": {
        "2": [
          "Final Fight (Japan) (SNES) (Virtual Console)"
        ]
      },
      "Size": 4055652,
      "Regions": [
        "JP"
      ]
    },
    {
      "Titles": [
        "Final Fight"
      ],
      "Sha1s2Md5": "46cc50be055ff7c3abcc04a428e5e100",
      "Crcs2Md5": "c9f3d629adb10ab21a12de788e454762",
      "Sets": {
        "2": [
          "Final Fight (USA, Europe) (SNES) (Virtual Console)"
        ]
      },
      "Size": 5722724,
      "Regions": [
        "US",
        "EU"
      ],
      "Languages": [
        "en"
      ]
    },
    {
      "Titles": [
        "Final Fight 2"
      ],
      "Sha1s2Md5": "fcba0f5efb5d838912d5dfad50a6c57b",
      "Crcs2Md5": "41278f7bb784d56cde93b7746b1cd3b8",
      "Sets": {
        "2": [
          "Final Fight 2 (Japan) (SNES) (Virtual Console)"
        ]
      },
      "Size": 4002404,
      "Regions": [
        "JP"
      ]
    },
    {
      "Titles": [
        "Final Fight 2"
      ],
      "Sha1s2Md5": "2ca4e4eac0a187c7d79b8f61c681c06b",
      "Crcs2Md5": "223b007139ef9547b3a1f4a3498ad1d4",
      "Sets": {
        "2": [
          "Final Fight 2 (USA, Europe) (SNES) (Virtual Console)"
        ]
      },
      "Size": 5993060,
      "Regions": [
        "US",
        "EU"
      ],
      "Languages": [
        "en"
      ]
    },
    {
      "Titles": [
        "Final Fight 3"
      ],
      "Sha1s2Md5": "e83c03feaef4136042fd701d1dd0fb41",
      "Crcs2Md5": "50e1d9a49e51ed3f52251c35ab6b6afc",
      "Sets": {
        "2": [
          "Final Fight 3 (USA, Europe) (SNES) (Virtual Console)"
        ]
      },
      "Size": 7987812,
      "Regions": [
        "US",
        "EU"
      ],
      "Languages": [
        "en"
      ]
    },
    {
      "Titles": [
        "Final Fight Tough"
      ],
      "Sha1s2Md5": "9d56c362dd7dbcb149ff702ef2017643",
      "Crcs2Md5": "3a61f17d361b0464ed6355be48193703",
      "Sets": {
        "2": [
          "Final Fight Tough (Japan) (SNES) (Virtual Console)"
        ]
      },
      "Size": 6193764,
      "Regions": [
        "JP"
      ]
    },
    {
      "Titles": [
        "Fire Emblem - Monshou no Nazo"
      ],
      "Sha1s2Md5": "abeb8d1709d008128f43143904b3a0c7",
      "Crcs2Md5": "bd03babdcad5f75ca1665c5316863b69",
      "Sets": {
        "2": [
          "Fire Emblem - Monshou no Nazo (Japan) (SNES) (Virtual Console)"
        ]
      },
      "Size": 6632036,
      "Regions": [
        "JP"
      ]
    },
    {
      "Titles": [
        "Fire Emblem - Seisen no Keifu"
      ],
      "Sha1s2Md5": "36c231e9d5dc5e760fa0628666d8127b",
      "Crcs2Md5": "ec76b95b941d270db8f07412f25bd10e",
      "Sets": {
        "2": [
          "Fire Emblem - Seisen no Keifu (Japan) (SNES) (Virtual Console)"
        ]
      },
      "Size": 8397412,
      "Regions": [
        "JP"
      ]
    },
    {
      "Titles": [
        "Fire Emblem - Thracia 776"
      ],
      "Sha1s2Md5": "fb69c61882ae60f65d837dbe4b24933a",
      "Crcs2Md5": "9fb46ae8118589a54e0d00fd1ae59c28",
      "Sets": {
        "2": [
          "Fire Emblem - Thracia 776 (Japan) (SNES) (Virtual Console)"
        ]
      },
      "Size": 7946852,
      "Regions": [
        "JP"
      ]
    },
    {
      "Titles": [
        "Fire Emblem Musou"
      ],
      "Sha1s2Md5": "8828f7a108b90db28415a0c4f87e6b30",
      "Crcs2Md5": "03082b66298e03667fb34bd1802e5831",
      "Sets": {
        "2": [
          "Fire Emblem Musou (Japan)"
        ]
      },
      "Size": 4294967296,
      "Regions": [
        "JP"
      ]
    },
    {
      "Titles": [
        "Fire Emblem Warriors"
      ],
      "Sha1s2Md5": "d67807b9674f1dbc5bc54c24242461d2",
      "Crcs2Md5": "0caf9565b68ec6bfde432f568e881e58",
      "Sets": {
        "2": [
          "Fire Emblem Warriors (Europe) (En,Fr,De,Es,It)"
        ]
      },
      "Size": 2147483648,
      "Regions": [
        "EU"
      ],
      "Languages": [
        "en",
        "fr",
        "de",
        "es",
        "it"
      ]
    },
    {
      "Titles": [
        "Fire Emblem Warriors"
      ],
      "Sha1s2Md5": "e9377cfb8800b6b15792faee31cb5255",
      "Crcs2Md5": "81a0508fbbaad8c154d128ef6e979dd9",
      "Sets": {
        "2": [
          "Fire Emblem Warriors (USA)"
        ]
      },
      "Size": 2147483648,
      "Regions": [
        "US"
      ],
      "Languages": [
        "en"
      ]
    },
    {
      "Titles": [
        "Frutakia 2"
      ],
      "Sha1s2Md5": "619ba6a9623ed16408b881fbcf774f7d",
      "Crcs2Md5": "c5ae1d8b844ec17ad0381ba7233787ee",
      "Sets": {
        "2": [
          "Frutakia 2 (USA) (eShop) (CIA) [b]"
        ]
      },
      "Size": 43742208,
      "Regions": [
        "US"
      ],
      "Languages": [
        "en"
      ]
    },
    {
      "Titles": [
        "Futuridium EP Deluxe"
      ],
      "Sha1s2Md5": "43bff115452cfcfff2292a86dd711308",
      "Crcs2Md5": "f4aac3c4a2bb94a49ccb338941b546d3",
      "Sets": {
        "2": [
          "Futuridium EP Deluxe (Europe)"
        ]
      },
      "Size": 228512356,
      "Regions": [
        "EU"
      ]
    },
    {
      "Titles": [
        "Futuridium EP Deluxe"
      ],
      "Sha1s2Md5": "7597ea7b0d015a565f9bd1f91d7d2143",
      "Crcs2Md5": "ce3678d1772e488b8ebaff19c30ce967",
      "Sets": {
        "2": [
          "Futuridium EP Deluxe (USA)"
        ]
      },
      "Size": 228455012,
      "Regions": [
        "US"
      ],
      "Languages": [
        "en"
      ]
    },
    {
      "Titles": [
        "Galaxy Blaster"
      ],
      "Sha1s2Md5": "635b0c72116c4173b04d251527e2ccb4",
      "Crcs2Md5": "583e0be90a923f0c24743c8cacbeb78d",
      "Sets": {
        "2": [
          "Galaxy Blaster (Europe)"
        ]
      },
      "Size": 54198884,
      "Regions": [
        "EU"
      ]
    },
    {
      "Titles": [
        "Galaxy Blaster"
      ],
      "Sha1s2Md5": "99977689153e2d832d91d9c4e00ded2d",
      "Crcs2Md5": "341de82d235b23b6067a1caa4d2865a9",
      "Sets": {
        "2": [
          "Galaxy Blaster (USA)"
        ]
      },
      "Size": 54170212,
      "Regions": [
        "US"
      ],
      "Languages": [
        "en"
      ]
    },
    {
      "Titles": [
        "Ganbare Goemon - Yukihime Kyuushutsu Emaki"
      ],
      "Sha1s2Md5": "282210e6cfcb7b488c7931f3f0cafb9b",
      "Crcs2Md5": "7808aa0c53e5e699d1cdffad79866ce4",
      "Sets": {
        "2": [
          "Ganbare Goemon - Yukihime Kyuushutsu Emaki (Japan) (SNES) (Virtual Console)"
        ]
      },
      "Size": 3920484,
      "Regions": [
        "JP"
      ]
    },
    {
      "Titles": [
        "Guide the Ghost"
      ],
      "Sha1s2Md5": "d99831c68dcb01607bc621b94a9578fb",
      "Crcs2Md5": "417dc42376f518012865d3a3563ec0a7",
      "Sets": {
        "2": [
          "Guide the Ghost (USA) (eShop) (CIA) [b]"
        ]
      },
      "Size": 33768448,
      "Regions": [
        "US"
      ],
      "Languages": [
        "en"
      ]
    },
    {
      "Titles": [
        "Hit Ninja"
      ],
      "Sha1s2Md5": "12f222de171fc5c49a692477c58a5228",
      "Crcs2Md5": "4f1a0bc8c7dede2499b31dcef57563d1",
      "Sets": {
        "2": [
          "Hit Ninja (USA)"
        ]
      },
      "Size": 33251940,
      "Regions": [
        "US"
      ],
      "Languages": [
        "en"
      ]
    },
    {
      "Titles": [
        "Hiyoko Mamire"
      ],
      "Sha1s2Md5": "b8390b56b180566ca556f7623f37fa24",
      "Crcs2Md5": "5d6fb42685cc3d3e175208854502cc75",
      "Sets": {
        "2": [
          "Hiyoko Mamire (Japan) (SNES) (Virtual Console)"
        ]
      },
      "Size": 56566372,
      "Regions": [
        "JP"
      ]
    },
    {
      "Titles": [
        "Hyperlight EX"
      ],
      "Sha1s2Md5": "569f403e89fe6b6483d5228f95a98473",
      "Crcs2Md5": "a3003dbebcd2377b257f2006ff43fb44",
      "Sets": {
        "2": [
          "Hyperlight EX (Europe)"
        ]
      },
      "Size": 80896612,
      "Regions": [
        "EU"
      ]
    },
    {
      "Titles": [
        "Hyperlight EX"
      ],
      "Sha1s2Md5": "3ec19484b2a47fbb56fdd04462b9921d",
      "Crcs2Md5": "9bf0116fbfa8ed61df643fd00829794c",
      "Sets": {
        "2": [
          "Hyperlight EX (USA)"
        ]
      },
      "Size": 80814692,
      "Regions": [
        "US"
      ],
      "Languages": [
        "en"
      ]
    },
    {
      "Titles": [
        "Kirby Bowl"
      ],
      "Sha1s2Md5": "ef719169b2cc2ddc88ec6bd555649ef8",
      "Crcs2Md5": "e11a8bc01b626c8877e012ba752f893e",
      "Sets": {
        "2": [
          "Kirby Bowl (Japan) (SNES) (Virtual Console)"
        ]
      },
      "Size": 4166244,
      "Regions": [
        "JP"
      ]
    },
    {
      "Titles": [
        "Kirby no KiraKira Kids"
      ],
      "Sha1s2Md5": "c60c9c59c13479a84bb5b1ccb1f00647",
      "Crcs2Md5": "f94cde408482d0c3afef8370ecae50a2",
      "Sets": {
        "2": [
          "Kirby no KiraKira Kids (Japan) (SNES) (Virtual Console)"
        ]
      },
      "Size": 5005924,
      "Regions": [
        "JP"
      ]
    },
    {
      "Titles": [
        "Kirby's Dream Course"
      ],
      "Sha1s2Md5": "4eb75ea0af0a794d83948f33d3246074",
      "Crcs2Md5": "2947c893e958df697a55906c098092c0",
      "Sets": {
        "2": [
          "Kirby's Dream Course (Europe) (SNES) (Virtual Console)"
        ]
      },
      "Size": 6173284,
      "Regions": [
        "EU"
      ]
    },
    {
      "Titles": [
        "Legend of the Mystical Ninja, The"
      ],
      "Sha1s2Md5": "e3ceb0ef8b02be4eb89b072b55ac5496",
      "Crcs2Md5": "970b85ac43b5960e43b174953290e3af",
      "Sets": {
        "2": [
          "Legend of the Mystical Ninja, The (USA, Europe) (SNES) (Virtual Console)"
        ]
      },
      "Size": 5853796,
      "Regions": [
        "US",
        "EU"
      ],
      "Languages": [
        "en"
      ]
    },
    {
      "Titles": [
        "Legend of Zelda, The - A Link to the Past"
      ],
      "Sha1s2Md5": "a25eb7376d6c57ecf2e90b4afe763144",
      "Crcs2Md5": "a93c7b85352c99b4ae2b80735c21e478",
      "Sets": {
        "2": [
          "Legend of Zelda, The - A Link to the Past (USA, Europe) (SNES) (Virtual Console)"
        ]
      },
      "Size": 6034020,
      "Regions": [
        "US",
        "EU"
      ],
      "Languages": [
        "en"
      ]
    },
    {
      "Titles": [
        "Live A Live"
      ],
      "Sha1s2Md5": "bf5b8649c14b88c96a081c4b1bde694c",
      "Crcs2Md5": "0cb490b15462aef7a0b43b69f8bbe3a2",
      "Sets": {
        "2": [
          "Live A Live (Japan) (SNES) (Virtual Console)"
        ]
      },
      "Size": 4989540,
      "Regions": [
        "JP"
      ]
    },
    {
      "Titles": [
        "Mario no Super Picross"
      ],
      "Sha1s2Md5": "5e434b47817cedfcebeb88bf0e245add",
      "Crcs2Md5": "37d44d90233e17278492ab781d407f6a",
      "Sets": {
        "2": [
          "Mario no Super Picross (Japan) (SNES) (Virtual Console)"
        ]
      },
      "Size": 4010596,
      "Regions": [
        "JP"
      ]
    },
    {
      "Titles": [
        "Mario's Super Picross"
      ],
      "Sha1s2Md5": "bebc64fcb7b3e635c75679cd95573f17",
      "Crcs2Md5": "23a73b87c0a36105d0fb29d6a4026292",
      "Sets": {
        "2": [
          "Mario's Super Picross (Europe) (SNES) (Virtual Console)"
        ]
      },
      "Size": 5046884,
      "Regions": [
        "EU"
      ]
    },
    {
      "Titles": [
        "Mega Man 7"
      ],
      "Sha1s2Md5": "2ad7712a246569d6aaf372e1264322dc",
      "Crcs2Md5": "5c95c1c163439ef5997c5955bafe631b",
      "Sets": {
        "2": [
          "Mega Man 7 (USA, Europe) (SNES) (Virtual Console)"
        ]
      },
      "Size": 7078500,
      "Regions": [
        "US",
        "EU"
      ],
      "Languages": [
        "en"
      ]
    },
    {
      "Titles": [
        "Mega Man X"
      ],
      "Sha1s2Md5": "be2e9c61f301d961725ec26d70820213",
      "Crcs2Md5": "162594436727fb6cbb8b89f35d5d3b1e",
      "Sets": {
        "2": [
          "Mega Man X (USA, Europe) (SNES) (Virtual Console)"
        ]
      },
      "Size": 6320740,
      "Regions": [
        "US",
        "EU"
      ],
      "Languages": [
        "en"
      ]
    },
    {
      "Titles": [
        "Mega Man X2"
      ],
      "Sha1s2Md5": "77d6d7e29010b670bbf9d10848cb50cb",
      "Crcs2Md5": "055e85cfcbcd2fab4caf9f519c8a8090",
      "Sets": {
        "2": [
          "Mega Man X2 (USA, Europe) (SNES) (Virtual Console)"
        ]
      },
      "Size": 6677092,
      "Regions": [
        "US",
        "EU"
      ],
      "Languages": [
        "en"
      ]
    },
    {
      "Titles": [
        "Mega Man X3"
      ],
      "Sha1s2Md5": "9a2b35a41214045c455aedb4fb607de8",
      "Crcs2Md5": "e1b3b0a991884d8790221a032dfa36d5",
      "Sets": {
        "2": [
          "Mega Man X3 (USA, Europe) (SNES) (Virtual Console)"
        ]
      },
      "Size": 7402084,
      "Regions": [
        "US",
        "EU"
      ],
      "Languages": [
        "en"
      ]
    },
    {
      "Titles": [
        "Minecraft - New Nintendo 3DS Edition"
      ],
      "Sha1s2Md5": "3e95ccc87e8422c5b6bd33eed24a9abf",
      "Crcs2Md5": "2be745b8d073b1695dda6522fa8ff164",
      "Sets": {
        "2": [
          "Minecraft - New Nintendo 3DS Edition (USA)"
        ]
      },
      "Size": 1073741824,
      "Regions": [
        "US"
      ],
      "Languages": [
        "en"
      ]
    },
    {
      "Titles": [
        "Mother 2 - Gyiyg no Gyakushuu"
      ],
      "Sha1s2Md5": "3077d2304940f3434f2c020a213b55d9",
      "Crcs2Md5": "d8aab1fa75abc5787daf10feaf413ed2",
      "Sets": {
        "2": [
          "Mother 2 - Gyiyg no Gyakushuu (Japan) (SNES) (Virtual Console)"
        ]
      },
      "Size": 8069732,
      "Regions": [
        "JP"
      ]
    },
    {
      "Titles": [
        "Neji Maki Knight 2"
      ],
      "Sha1s2Md5": "76d2b838d848b8448ba81e8505817dce",
      "Crcs2Md5": "871cd6e7ca74a53476300e70ba8121e7",
      "Sets": {
        "2": [
          "Neji Maki Knight 2 (Japan) (SNES) (Virtual Console)"
        ]
      },
      "Size": 405037668,
      "Regions": [
        "JP"
      ]
    },
    {
      "Titles": [
        "Nejimaki Knight 2"
      ],
      "Sha1s2Md5": "a6b130e27e3e0b51c2280589d38fa487",
      "Crcs2Md5": "eddda03a8367e676dca4548e8934bebe",
      "Sets": {
        "2": [
          "Nejimaki Knight 2 (Japan) (eShop) [b]"
        ]
      },
      "Size": 536870912,
      "Regions": [
        "JP"
      ]
    },
    {
      "Titles": [
        "New Nintendo 3DS Limited Sale Invitation Card"
      ],
      "Sha1s2Md5": "0853804df838f6b3ae1d5d0141132534",
      "Crcs2Md5": "4f4472b9281f8d6d996d64d70eb21de2",
      "Sets": {
        "2": [
          "New Nintendo 3DS Limited Sale Invitation Card (Japan)"
        ]
      },
      "Size": 174445108,
      "Regions": [
        "JP"
      ]
    },
    {
      "Titles": [
        "Panel de Pon"
      ],
      "Sha1s2Md5": "135179bb7f1cf57cdd665dcdb36f30c8",
      "Crcs2Md5": "1280beed7a9ff5994e03e65f6bc3438c",
      "Sets": {
        "2": [
          "Panel de Pon (Japan) (SNES) (Virtual Console)"
        ]
      },
      "Size": 4207204,
      "Regions": [
        "JP"
      ]
    },
    {
      "Titles": [
        "Pilotwings"
      ],
      "Sha1s2Md5": "9a4d0e8791acc46e1c77dda067dd3630",
      "Crcs2Md5": "097c1b47a69b312132d9d4e957facd2f",
      "Sets": {
        "2": [
          "Pilotwings (USA, Europe) (SNES) (Virtual Console)"
        ]
      },
      "Size": 5268068,
      "Regions": [
        "US",
        "EU"
      ],
      "Languages": [
        "en"
      ]
    },
    {
      "Titles": [
        "Pilotwings"
      ],
      "Sha1s2Md5": "18679869bdbc334ddd419edbee01aa29",
      "Crcs2Md5": "99033697b61acdd3ac1be4770485f829",
      "Sets": {
        "2": [
          "Pilotwings (Japan) (SNES) (Virtual Console)"
        ]
      },
      "Size": 3326564,
      "Regions": [
        "JP"
      ]
    },
    {
      "Titles": [
        "Pirate Pop Plus"
      ],
      "Sha1s2Md5": "80bee4aa4fdf9feccffff8e0a59095ae",
      "Crcs2Md5": "e4b82d5f5b6ca3efbd9341d68e1dc5c2",
      "Sets": {
        "2": [
          "Pirate Pop Plus (Europe)"
        ]
      },
      "Size": 79413860,
      "Regions": [
        "EU"
      ]
    },
    {
      "Titles": [
        "Pirate Pop Plus"
      ],
      "Sha1s2Md5": "a57356f888f39308b22d4017c7c6dd22",
      "Crcs2Md5": "9eb5b651e3ac99fe390d02b39ccb915f",
      "Sets": {
        "2": [
          "Pirate Pop Plus (USA)"
        ]
      },
      "Size": 79258212,
      "Regions": [
        "US"
      ],
      "Languages": [
        "en"
      ]
    },
    {
      "Titles": [
        "Pixel Hunter"
      ],
      "Sha1s2Md5": "3653345506444ca58f4a9904218b7bf6",
      "Crcs2Md5": "d189e322cb09dae9bcd7071086619065",
      "Sets": {
        "2": [
          "Pixel Hunter (USA)"
        ]
      },
      "Size": 124404324,
      "Regions": [
        "US"
      ],
      "Languages": [
        "en"
      ]
    },
    {
      "Titles": [
        "Pop'n TwinBee"
      ],
      "Sha1s2Md5": "ca29cc8f07ad584f2ee6c7b04c25c590",
      "Crcs2Md5": "5f30178445f0e708aabcf1e0009326b8",
      "Sets": {
        "2": [
          "Pop'n TwinBee (Japan) (SNES) (Virtual Console)"
        ]
      },
      "Size": 3797604,
      "Regions": [
        "JP"
      ]
    },
    {
      "Titles": [
        "Rockman 7 - Shukumei no Taiketsu!"
      ],
      "Sha1s2Md5": "90e581f4d4b6b19e7920285eec72e4a8",
      "Crcs2Md5": "f9f49a0139359a89d09938cae571d558",
      "Sets": {
        "2": [
          "Rockman 7 - Shukumei no Taiketsu! (Japan) (SNES) (Virtual Console)"
        ]
      },
      "Size": 4874852,
      "Regions": [
        "JP"
      ]
    },
    {
      "Titles": [
        "RockMan X"
      ],
      "Sha1s2Md5": "122f9cbd38186570129f9259c943a49a",
      "Crcs2Md5": "31aa8c8d0cbc9dbf9d4653ce08843a2c",
      "Sets": {
        "2": [
          "RockMan X (Japan) (SNES) (Virtual Console)"
        ]
      },
      "Size": 4428388,
      "Regions": [
        "JP"
      ]
    },
    {
      "Titles": [
        "Rockman X2"
      ],
      "Sha1s2Md5": "c6ebb1260ec2cd8021e471428cea04f1",
      "Crcs2Md5": "650459258ed5db8ed08d4ed906f34d42",
      "Sets": {
        "2": [
          "Rockman X2 (Japan) (SNES) (Virtual Console)"
        ]
      },
      "Size": 4559460,
      "Regions": [
        "JP"
      ]
    },
    {
      "Titles": [
        "RockMan X3"
      ],
      "Sha1s2Md5": "442d2037f6470d64fc6c6dae5b20a294",
      "Crcs2Md5": "bf1fe9b8f9adf8f31a2bec0c1f3376b2",
      "Sets": {
        "2": [
          "RockMan X3 (Japan) (SNES) (Virtual Console)"
        ]
      },
      "Size": 4956772,
      "Regions": [
        "JP"
      ]
    },
    {
      "Titles": [
        "Romancing SaGa"
      ],
      "Sha1s2Md5": "f03180b850fb872dc691d75f87d535cd",
      "Crcs2Md5": "21ef706852e4466407c7f4103eb43aa2",
      "Sets": {
        "2": [
          "Romancing SaGa (Japan) (SNES) (Virtual Console)"
        ]
      },
      "Size": 4186724,
      "Regions": [
        "JP"
      ]
    },
    {
      "Titles": [
        "Runbow Pocket Deluxe Edition"
      ],
      "Sha1s2Md5": "c963551ca22fd8d6ba985dd441a300eb",
      "Crcs2Md5": "534af1e1e4fc18165ae0844a19fee3c7",
      "Sets": {
        "2": [
          "Runbow Pocket Deluxe Edition (USA)"
        ]
      },
      "Size": 536870912,
      "Regions": [
        "US"
      ],
      "Languages": [
        "en"
      ]
    },
    {
      "Titles": [
        "Shoot the Ball"
      ],
      "Sha1s2Md5": "6cfdc566d82c82b848108558a316aca2",
      "Crcs2Md5": "1e6356ddbdc63527d5be3894f395d496",
      "Sets": {
        "2": [
          "Shoot the Ball (Europe)"
        ]
      },
      "Size": 30196324,
      "Regions": [
        "EU"
      ]
    },
    {
      "Titles": [
        "Shoot the Ball"
      ],
      "Sha1s2Md5": "645d921cc25fcd13054cd8f55e10bc6b",
      "Crcs2Md5": "0895552f1fef49fda1adcdac2e0fc0f0",
      "Sets": {
        "2": [
          "Shoot the Ball (USA)"
        ]
      },
      "Size": 30167652,
      "Regions": [
        "US"
      ],
      "Languages": [
        "en"
      ]
    },
    {
      "Titles": [
        "Street Fighter Alpha 2"
      ],
      "Sha1s2Md5": "4e5ef117873b095e6208e10a76e691c5",
      "Crcs2Md5": "357f814d92794518c355cefb26fc5315",
      "Sets": {
        "2": [
          "Street Fighter Alpha 2 (USA, Europe) (SNES) (Virtual Console)"
        ]
      },
      "Size": 17973860,
      "Regions": [
        "US",
        "EU"
      ],
      "Languages": [
        "en"
      ]
    },
    {
      "Titles": [
        "Street Fighter II Turbo - Hyper Fighting"
      ],
      "Sha1s2Md5": "ba3ab47170ddd534c777a0c043e71c45",
      "Crcs2Md5": "86b9fcb40fa44399f305582385629d68",
      "Sets": {
        "2": [
          "Street Fighter II Turbo - Hyper Fighting (USA, Europe) (SNES) (Virtual Console)"
        ]
      },
      "Size": 8307300,
      "Regions": [
        "US",
        "EU"
      ],
      "Languages": [
        "en"
      ]
    },
    {
      "Titles": [
        "Street Fighter II Turbo - Hyper Fighting"
      ],
      "Sha1s2Md5": "3506efe1643ceb1c4506df891312380d",
      "Crcs2Md5": "889378b981faa643728d8cd29d33b536",
      "Sets": {
        "2": [
          "Street Fighter II Turbo - Hyper Fighting (Japan) (SNES) (Virtual Console)"
        ]
      },
      "Size": 6095460,
      "Regions": [
        "JP"
      ]
    },
    {
      "Titles": [
        "Street Fighter Zero 2"
      ],
      "Sha1s2Md5": "818f791f4548a4ece9bebd6cdb32e361",
      "Crcs2Md5": "b94966110680f8e914fc47aa8f39653c",
      "Sets": {
        "2": [
          "Street Fighter Zero 2 (Japan) (SNES) (Virtual Console)"
        ]
      },
      "Size": 12206692,
      "Regions": [
        "JP"
      ]
    },
    {
      "Titles": [
        "Super Castlevania IV"
      ],
      "Sha1s2Md5": "7d3c848aa0aa658feeac1bd08368330c",
      "Crcs2Md5": "f2beb7a093021061bde096a83f1b4943",
      "Sets": {
        "2": [
          "Super Castlevania IV (USA, Europe) (SNES) (Virtual Console)"
        ]
      },
      "Size": 5657188,
      "Regions": [
        "US",
        "EU"
      ],
      "Languages": [
        "en"
      ]
    },
    {
      "Titles": [
        "Super Donkey Kong"
      ],
      "Sha1s2Md5": "1226c7f4c997f7c1b567e4d333643b3e",
      "Crcs2Md5": "2774cb7598af98febe68bdc19e52233f",
      "Sets": {
        "2": [
          "Super Donkey Kong (Japan) (SNES) (Virtual Console)"
        ]
      },
      "Size": 7197284,
      "Regions": [
        "JP"
      ]
    },
    {
      "Titles": [
        "Super Donkey Kong 2 - Dixie & Diddy"
      ],
      "Sha1s2Md5": "269575ff9f89256b364518340c38dcc8",
      "Crcs2Md5": "34cd8b9c593e0da925380373ed12d502",
      "Sets": {
        "2": [
          "Super Donkey Kong 2 - Dixie & Diddy (Japan) (SNES) (Virtual Console)"
        ]
      },
      "Size": 7787108,
      "Regions": [
        "JP"
      ]
    },
    {
      "Titles": [
        "Super Donkey Kong 3 - Nazo no Krems Shima"
      ],
      "Sha1s2Md5": "6bf359ca206fe66b938bc9ccc2611332",
      "Crcs2Md5": "2e481343e41ae6cf59e0c721c12844ee",
      "Sets": {
        "2": [
          "Super Donkey Kong 3 - Nazo no Krems Shima (Japan) (SNES) (Virtual Console)"
        ]
      },
      "Size": 7770724,
      "Regions": [
        "JP"
      ]
    },
    {
      "Titles": [
        "Super Famicom Wars"
      ],
      "Sha1s2Md5": "3ba9af87087a569a13e85bc4817296ef",
      "Crcs2Md5": "a52c7a6339176f558ab9161daa4f3f27",
      "Sets": {
        "2": [
          "Super Famicom Wars (Japan) (SNES) (Virtual Console)"
        ]
      },
      "Size": 5689956,
      "Regions": [
        "JP"
      ]
    },
    {
      "Titles": [
        "Super Ghouls'n Ghosts"
      ],
      "Sha1s2Md5": "c4068cbd204601b59731053a3df8a179",
      "Crcs2Md5": "b382de3df586b5af88f74d5ef1794ed5",
      "Sets": {
        "2": [
          "Super Ghouls'n Ghosts (USA, Europe) (SNES) (Virtual Console)"
        ]
      },
      "Size": 5587556,
      "Regions": [
        "US",
        "EU"
      ],
      "Languages": [
        "en"
      ]
    },
    {
      "Titles": [
        "Super Mario Kart"
      ],
      "Sha1s2Md5": "26983cc7371e1d54fced1f79c7cae5a2",
      "Crcs2Md5": "810bbd42c898684348012b1cc02829ba",
      "Sets": {
        "2": [
          "Super Mario Kart (USA, Europe) (SNES) (Virtual Console)"
        ]
      },
      "Size": 5423716,
      "Regions": [
        "US",
        "EU"
      ],
      "Languages": [
        "en"
      ]
    },
    {
      "Titles": [
        "Super Mario Kart"
      ],
      "Sha1s2Md5": "04c7e3b48b1cdcd0ef0993147e36da4c",
      "Crcs2Md5": "7c2960a2bc5f10f1ae46f3b82f7a5e6f",
      "Sets": {
        "2": [
          "Super Mario Kart (Japan) (SNES) (Virtual Console)"
        ]
      },
      "Size": 3363428,
      "Regions": [
        "JP"
      ]
    },
    {
      "Titles": [
        "Super Mario World"
      ],
      "Sha1s2Md5": "7b4e19bfc418b01a2e820a2a51226377",
      "Crcs2Md5": "0a64e41b9d0ac6d92d9b6d7f0cf18fb5",
      "Sets": {
        "2": [
          "Super Mario World (USA, Europe) (SNES) (Virtual Console)"
        ]
      },
      "Size": 5505636,
      "Regions": [
        "US",
        "EU"
      ],
      "Languages": [
        "en"
      ]
    },
    {
      "Titles": [
        "Super Mario World"
      ],
      "Sha1s2Md5": "dc8e7136ff875aefd7c7d3f1247432b0",
      "Crcs2Md5": "6e19cd1f29abeeadf4db422d4eff5ded",
      "Sets": {
        "2": [
          "Super Mario World (Japan) (SNES) (Virtual Console)"
        ]
      },
      "Size": 3351140,
      "Regions": [
        "JP"
      ]
    },
    {
      "Titles": [
        "Super Metroid"
      ],
      "Sha1s2Md5": "4c94c03389ebebe780a9b0bb0c351855",
      "Crcs2Md5": "7f22954200565b56f7f9f6cd06051c19",
      "Sets": {
        "2": [
          "Super Metroid (USA, Europe) (SNES) (Virtual Console)"
        ]
      },
      "Size": 9818724,
      "Regions": [
        "US",
        "EU"
      ],
      "Languages": [
        "en"
      ]
    },
    {
      "Titles": [
        "Super Metroid"
      ],
      "Sha1s2Md5": "e537139f2d955496c1238ff94d7f526c",
      "Crcs2Md5": "efe67c1a9e8e85918eba03adb18c661d",
      "Sets": {
        "2": [
          "Super Metroid (Japan) (SNES) (Virtual Console)"
        ]
      },
      "Size": 7557732,
      "Regions": [
        "JP"
      ]
    },
    {
      "Titles": [
        "Super Punch-Out!!"
      ],
      "Sha1s2Md5": "8a8292ec407ea433e93cb448540b6767",
      "Crcs2Md5": "02304f8afe429a9b690c0fc9a13f0804",
      "Sets": {
        "2": [
          "Super Punch-Out!! (USA, Europe) (SNES) (Virtual Console)"
        ]
      },
      "Size": 7733860,
      "Regions": [
        "US",
        "EU"
      ],
      "Languages": [
        "en"
      ]
    },
    {
      "Titles": [
        "Super Punch-Out!!"
      ],
      "Sha1s2Md5": "7f1b55f4b24efe25697939cc3ba5d4b6",
      "Crcs2Md5": "b97ccc74000b1f8574e81b20d22b3c99",
      "Sets": {
        "2": [
          "Super Punch-Out!! (Japan) (SNES) (Virtual Console)"
        ]
      },
      "Size": 5767780,
      "Regions": [
        "JP"
      ]
    },
    {
      "Titles": [
        "Super Street Fighter II - The New Challengers"
      ],
      "Sha1s2Md5": "fd19700b32ff40c4dff5f8bde7f8c3f9",
      "Crcs2Md5": "40411df8a3e36b8737008146d7c58c52",
      "Sets": {
        "2": [
          "Super Street Fighter II - The New Challengers (USA, Europe) (SNES) (Virtual Console)"
        ]
      },
      "Size": 10904164,
      "Regions": [
        "US",
        "EU"
      ],
      "Languages": [
        "en"
      ]
    },
    {
      "Titles": [
        "Super Street Fighter II - The New Challengers"
      ],
      "Sha1s2Md5": "5512e5a298b09d20ffddc426a20186a8",
      "Crcs2Md5": "15102de40eb8da9eb7fc5a056ed3e8fd",
      "Sets": {
        "2": [
          "Super Street Fighter II - The New Challengers (Japan) (SNES) (Virtual Console)"
        ]
      },
      "Size": 8532580,
      "Regions": [
        "JP"
      ]
    },
    {
      "Titles": [
        "Tactics Ogre - Let Us Cling Together"
      ],
      "Sha1s2Md5": "df67e3a399b69e4750c80bdc08578471",
      "Crcs2Md5": "37b48c1c4f393769bc73eff472e9bfc3",
      "Sets": {
        "2": [
          "Tactics Ogre - Let Us Cling Together (Japan) (SNES) (Virtual Console)"
        ]
      },
      "Size": 6668900,
      "Regions": [
        "JP"
      ]
    },
    {
      "Titles": [
        "Wind-up Knight 2"
      ],
      "Sha1s2Md5": "c2a41d766964f63e116d5518383e969d",
      "Crcs2Md5": "aaacf91085874e33c39f6c788532ddfd",
      "Sets": {
        "2": [
          "Wind-up Knight 2 (USA)"
        ]
      },
      "Size": 398336612,
      "Regions": [
        "US"
      ],
      "Languages": [
        "en"
      ]
    },
    {
      "Titles": [
        "Wind-up Knight 2"
      ],
      "Sha1s2Md5": "55561082c3648f7098174c45b273f50e",
      "Crcs2Md5": "0c50096932d389eedc92f866d227d37e",
      "Sets": {
        "2": [
          "Wind-up Knight 2 (Europe)"
        ]
      },
      "Size": 398512740,
      "Regions": [
        "EU"
      ]
    },
    {
      "Titles": [
        "Xenoblade"
      ],
      "Sha1s2Md5": "71413ad883fe957e5e075b32f6875ce7",
      "Crcs2Md5": "53599a9ed725475ec39a169120b068d5",
      "Sets": {
        "2": [
          "Xenoblade (Japan) (v2080)"
        ]
      },
      "Size": 3666158180,
      "Regions": [
        "JP"
      ]
    },
    {
      "Titles": [
        "Xenoblade"
      ],
      "Sha1s2Md5": "13ef111eb1b2c16d6759d3a37d79d464",
      "Crcs2Md5": "4805da5e04bf1d3a1f68a87474b0fee8",
      "Sets": {
        "2": [
          "Xenoblade (Japan)"
        ]
      },
      "Size": 4294967296,
      "Regions": [
        "JP"
      ]
    },
    {
      "Titles": [
        "Xenoblade Chronicles 3D"
      ],
      "Sha1s2Md5": "f73bb4260d4ac18c4afe8a95b1aca0c6",
      "Crcs2Md5": "e488db289121b6e8168c676a23a56a99",
      "Sets": {
        "2": [
          "Xenoblade Chronicles 3D (Europe) (En,Fr,De,Es,It) (v2096)"
        ]
      },
      "Size": 3945583204,
      "Regions": [
        "EU"
      ],
      "Languages": [
        "en",
        "fr",
        "de",
        "es",
        "it"
      ]
    },
    {
      "Titles": [
        "Xenoblade Chronicles 3D"
      ],
      "Sha1s2Md5": "f8c4ddd9411c86d1742d63c2815b6aa4",
      "Crcs2Md5": "6fe2dcbb7e1817a479390e0909c85ba0",
      "Sets": {
        "2": [
          "Xenoblade Chronicles 3D (USA) (En,Fr,Es) (v2080)"
        ]
      },
      "Size": 3778216548,
      "Regions": [
        "US"
      ],
      "Languages": [
        "en",
        "fr",
        "es"
      ]
    },
    {
      "Titles": [
        "Xenoblade Chronicles 3D"
      ],
      "Sha1s2Md5": "cbb413efee9880ab0f107073ad45e954",
      "Crcs2Md5": "bd93f1bd98d018ad0357cac1d33c2810",
      "Sets": {
        "2": [
          "Xenoblade Chronicles 3D (Europe) (En,Fr,De,Es,It)"
        ]
      },
      "Size": 4294967296,
      "Regions": [
        "EU"
      ],
      "Languages": [
        "en",
        "fr",
        "de",
        "es",
        "it"
      ]
    },
    {
      "Titles": [
        "Xenoblade Chronicles 3D"
      ],
      "Sha1s2Md5": "3aa3a4981596425317aa58896eb43ed5",
      "Crcs2Md5": "dd73e2598eaa4af71196b8d20018b4e1",
      "Sets": {
        "2": [
          "Xenoblade Chronicles 3D (USA) (En,Fr,Es)"
        ]
      },
      "Size": 4294967296,
      "Regions": [
        "US"
      ],
      "Languages": [
        "en",
        "fr",
        "es"
      ]
    },
    {
      "Titles": [
        "Xenoblade Chronicles 3D"
      ],
      "Sha1s2Md5": "c45d962eb654497d7de551cccbc6ef67",
      "Crcs2Md5": "7cb71c0131c8ff3d3e859d97d0722d69",
      "Sets": {
        "2": [
          "Xenoblade Chronicles 3D (Europe) (En,Fr,De,Es,It) (Rev 1)"
        ]
      },
      "Version": "Rev 1",
      "Size": 4294967296,
      "Regions": [
        "EU"
      ],
      "Languages": [
        "en",
        "fr",
        "de",
        "es",
        "it"
      ]
    },
    {
      "Titles": [
        "Xenoblade Chronicles 3D"
      ],
      "Sha1s2Md5": "6ce9321248c5d51847fd5f68703f6308",
      "Crcs2Md5": "d73e7fc8585895f4f90155d55bd3d3e4",
      "Sets": {
        "2": [
          "Xenoblade Chronicles 3D (USA) (En,Fr,Es) (Rev 1)"
        ]
      },
      "Version": "Rev 1",
      "Size": 4294967296,
      "Regions": [
        "US"
      ],
      "Languages": [
        "en",
        "fr",
        "es"
      ]
    },
    {
      "Titles": [
        "Zelda no Densetsu - Kamigami no Triforce"
      ],
      "Sha1s2Md5": "77f6382e5341dd929bd5644c28c06c11",
      "Crcs2Md5": "2198e7578d1bfd9f109762f59fdd214c",
      "Sets": {
        "2": [
          "Zelda no Densetsu - Kamigami no Triforce (Japan) (SNES) (Virtual Console)"
        ]
      },
      "Size": 3863140,
      "Regions": [
        "JP"
      ]
    }
  ],
  "Overviews": {},
  "Genres": {},
  "Companies": {},
  "Tags": {}
}