{
  "PlatformName": "HyperScan",
  "LastUpdate": "6/25/2022 4:50:20 AM",
  "Games": [
    {
      "Titles": [
        "Ben 10"
      ],
      "Sha1s2Md5": "a04bad846ed8ed7f614dfa93bf9c10bf",
      "Crcs2Md5": "2bdee31ccf591535d84f793dcbc0941e",
      "Sets": {
        "3": [
          "Ben 10 (USA) (USE2)"
        ],
        "6": [
          "86187"
        ]
      },
      "Overview": {
        "en": [
          0
        ]
      },
      "Size": 158433157,
      "Developers": [
        0
      ],
      "ReleaseDate": "1/1/2006",
      "ESRB": "E10+",
      "Genres": [
        0,
        1
      ],
      "Regions": [
        "US"
      ],
      "Languages": [
        "en"
      ]
    },
    {
      "Titles": [
        "IWL - Interstellar Wrestling League"
      ],
      "Sha1s2Md5": "1dea3e6c9b78fffb41fd31084761dc96",
      "Crcs2Md5": "4fcd28641513bb572c8129e48affcba7",
      "Sets": {
        "3": [
          "IWL - Interstellar Wrestling League (USA) (USE2)"
        ]
      },
      "Size": 84679170,
      "Regions": [
        "US"
      ],
      "Languages": [
        "en"
      ]
    },
    {
      "Titles": [
        "Marvel Heroes"
      ],
      "Sha1s2Md5": "3997b0d7a5ba918258b2015c1ef06fa9",
      "Crcs2Md5": "d85686c715d4e8f0addeba07ec420644",
      "Sets": {
        "3": [
          "Marvel Heroes (USA) (USE2)"
        ],
        "6": [
          "86189"
        ]
      },
      "Overview": {
        "en": [
          1
        ]
      },
      "Size": 273563564,
      "Developers": [
        0
      ],
      "ReleaseDate": "1/1/2006",
      "ESRB": "E10+",
      "Genres": [
        0,
        1
      ],
      "Regions": [
        "US"
      ],
      "Languages": [
        "en"
      ]
    },
    {
      "Titles": [
        "Spider-Man"
      ],
      "Sha1s2Md5": "5e3ac0f5935d71709004bc99393e7bfc",
      "Crcs2Md5": "ce6ed315695fd2f4495622ccd00d5b09",
      "Sets": {
        "3": [
          "Spider-Man (USA)"
        ],
        "6": [
          "86190"
        ]
      },
      "Overview": {
        "en": [
          2
        ]
      },
      "Size": 44916226,
      "Developers": [
        0
      ],
      "ReleaseDate": "1/1/2006",
      "ESRB": "E10+",
      "Genres": [
        0,
        1
      ],
      "Regions": [
        "US"
      ],
      "Languages": [
        "en"
      ]
    },
    {
      "Titles": [
        "X-Men"
      ],
      "Sha1s2Md5": "71a26cf36e1d57f86a7e9ef7f43dc51e",
      "Crcs2Md5": "805e5df19682eb2604e16fe5c6f2fb0a",
      "Sets": {
        "3": [
          "X-Men (USA) (USE2)"
        ],
        "6": [
          "86191"
        ]
      },
      "Overview": {
        "en": [
          3
        ]
      },
      "Size": 172615716,
      "Developers": [
        0
      ],
      "ReleaseDate": "1/1/2006",
      "ESRB": "E10+",
      "Genres": [
        0,
        1
      ],
      "Regions": [
        "US"
      ],
      "Languages": [
        "en"
      ]
    }
  ],
  "Overviews": {
    "en": {
      "0": "Ben Tennyson, his Grandpa Max and his cousin Gwen, are traveling across the country on an adventure-seeking summer vacation when a meteor crash alters their plans. Ben finds the Omnitrix, an alien prototype weapon, which attaches to his arm and gives him the ability to transform to ten different alien heroes. Vilgax, an intergalactic warlord, has employed a number of Ben's former adversaries in his devious quest to retrieve the Omnitrix as he sets the final trap. Now it's up to you to stop Vilgax and prevent the Omnitrix from falling into the wrong hands!",
      "1": "It's all-out combat among the world's mightiest Super Heroes, Super Villains and Bosses for the future of the Marvel Universe. And you're in control!\r\n\r\nPick your Hero, pick your Boss and it's cataclysm on. There are legions to choose from like Spider-Man, The Hulk, Captain America and more - each with his or her special strengths and weaknesses. Face off against Doctor Octopus, Venom, Baron Zemo and the rest plus their evil henchmen as you journey through any of 24 challenging arenas.\r\n\r\nOne thing is for sure. There's never been a battle more Super than this!",
      "2": "Spider-Man has fought for his life before, but never like this. Never with stakes so high, nor the odds stacked so heavily against him. He speed through Manhattan on gossamer lines at a velocity that causes passing skyscrapers to blur in pursuit of one villain, and in turn pursued by two more.\r\n\r\nUsing super strength, enhanced reflexes and web-spinning powers he foils the cruel intentions of his enemies while accomplishing mission after mission - all leading to a final confrontation with Venom and Sandman - but ultimately the outcome is in your hands!",
      "3": "Free the world from the evil clutches of Magneto and his henchmen!\r\n\r\nChoose Wolverine, Cyclops, Storm, or other X-Men characters who use superhuman abilities in their constant battle against the forces of evil.\r\n\r\nYou can also choose to side with the Brotherhood of Evil Mutants and achieve world domination with the wicked Sabertooth, Juggernaut, Toad and other fiendish characters.\r\n\r\nThe fate of the world is in your hands!"
    }
  },
  "Genres": {
    "0": "Action",
    "1": "Platform"
  },
  "Companies": {
    "0": "Mattel"
  },
  "Tags": {}
}