{
  "PlatformName": "Adventure Vision",
  "LastUpdate": "6/25/2022 4:39:13 AM",
  "Games": [
    {
      "Titles": [
        "[BIOS] Entex Adventure Vision"
      ],
      "Sha1s2Md5": "c0c8fb4238f8e0fda8fbb6d932c3c623",
      "Crcs2Md5": "ef78ba84b6270cd1166b8c52acc5e481",
      "Sets": {
        "2": [
          "[BIOS] Entex Adventure Vision (USA, Europe)"
        ]
      },
      "Size": 1024,
      "Tags": [
        0
      ],
      "Regions": [
        "US",
        "EU"
      ],
      "Languages": [
        "en"
      ]
    },
    {
      "Titles": [
        "Defender"
      ],
      "Serials": [
        "6075"
      ],
      "Sha1s2Md5": "abf2d72705ec3b6b8accc59d904cc385",
      "Crcs2Md5": "27986487f884df041488fd2a79ffdc2b",
      "Sets": {
        "1": [
          "defender"
        ],
        "2": [
          "Defender (USA, Europe)"
        ],
        "4": [
          "Defender (1982)(Entex Industries)[release number 6075]"
        ],
        "6": [
          "97566"
        ]
      },
      "Overview": {
        "en": [
          3
        ]
      },
      "Size": 4096,
      "Publishers": [
        0
      ],
      "ReleaseDate": "1/1/1982",
      "Genres": [
        0,
        1
      ],
      "Regions": [
        "US",
        "EU"
      ],
      "Languages": [
        "en"
      ]
    },
    {
      "Titles": [
        "Space Force"
      ],
      "Serials": [
        "6078"
      ],
      "Sha1s2Md5": "f50d593a2b12712d5154445babb0598b",
      "Crcs2Md5": "5634b3e6477a0e40f2cf3e32a52b1ec1",
      "Sets": {
        "1": [
          "spacefrc"
        ],
        "2": [
          "Space Force (USA, Europe)"
        ],
        "4": [
          "Space Force (1982)(Entex Industries)[release number 6078]"
        ],
        "6": [
          "50894"
        ]
      },
      "Overview": {
        "en": [
          0
        ]
      },
      "Size": 4096,
      "Publishers": [
        0
      ],
      "ReleaseDate": "1/1/1982",
      "ESRB": "E",
      "Genres": [
        0,
        1
      ],
      "Regions": [
        "US",
        "EU"
      ],
      "Languages": [
        "en"
      ]
    },
    {
      "Titles": [
        "Super Cobra"
      ],
      "Serials": [
        "6077"
      ],
      "Sha1s2Md5": "6d6e7500aa76616628293171c0f8514b",
      "Crcs2Md5": "dc7c87739a6a9445b454906baacb7032",
      "Sets": {
        "1": [
          "scobra"
        ],
        "2": [
          "Super Cobra (USA, Europe)"
        ],
        "4": [
          "Super Cobra (1982)(Entex Industries)[release number 6077]"
        ],
        "6": [
          "97564"
        ]
      },
      "Overview": {
        "en": [
          1
        ]
      },
      "Size": 4096,
      "Publishers": [
        0
      ],
      "ReleaseDate": "1/1/1982",
      "Genres": [
        0,
        1
      ],
      "Regions": [
        "US",
        "EU"
      ],
      "Languages": [
        "en"
      ]
    },
    {
      "Titles": [
        "Turtles"
      ],
      "Serials": [
        "6076"
      ],
      "Sha1s2Md5": "cdc25c3e40a1fbe56f4e8a07e29496f4",
      "Crcs2Md5": "d2eedba0a412dcfb42ff2ee9a685a0d7",
      "Sets": {
        "1": [
          "turtles"
        ],
        "2": [
          "Turtles (USA, Europe)"
        ],
        "4": [
          "Turtles (1982)(Entex Industries)[release number 6076]"
        ],
        "6": [
          "97565"
        ]
      },
      "Overview": {
        "en": [
          2
        ]
      },
      "Size": 4096,
      "Publishers": [
        0
      ],
      "ReleaseDate": "1/1/1982",
      "Genres": [
        2
      ],
      "Regions": [
        "US",
        "EU"
      ],
      "Languages": [
        "en"
      ]
    }
  ],
  "Overviews": {
    "en": {
      "0": "The Adventure Vision Space Force cartridge is based on the famous Venture Line arcade game and includes all the key features of its big brother. Your mission is to fly the mothership through wave after wave of meteor showers launched by the evil alliance power from the planets Zereal and Xenac. Your job is to blow all alien life forms and meteors to atoms with your phaser canon, but, you had better be quick in your ability to manuever and fire. So, plug your cartridge into Adventure Vision, grab the joystick and get ready for action.",
      "1": "Based on the Konami arcade and includes all the key features and elements of its big brother.\r\nYou are the pilot and your chopper awaits full of fuel and armed with sidewinder missiles and bombs. Your mission is to fly your helicopter over 10 different terrains and get the booty at the secret enemy base. It may sound easy but watch out. There are enemy rockets, magnetic space mines, UFOs, and the most treacherous terrain an Ace pilot like you has ever encountered.",
      "2": "Based on the Konami arcade game, it's your job to rescue six little turtlettes and take them home. It may sound easy, but you had better watch out because the beetles are after you. Each floor contains eight mystery squares.  Behind six of the squares are those cute little turtlettes. But beware, because the other two contain beetles. If a beetle gets too close you can use the bug bomb, but use them wisely, because you only can use one at a time.",
      "3": "Based on Williams Defender arcade game.  This is the pack-in cartridge that comes with the Adventure Vision system.  It was never sold separately."
    }
  },
  "Genres": {
    "0": "Action",
    "1": "Shooter",
    "2": "Strategy"
  },
  "Companies": {
    "0": "Entex Industries"
  },
  "Tags": {
    "0": "BIOS"
  }
}