{
  "PlatformName": "Nuon",
  "LastUpdate": "6/25/2022 4:51:28 AM",
  "Games": [
    {
      "Titles": [
        "Ballistic"
      ],
      "Sha1s2Md5": "e0eed0af6efa566f27f466ecf55c4ce6",
      "Crcs2Md5": "9b3999981a028c63a492641bf51b2708",
      "Sets": {
        "3": [
          "Ballistic (USA, Europe)"
        ],
        "6": [
          "32226"
        ]
      },
      "Size": 187695104,
      "Tags": [
        0
      ],
      "ReleaseDate": "7/1/2000",
      "Genres": [
        0
      ],
      "Regions": [
        "US",
        "EU"
      ],
      "Languages": [
        "en"
      ]
    },
    {
      "Titles": [
        "Freefall 3050 A.D."
      ],
      "Sha1s2Md5": "32a4aeb40eaf5fbd054c31c35fcdf28b",
      "Crcs2Md5": "12f2dda3f35e75209bd118ea2be045a8",
      "Sets": {
        "3": [
          "Freefall 3050 A.D. (USA, Europe)"
        ],
        "6": [
          "32120"
        ]
      },
      "Overview": {
        "en": [
          1
        ]
      },
      "Size": 1149239296,
      "ReleaseDate": "12/12/2000",
      "ESRB": "T",
      "Genres": [
        0
      ],
      "Regions": [
        "US",
        "EU"
      ],
      "Languages": [
        "en"
      ]
    },
    {
      "Titles": [
        "Freefall 3050 A.D."
      ],
      "Sha1s2Md5": "ad4b1243d120c964ac00114bdf277dfd",
      "Crcs2Md5": "3904eb93507be1001ab43508a7335864",
      "Sets": {
        "4": [
          "Freefall 3050 A.D. (2000)(DVD International - TAKS)(US)"
        ],
        "6": [
          "32120"
        ]
      },
      "Overview": {
        "en": [
          1
        ]
      },
      "Size": 1149239449,
      "Publishers": [
        0,
        1
      ],
      "ReleaseDate": "1/1/2000",
      "ESRB": "T",
      "Genres": [
        0
      ],
      "Regions": [
        "US"
      ],
      "Languages": [
        "en"
      ]
    },
    {
      "Titles": [
        "Iron Soldier 3"
      ],
      "Sha1s2Md5": "3f8da0ffaf37438ffae9081367deb021",
      "Crcs2Md5": "47931fe66c46e8e3d9ddd3057426579c",
      "Sets": {
        "3": [
          "Iron Soldier 3 (USA)"
        ],
        "6": [
          "32225"
        ]
      },
      "Size": 1863319552,
      "Tags": [
        0
      ],
      "ReleaseDate": "1/20/2000",
      "ESRB": "T",
      "Genres": [
        0
      ],
      "Regions": [
        "US"
      ],
      "Languages": [
        "en"
      ]
    },
    {
      "Titles": [
        "Iron Soldier 3"
      ],
      "Sha1s2Md5": "f5be58390a6c1d57f367b829b3f2e99d",
      "Crcs2Md5": "f7c2945b072153e562b6e7ef95402a19",
      "Sets": {
        "4": [
          "Iron Soldier 3 (2001)(DVD International - Eclipse)(US)"
        ],
        "6": [
          "32225"
        ]
      },
      "Size": 1863319704,
      "Publishers": [
        0,
        2
      ],
      "Tags": [
        0
      ],
      "ReleaseDate": "1/1/2001",
      "ESRB": "T",
      "Genres": [
        0
      ],
      "Regions": [
        "US"
      ],
      "Languages": [
        "en"
      ]
    },
    {
      "Titles": [
        "Merlin Racing"
      ],
      "Sha1s2Md5": "c2a4e9da9912ed2dfc02d567ae08a341",
      "Crcs2Md5": "734b9b26636bc693a3c7c54a10326a0f",
      "Sets": {
        "3": [
          "Merlin Racing (USA, Europe)"
        ],
        "6": [
          "32223"
        ]
      },
      "Overview": {
        "en": [
          2
        ]
      },
      "Size": 517996544,
      "ReleaseDate": "12/1/2000",
      "ESRB": "E",
      "Genres": [
        1
      ],
      "Regions": [
        "US",
        "EU"
      ],
      "Languages": [
        "en"
      ]
    },
    {
      "Titles": [
        "Merlin Racing"
      ],
      "Sha1s2Md5": "e1886ebe15d7107b653432f8e20e41b8",
      "Crcs2Md5": "d0d0c4cde79e9507d6a34d88f3c31614",
      "Sets": {
        "4": [
          "Merlin Racing (2000)(DVD International - Miracle Designs)(US)"
        ],
        "6": [
          "32223"
        ]
      },
      "Overview": {
        "en": [
          2
        ]
      },
      "Size": 517996703,
      "Publishers": [
        0,
        3
      ],
      "ReleaseDate": "1/1/2000",
      "ESRB": "E",
      "Genres": [
        1
      ],
      "Regions": [
        "US"
      ],
      "Languages": [
        "en"
      ]
    },
    {
      "Titles": [
        "Tempest 3000"
      ],
      "Sha1s2Md5": "c401b3e06194210aac6108867d3d5737",
      "Crcs2Md5": "5a07bd67ed83cb96e78c8d098b211682",
      "Sets": {
        "3": [
          "Tempest 3000 (USA, Europe)"
        ],
        "6": [
          "32119"
        ]
      },
      "Overview": {
        "en": [
          0
        ]
      },
      "Size": 743440384,
      "Publishers": [
        7
      ],
      "Developers": [
        7
      ],
      "ReleaseDate": "12/12/2000",
      "Genres": [
        0
      ],
      "Regions": [
        "US",
        "EU"
      ],
      "Languages": [
        "en"
      ]
    },
    {
      "Titles": [
        "Tempest 3000"
      ],
      "Sha1s2Md5": "fb94116b77a869b4828ca950575b604c",
      "Crcs2Md5": "57c1007c8b99a235dbbf36a3a1302078",
      "Sets": {
        "4": [
          "Tempest 3000 (2000)(Atari - Hasbro - VM Labs)(US)"
        ],
        "6": [
          "32119"
        ]
      },
      "Overview": {
        "en": [
          0
        ]
      },
      "Size": 743440531,
      "Publishers": [
        4,
        5,
        6,
        7
      ],
      "Developers": [
        7
      ],
      "ReleaseDate": "1/1/2000",
      "Genres": [
        0
      ],
      "Regions": [
        "US"
      ],
      "Languages": [
        "en"
      ]
    }
  ],
  "Overviews": {
    "en": {
      "0": "Tempest 3000 is a remake of the Tempest arcade game and a sequel to Tempest 2000, written by Jeff Minter for Nuon. It was released on December 12, 2000. By 2003, the game had sold over 20,000 copies.",
      "1": "Falling at 150 mph without a parachute has never been so much fun!\r\n\r\nThe year is 3050 and you are a cop out on the beat. The hot pursuit is in full force, so grab your vest, your gun and leap head first out the window! Freefall 3050 A.D. is a fast paced action game featuring the unique combination of freefalling through space while blasting bad guys into oblivion! Rotate in 360 spins while you plummet at neck-breaking speeds. This is not your typical shoot'em up game - so don't miss out because this one is sure to make an impact.",
      "2": "A kart racing game for the NUON."
    }
  },
  "Genres": {
    "0": "Action",
    "1": "Racing"
  },
  "Companies": {
    "0": "DVD International",
    "1": "TAKS",
    "2": "Eclipse",
    "3": "Miracle Designs",
    "4": "Atari",
    "5": "Hasbro",
    "6": "VM Labs",
    "7": "Jeff Minter"
  },
  "Tags": {
    "0": "Co-Op"
  }
}