{
  "PlatformName": "Aquarius",
  "LastUpdate": "6/25/2022 4:40:13 AM",
  "Games": [
    {
      "Titles": [
        "3D Battle Zone"
      ],
      "Sha1s2Md5": "3f9630110a065401b534817a8f7cfb79",
      "Crcs2Md5": "d9b71ff82fc11845bad388c696437e1c",
      "Sets": {
        "4": [
          "3D Battle Zone (1984)(Add On Electronics)(Tape 1 of 2)"
        ],
        "6": [
          "86201"
        ]
      },
      "Overview": {
        "en": [
          0
        ]
      },
      "PartName": "Tape",
      "Size": 146,
      "PartNum": 1,
      "TotalParts": 2,
      "Publishers": [
        7
      ],
      "ReleaseDate": "1/1/1984",
      "Genres": [
        0,
        1
      ],
      "Languages": [
        "en"
      ]
    },
    {
      "Titles": [
        "3D Battle Zone"
      ],
      "Sha1s2Md5": "af1702ea0f4b605a245c747ba707ef56",
      "Crcs2Md5": "e2b855fb586cb78f4ba62cb1157c8e5f",
      "Sets": {
        "4": [
          "3D Battle Zone (1984)(Add On Electronics)(Tape 2 of 2)"
        ],
        "6": [
          "86201"
        ]
      },
      "Overview": {
        "en": [
          0
        ]
      },
      "PartName": "Tape",
      "Size": 8130,
      "PartNum": 2,
      "TotalParts": 2,
      "Publishers": [
        7
      ],
      "ReleaseDate": "1/1/1984",
      "Genres": [
        0,
        1
      ],
      "Languages": [
        "en"
      ]
    },
    {
      "Titles": [
        "Advanced Dungeons and Dragons: Treasure of Tarmin",
        "Advanced Dungeons & Dragons"
      ],
      "Serials": [
        "4023"
      ],
      "Sha1s2Md5": "d26e1577a75e3e82122bb7015a62b953",
      "Crcs2Md5": "88249c0eb2111c67edaa946076a58e47",
      "Sets": {
        "1": [
          "addtot"
        ],
        "4": [
          "Advanced Dungeons & Dragons (1982)(Mattel)"
        ]
      },
      "Size": 16384,
      "Publishers": [
        0,
        2
      ],
      "ReleaseDate": "1/1/1982",
      "Languages": [
        "en"
      ]
    },
    {
      "Titles": [
        "Alien Quest"
      ],
      "Sha1s2Md5": "e3e2ee760577f985f839d09649516676",
      "Crcs2Md5": "cddcd04f2e72483296f32ec2400d91c5",
      "Sets": {
        "4": [
          "Alien Quest (19xx)(-)(Tape 1 of 2)"
        ]
      },
      "PartName": "Tape",
      "Size": 145,
      "PartNum": 1,
      "TotalParts": 2,
      "Publishers": [
        8
      ],
      "Languages": [
        "en"
      ]
    },
    {
      "Titles": [
        "Alien Quest"
      ],
      "Sha1s2Md5": "00a63e88f7df24bab0020661c5e6af6c",
      "Crcs2Md5": "13b4b494b8c5a5a5f13e24db55a7ab06",
      "Sets": {
        "4": [
          "Alien Quest (19xx)(-)(Tape 2 of 2)"
        ]
      },
      "PartName": "Tape",
      "Size": 1506,
      "PartNum": 2,
      "TotalParts": 2,
      "Publishers": [
        8
      ],
      "Languages": [
        "en"
      ]
    },
    {
      "Titles": [
        "Aliens"
      ],
      "Sha1s2Md5": "24b6c6d79956ee545d28d28a9d80d7cc",
      "Crcs2Md5": "4017581e3b27f278b9cd765752560d4a",
      "Sets": {
        "4": [
          "Aliens (1983)(Add On Electronics)(Tape 1 of 2)"
        ]
      },
      "PartName": "Tape",
      "Size": 145,
      "PartNum": 1,
      "TotalParts": 2,
      "Publishers": [
        7
      ],
      "ReleaseDate": "1/1/1983",
      "Languages": [
        "en"
      ]
    },
    {
      "Titles": [
        "Aliens"
      ],
      "Sha1s2Md5": "fab2f3ea0b3bd502607b90e469e7c7d1",
      "Crcs2Md5": "a695c2efd1d4046fd4db8c5103669e61",
      "Sets": {
        "4": [
          "Aliens (1983)(Add On Electronics)(Tape 2 of 2)"
        ]
      },
      "PartName": "Tape",
      "Size": 1990,
      "PartNum": 2,
      "TotalParts": 2,
      "Publishers": [
        7
      ],
      "ReleaseDate": "1/1/1983",
      "Languages": [
        "en"
      ]
    },
    {
      "Titles": [
        "Aquarius BASIC ROM"
      ],
      "Sha1s2Md5": "62c0c3729dbdac29ed1d6c5e68c5e34b",
      "Crcs2Md5": "4d81101750f3d0dba6f15dd746144f3f",
      "Sets": {
        "1": [
          "basic"
        ]
      },
      "Size": 8192,
      "Publishers": [
        1
      ],
      "ReleaseDate": "1/1/1982"
    },
    {
      "Titles": [
        "Aquarius LOGO"
      ],
      "Serials": [
        "4391"
      ],
      "Sha1s2Md5": "eb295e70fe28a9bf77606da78e783aec",
      "Crcs2Md5": "cd4ae4f075677899a2e18e517f82ee93",
      "Sets": {
        "1": [
          "logo"
        ]
      },
      "Size": 16384,
      "Publishers": [
        2
      ],
      "ReleaseDate": "1/1/1983"
    },
    {
      "Titles": [
        "Astrosmash"
      ],
      "Serials": [
        "4003"
      ],
      "Sha1s2Md5": "35170b04642f4628f834a39711aeb8ce",
      "Crcs2Md5": "aedf29c16b234482c5f7d47ccd1d1d03",
      "Sets": {
        "1": [
          "astrsmah"
        ],
        "4": [
          "Astrosmash (1982)(Mattel)"
        ],
        "6": [
          "86249"
        ]
      },
      "Overview": {
        "en": [
          1
        ]
      },
      "Size": 16384,
      "Publishers": [
        2,
        11
      ],
      "Developers": [
        11
      ],
      "ReleaseDate": "1/1/1982",
      "Genres": [
        0
      ],
      "Languages": [
        "en"
      ]
    },
    {
      "Titles": [
        "Biorhythms"
      ],
      "Serials": [
        "4673"
      ],
      "Sha1s2Md5": "cfeea66a85a3280887a8c88722b6f2af",
      "Crcs2Md5": "2e8aabf41ddade32190ea33767d5b6a7",
      "Sets": {
        "1": [
          "biorhtms"
        ],
        "6": [
          "93958"
        ]
      },
      "Overview": {
        "en": [
          6
        ]
      },
      "Size": 16384,
      "Publishers": [
        2,
        11
      ],
      "Developers": [
        2
      ],
      "ReleaseDate": "1/1/1983"
    },
    {
      "Titles": [
        "Bounder"
      ],
      "Sha1s2Md5": "e2a13928a324e14b37978d83e7e638cd",
      "Crcs2Md5": "5ca557feaafacb10436923e04c3b6207",
      "Sets": {
        "4": [
          "Bounder (1984)(Add On Electronics)(Tape 1 of 2)"
        ]
      },
      "PartName": "Tape",
      "Size": 145,
      "PartNum": 1,
      "TotalParts": 2,
      "Publishers": [
        7
      ],
      "ReleaseDate": "1/1/1984",
      "Languages": [
        "en"
      ]
    },
    {
      "Titles": [
        "Bounder"
      ],
      "Sha1s2Md5": "f81ac3549d36c95255e222e66ee6b9b2",
      "Crcs2Md5": "1a0d660f73f81e5e4f188a37bc27f473",
      "Sets": {
        "4": [
          "Bounder (1984)(Add On Electronics)(Tape 2 of 2)"
        ]
      },
      "PartName": "Tape",
      "Size": 2786,
      "PartNum": 2,
      "TotalParts": 2,
      "Publishers": [
        7
      ],
      "ReleaseDate": "1/1/1984",
      "Languages": [
        "en"
      ]
    },
    {
      "Titles": [
        "Breakout"
      ],
      "Sha1s2Md5": "6109d9b9738b1aa4c3108fcbbeef8af0",
      "Crcs2Md5": "6f3112b010778cd7bc38f154a4650efd",
      "Sets": {
        "4": [
          "Breakout (1983)(Add On Electronics)(Tape 1 of 2)"
        ],
        "6": [
          "88480"
        ]
      },
      "Overview": {
        "en": [
          4
        ]
      },
      "PartName": "Tape",
      "Size": 146,
      "PartNum": 1,
      "TotalParts": 2,
      "Publishers": [
        7
      ],
      "ReleaseDate": "1/1/1983",
      "Genres": [
        0
      ],
      "Languages": [
        "en"
      ]
    },
    {
      "Titles": [
        "Breakout"
      ],
      "Sha1s2Md5": "faaa3f42c6a0f55349027e82a9a46a7c",
      "Crcs2Md5": "e9228f642aae6ceba65f6bc42cf39ec6",
      "Sets": {
        "4": [
          "Breakout (1983)(Add On Electronics)(Tape 2 of 2)"
        ],
        "6": [
          "88480"
        ]
      },
      "Overview": {
        "en": [
          4
        ]
      },
      "PartName": "Tape",
      "Size": 5054,
      "PartNum": 2,
      "TotalParts": 2,
      "Publishers": [
        7
      ],
      "ReleaseDate": "1/1/1983",
      "Genres": [
        0
      ],
      "Languages": [
        "en"
      ]
    },
    {
      "Titles": [
        "Burgertime"
      ],
      "Serials": [
        "4653"
      ],
      "Sha1s2Md5": "d72106e53f857f459ad10de9787fff9a",
      "Crcs2Md5": "5507f866b71676e9eb42980587df8b59",
      "Sets": {
        "1": [
          "btime"
        ],
        "4": [
          "Burgertime (1982)(Data East)"
        ],
        "6": [
          "93411"
        ]
      },
      "Overview": {
        "en": [
          5
        ]
      },
      "Size": 16384,
      "Publishers": [
        3,
        11
      ],
      "ReleaseDate": "1/1/1982",
      "Genres": [
        0,
        3
      ],
      "Languages": [
        "en"
      ]
    },
    {
      "Titles": [
        "Chess"
      ],
      "Serials": [
        "4594"
      ],
      "Sha1s2Md5": "f74878eaf08a83c5c53878c7ed9c9557",
      "Crcs2Md5": "1161ba3dd1ee6fdaf94335c1edeb2154",
      "Sets": {
        "1": [
          "chess"
        ],
        "4": [
          "Chess (1982)(Mattel)(proto)"
        ]
      },
      "Size": 16384,
      "Publishers": [
        2
      ],
      "Tags": [
        0
      ],
      "ReleaseDate": "1/1/1982",
      "Languages": [
        "en"
      ]
    },
    {
      "Titles": [
        "Chuckman"
      ],
      "Sha1s2Md5": "438d2c46664cc1877e7da04a5e6cba97",
      "Crcs2Md5": "adcec75a407eac5d81956d8796ae49ba",
      "Sets": {
        "4": [
          "Chuckman (1983)(Add On Electronics)(Tape 1 of 2)"
        ],
        "6": [
          "93414"
        ]
      },
      "PartName": "Tape",
      "Size": 146,
      "PartNum": 1,
      "TotalParts": 2,
      "Publishers": [
        7
      ],
      "ReleaseDate": "1/1/1983",
      "Genres": [
        0
      ],
      "Languages": [
        "en"
      ]
    },
    {
      "Titles": [
        "Chuckman"
      ],
      "Sha1s2Md5": "7c62f8118c1a67b9ad1e6f8bbba3eaa4",
      "Crcs2Md5": "1487ca6b3d5f621a3f173019524a5e3f",
      "Sets": {
        "4": [
          "Chuckman (1983)(Add On Electronics)(Tape 2 of 2)"
        ],
        "6": [
          "93414"
        ]
      },
      "PartName": "Tape",
      "Size": 5878,
      "PartNum": 2,
      "TotalParts": 2,
      "Publishers": [
        7
      ],
      "ReleaseDate": "1/1/1983",
      "Genres": [
        0
      ],
      "Languages": [
        "en"
      ]
    },
    {
      "Titles": [
        "Cross Bomber"
      ],
      "Sha1s2Md5": "a6f3322068dad10903afef3119141e8a",
      "Crcs2Md5": "5261873f459fcdf27569103c4990e8bf",
      "Sets": {
        "4": [
          "Cross Bomber (2021-05-13)(Caruso, Fabrizio)[16K]"
        ]
      },
      "Size": 7267,
      "Publishers": [
        9
      ],
      "ReleaseDate": "5/13/2021",
      "Languages": [
        "en"
      ]
    },
    {
      "Titles": [
        "Cross Chase"
      ],
      "Sha1s2Md5": "fda62206239e0badba1ca8131ebf90e8",
      "Crcs2Md5": "963c8f8ca5ec473579b18f09b7e5a28e",
      "Sets": {
        "4": [
          "Cross Chase (2017-09-15)(Caruso, Fabrizio)[16K][full]"
        ]
      },
      "Size": 15357,
      "Publishers": [
        9
      ],
      "ReleaseDate": "9/15/2017",
      "Languages": [
        "en"
      ]
    },
    {
      "Titles": [
        "Cross Chase"
      ],
      "Sha1s2Md5": "96ef2186900fa74ad80d511c6dbaf5f6",
      "Crcs2Md5": "0e9e604c546c96e4951ae16a98d931f1",
      "Sets": {
        "4": [
          "Cross Chase (2017-09-15)(Caruso, Fabrizio)[16K][minimal]"
        ]
      },
      "Size": 10697,
      "Publishers": [
        9
      ],
      "ReleaseDate": "9/15/2017",
      "Languages": [
        "en"
      ]
    },
    {
      "Titles": [
        "Cross Chase"
      ],
      "Sha1s2Md5": "ff3d7dd56101b7311ef17043b4995685",
      "Crcs2Md5": "289dbc3de8d86ba95970515b85c2b6f8",
      "Sets": {
        "4": [
          "Cross Chase (2017-10-11)(Caruso, Fabrizio)[16K]"
        ]
      },
      "Size": 17201,
      "Publishers": [
        9
      ],
      "ReleaseDate": "10/11/2017",
      "Languages": [
        "en"
      ]
    },
    {
      "Titles": [
        "Cross Chase"
      ],
      "Sha1s2Md5": "baed92f18e424b6b5ef37b044d86e749",
      "Crcs2Md5": "e7dcc65da87189a401f36c0e4f62f6db",
      "Sets": {
        "4": [
          "Cross Chase (2017-10-30)(Caruso, Fabrizio)[16K]"
        ]
      },
      "Size": 17865,
      "Publishers": [
        9
      ],
      "ReleaseDate": "10/30/2017",
      "Languages": [
        "en"
      ]
    },
    {
      "Titles": [
        "Cross Chase"
      ],
      "Sha1s2Md5": "450e8a7226bf27676bd8b2976fd713fe",
      "Crcs2Md5": "37c1870cf1e5ed8ddb3a766dbe76a154",
      "Sets": {
        "4": [
          "Cross Chase (2017-12-10)(Caruso, Fabrizio)[16K]"
        ]
      },
      "Size": 17259,
      "Publishers": [
        9
      ],
      "ReleaseDate": "12/10/2017",
      "Languages": [
        "en"
      ]
    },
    {
      "Titles": [
        "Cross Chase"
      ],
      "Sha1s2Md5": "02308634d93fe24e116e0061070dac31",
      "Crcs2Md5": "20ef22c6980301114a67a926eaa7dbd0",
      "Sets": {
        "4": [
          "Cross Chase (2018-02-03)(Caruso, Fabrizio)[16K][full]"
        ]
      },
      "Size": 17561,
      "Publishers": [
        9
      ],
      "ReleaseDate": "2/3/2018",
      "Languages": [
        "en"
      ]
    },
    {
      "Titles": [
        "Cross Chase"
      ],
      "Sha1s2Md5": "3e9b3e52b478f1eafb734abd8a8790bb",
      "Crcs2Md5": "7eebdd2c9c6b27873a6210c84e6dd133",
      "Sets": {
        "4": [
          "Cross Chase (2018-02-03)(Caruso, Fabrizio)[4K][tiny]"
        ]
      },
      "Size": 5317,
      "Publishers": [
        9
      ],
      "ReleaseDate": "2/3/2018",
      "Languages": [
        "en"
      ]
    },
    {
      "Titles": [
        "Cross Chase"
      ],
      "Sha1s2Md5": "70d5ee94c9337b8e23c573d23972416e",
      "Crcs2Md5": "e8663679f6d2d3a9ca00887331f797b2",
      "Sets": {
        "4": [
          "Cross Chase (2018-04-15)(Caruso, Fabrizio)[16K][full]"
        ]
      },
      "Size": 17531,
      "Publishers": [
        9
      ],
      "ReleaseDate": "4/15/2018",
      "Languages": [
        "en"
      ]
    },
    {
      "Titles": [
        "Cross Chase"
      ],
      "Sha1s2Md5": "0ce838ee0e580a09d7fb1352853b8818",
      "Crcs2Md5": "d5baf625bbffa242e78a663a3016c442",
      "Sets": {
        "4": [
          "Cross Chase (2018-04-15)(Caruso, Fabrizio)[4K][tiny]"
        ]
      },
      "Size": 5117,
      "Publishers": [
        9
      ],
      "ReleaseDate": "4/15/2018",
      "Languages": [
        "en"
      ]
    },
    {
      "Titles": [
        "Cross Chase"
      ],
      "Sha1s2Md5": "6ac2fbe27b0b5b8223aacc11520bf484",
      "Crcs2Md5": "bc53d1e2210cdf26919e97a2c063adeb",
      "Sets": {
        "4": [
          "Cross Chase (2018-05-19)(Caruso, Fabrizio)[16K][full]"
        ]
      },
      "Size": 17273,
      "Publishers": [
        9
      ],
      "ReleaseDate": "5/19/2018",
      "Languages": [
        "en"
      ]
    },
    {
      "Titles": [
        "Cross Chase"
      ],
      "Sha1s2Md5": "764a4f6f1c195fa1d243415c7aa23d66",
      "Crcs2Md5": "3dd63e1e86da94e00d4e12625a59e2ea",
      "Sets": {
        "4": [
          "Cross Chase (2018-05-19)(Caruso, Fabrizio)[4K][tiny]"
        ]
      },
      "Size": 5105,
      "Publishers": [
        9
      ],
      "ReleaseDate": "5/19/2018",
      "Languages": [
        "en"
      ]
    },
    {
      "Titles": [
        "Cross Chase"
      ],
      "Sha1s2Md5": "eaba4ec91a71822423480fd10e4c24a7",
      "Crcs2Md5": "da2c088b29496fc66143fb0d0550f9b7",
      "Sets": {
        "4": [
          "Cross Chase (2018-07-19)(Caruso, Fabrizio)[16K][full]"
        ]
      },
      "Size": 16967,
      "Publishers": [
        9
      ],
      "ReleaseDate": "7/19/2018",
      "Languages": [
        "en"
      ]
    },
    {
      "Titles": [
        "Cross Chase"
      ],
      "Sha1s2Md5": "2b747700a9656d5602b6a71362a07b54",
      "Crcs2Md5": "4708e15d942dc9eb891307b024c98123",
      "Sets": {
        "4": [
          "Cross Chase (2018-07-19)(Caruso, Fabrizio)[4K][tiny]"
        ]
      },
      "Size": 4725,
      "Publishers": [
        9
      ],
      "ReleaseDate": "7/19/2018",
      "Languages": [
        "en"
      ]
    },
    {
      "Titles": [
        "Cross Chase"
      ],
      "Sha1s2Md5": "3e6649835dbe12c3b6c423da42b2ad01",
      "Crcs2Md5": "683c87516ab7fb6e5a1edeb089a13e09",
      "Sets": {
        "4": [
          "Cross Chase (2018-08-04)(Caruso, Fabrizio)[16K][full]"
        ]
      },
      "Size": 17209,
      "Publishers": [
        9
      ],
      "ReleaseDate": "8/4/2018",
      "Languages": [
        "en"
      ]
    },
    {
      "Titles": [
        "Cross Chase"
      ],
      "Sha1s2Md5": "eb657300ad873a67c6c0ccf870cff80b",
      "Crcs2Md5": "e82b75ee138ee41d4ec220305af6d155",
      "Sets": {
        "4": [
          "Cross Chase (2018-08-04)(Caruso, Fabrizio)[4K][tiny]"
        ]
      },
      "Size": 4727,
      "Publishers": [
        9
      ],
      "ReleaseDate": "8/4/2018",
      "Languages": [
        "en"
      ]
    },
    {
      "Titles": [
        "Cross Chase"
      ],
      "Sha1s2Md5": "d47bbcebfba53fe9f6453e19453b06a8",
      "Crcs2Md5": "1147890c135a6dfae2efdd4ece21ecf0",
      "Sets": {
        "4": [
          "Cross Chase (2018-10-29)(Caruso, Fabrizio)[16K][full]"
        ]
      },
      "Size": 16743,
      "Publishers": [
        9
      ],
      "ReleaseDate": "10/29/2018",
      "Languages": [
        "en"
      ]
    },
    {
      "Titles": [
        "Cross Chase"
      ],
      "Sha1s2Md5": "ceb787c623691ff54a024a52f45f7eec",
      "Crcs2Md5": "01ea94584fe77d7f3875d87c2946e78e",
      "Sets": {
        "4": [
          "Cross Chase (2018-10-29)(Caruso, Fabrizio)[4K][tiny]"
        ]
      },
      "Size": 4623,
      "Publishers": [
        9
      ],
      "ReleaseDate": "10/29/2018",
      "Languages": [
        "en"
      ]
    },
    {
      "Titles": [
        "Cross Chase"
      ],
      "Sha1s2Md5": "8db87ec45d8eb8f1be8e1b372368d735",
      "Crcs2Md5": "719e57f054cd2e39cdb66e2f6bcda3ab",
      "Sets": {
        "4": [
          "Cross Chase (2020-04-02)(Caruso, Fabrizio)[16K][full]"
        ]
      },
      "Size": 15977,
      "Publishers": [
        9
      ],
      "ReleaseDate": "4/2/2020",
      "Languages": [
        "en"
      ]
    },
    {
      "Titles": [
        "Cross Chase"
      ],
      "Sha1s2Md5": "dac783f78ff434c96c857a34fb5cd04c",
      "Crcs2Md5": "462d0465f54b0174adafa5500978dcf6",
      "Sets": {
        "4": [
          "Cross Chase (2020-04-02)(Caruso, Fabrizio)[4K][tiny]"
        ]
      },
      "Size": 4607,
      "Publishers": [
        9
      ],
      "ReleaseDate": "4/2/2020",
      "Languages": [
        "en"
      ]
    },
    {
      "Titles": [
        "Cross Chase"
      ],
      "Sha1s2Md5": "f9c069d48575a96ab724aaf5020593f1",
      "Crcs2Md5": "8db72d2f05be1e94471ddc13d077af05",
      "Sets": {
        "4": [
          "Cross Chase (2021-05-13)(Caruso, Fabrizio)[16K]"
        ]
      },
      "Size": 15685,
      "Publishers": [
        9
      ],
      "ReleaseDate": "5/13/2021",
      "Languages": [
        "en"
      ]
    },
    {
      "Titles": [
        "Cross Chase"
      ],
      "Sha1s2Md5": "364b1c93de0d47cad34b323d8ab08a61",
      "Crcs2Md5": "7dfab7261ce21137ddb0f20ed7cbbe1b",
      "Sets": {
        "4": [
          "Cross Chase (2021-05-13)(Caruso, Fabrizio)[16K][tiny]"
        ]
      },
      "Size": 4521,
      "Publishers": [
        9
      ],
      "ReleaseDate": "5/13/2021",
      "Languages": [
        "en"
      ]
    },
    {
      "Titles": [
        "Cross Horde v1.0"
      ],
      "Sha1s2Md5": "7ea98c44708ba102f8665064a674d657",
      "Crcs2Md5": "2852e87a52266fe9fe66e9c9cae6351c",
      "Sets": {
        "4": [
          "Cross Horde v1.0 (2021-05-01)(Caruso, Fabrizio)[16K]"
        ]
      },
      "Version": "v1.0",
      "Size": 13455,
      "Publishers": [
        9
      ],
      "ReleaseDate": "5/1/2021",
      "Languages": [
        "en"
      ]
    },
    {
      "Titles": [
        "Cross Snake v1.0"
      ],
      "Sha1s2Md5": "14eac6097a09b2d538a9bc024e63f502",
      "Crcs2Md5": "725125187a0cf7749ff7f990fa4dac0a",
      "Sets": {
        "4": [
          "Cross Snake v1.0 (2020-12-12)(Caruso, Fabrizio)[16K]"
        ]
      },
      "Version": "v1.0",
      "Size": 16215,
      "Publishers": [
        9
      ],
      "ReleaseDate": "12/12/2020",
      "Languages": [
        "en"
      ]
    },
    {
      "Titles": [
        "Cross Snake v2.0"
      ],
      "Sha1s2Md5": "a211a858ae1d9be2b68526bd2d521c23",
      "Crcs2Md5": "344140a7b35f983bbc5fcfd96b859426",
      "Sets": {
        "4": [
          "Cross Snake v2.0 (2020-12-31)(Caruso, Fabrizio)[16K]"
        ]
      },
      "Version": "v2.0",
      "Size": 15875,
      "Publishers": [
        9
      ],
      "ReleaseDate": "12/31/2020",
      "Languages": [
        "en"
      ]
    },
    {
      "Titles": [
        "Cute Cubes"
      ],
      "Sha1s2Md5": "ac4d150b48191b85d00d41e3aa9e0a99",
      "Crcs2Md5": "3fcb2cda1ea5d9264e08d3a096715d2e",
      "Sets": {
        "4": [
          "Cute Cubes (19xx)(K. Baker)(Tape 1 of 2)"
        ]
      },
      "PartName": "Tape",
      "Size": 145,
      "PartNum": 1,
      "TotalParts": 2,
      "Publishers": [
        10
      ],
      "Languages": [
        "en"
      ]
    },
    {
      "Titles": [
        "Cute Cubes"
      ],
      "Sha1s2Md5": "348484db21308a73442e6c27cdd6697f",
      "Crcs2Md5": "d059a80f234e5e59249528ce7cb84d1d",
      "Sets": {
        "4": [
          "Cute Cubes (19xx)(K. Baker)(Tape 2 of 2)"
        ]
      },
      "PartName": "Tape",
      "Size": 1378,
      "PartNum": 2,
      "TotalParts": 2,
      "Publishers": [
        10
      ],
      "Languages": [
        "en"
      ]
    },
    {
      "Titles": [
        "D-Fenders"
      ],
      "Sha1s2Md5": "ea27357cd4d646442f5df9333aa4368a",
      "Crcs2Md5": "48aee6db82ce3385a123f729f4a82cd3",
      "Sets": {
        "4": [
          "D-Fenders (1983)(Add On Electronics)(Tape 1 of 2)"
        ]
      },
      "PartName": "Tape",
      "Size": 146,
      "PartNum": 1,
      "TotalParts": 2,
      "Publishers": [
        7
      ],
      "ReleaseDate": "1/1/1983",
      "Languages": [
        "en"
      ]
    },
    {
      "Titles": [
        "D-Fenders"
      ],
      "Sha1s2Md5": "1c98db8b1a26a8406f0c766d8726469e",
      "Crcs2Md5": "24bfe5eccac36b63fd8bfa2ed5bce6e3",
      "Sets": {
        "4": [
          "D-Fenders (1983)(Add On Electronics)(Tape 2 of 2)"
        ]
      },
      "PartName": "Tape",
      "Size": 9754,
      "PartNum": 2,
      "TotalParts": 2,
      "Publishers": [
        7
      ],
      "ReleaseDate": "1/1/1983",
      "Languages": [
        "en"
      ]
    },
    {
      "Titles": [
        "Dos BASIC"
      ],
      "Sha1s2Md5": "ba2b8c0ac82d15b0e8d8848bbfbe4724",
      "Crcs2Md5": "f44447fc533c00e1fc4c06d2b93659a2",
      "Sets": {
        "1": [
          "dosbasic"
        ]
      },
      "Size": 16384,
      "Publishers": [
        1
      ],
      "ReleaseDate": "1/1/1982"
    },
    {
      "Titles": [
        "Ed-On"
      ],
      "Sha1s2Md5": "705a6908ba6c5db430259730fac00598",
      "Crcs2Md5": "a89521526fe3d44051a1ff165f45dd17",
      "Sets": {
        "4": [
          "Ed-On (1983)(Add On Electronics)(Tape 1 of 2)"
        ]
      },
      "PartName": "Tape",
      "Size": 146,
      "PartNum": 1,
      "TotalParts": 2,
      "Publishers": [
        7
      ],
      "ReleaseDate": "1/1/1983",
      "Languages": [
        "en"
      ]
    },
    {
      "Titles": [
        "Ed-On"
      ],
      "Sha1s2Md5": "02452bc56f97d8b2fd74c9c34f9bfeff",
      "Crcs2Md5": "9b3fc8de96fed9c2a48edfe8d677e763",
      "Sets": {
        "4": [
          "Ed-On (1983)(Add On Electronics)(Tape 2 of 2)"
        ]
      },
      "PartName": "Tape",
      "Size": 5674,
      "PartNum": 2,
      "TotalParts": 2,
      "Publishers": [
        7
      ],
      "ReleaseDate": "1/1/1983",
      "Languages": [
        "en"
      ]
    },
    {
      "Titles": [
        "Extended BASIC"
      ],
      "Serials": [
        "4392"
      ],
      "Sha1s2Md5": "c68b9f3993432b5cbd3c945bd1570138",
      "Crcs2Md5": "727f28096b72be69efe8b2e46fc3726e",
      "Sets": {
        "1": [
          "ebasic"
        ]
      },
      "Size": 16384,
      "Publishers": [
        1
      ],
      "ReleaseDate": "1/1/1982"
    },
    {
      "Titles": [
        "Fileform"
      ],
      "Serials": [
        "4177"
      ],
      "Sha1s2Md5": "0a375c39ac5dbfea37bb2ab3711ac130",
      "Crcs2Md5": "6d330632c722160e0bbb34fef02871b6",
      "Sets": {
        "1": [
          "fileform"
        ]
      },
      "Size": 16384,
      "Publishers": [
        2
      ],
      "ReleaseDate": "1/1/1982"
    },
    {
      "Titles": [
        "Finform"
      ],
      "Serials": [
        "4178"
      ],
      "Sha1s2Md5": "a0f031519f3ab15a33f6de12d63c4e54",
      "Crcs2Md5": "e907f3777741d6d44966494c0969869a",
      "Sets": {
        "1": [
          "finform"
        ]
      },
      "Size": 16384,
      "Publishers": [
        2
      ],
      "ReleaseDate": "1/1/1982"
    },
    {
      "Titles": [
        "Gridbug"
      ],
      "Sha1s2Md5": "4783e2ece16619be3f62dd935dd9f248",
      "Crcs2Md5": "21ad6549b3426282c77725ae4f13c442",
      "Sets": {
        "4": [
          "Gridbug (1983)(Add On Electronics)(Tape 1 of 2)"
        ],
        "6": [
          "87266"
        ]
      },
      "Overview": {
        "en": [
          3
        ]
      },
      "PartName": "Tape",
      "Size": 145,
      "PartNum": 1,
      "TotalParts": 2,
      "Publishers": [
        7
      ],
      "ReleaseDate": "1/1/1983",
      "Genres": [
        0
      ],
      "Languages": [
        "en"
      ]
    },
    {
      "Titles": [
        "Gridbug"
      ],
      "Sha1s2Md5": "9adbe94b49e970eed5d973543171d7a3",
      "Crcs2Md5": "5d70a320d003697b2abbc5dc4265d4a6",
      "Sets": {
        "4": [
          "Gridbug (1983)(Add On Electronics)(Tape 2 of 2)"
        ],
        "6": [
          "87266"
        ]
      },
      "Overview": {
        "en": [
          3
        ]
      },
      "PartName": "Tape",
      "Size": 3078,
      "PartNum": 2,
      "TotalParts": 2,
      "Publishers": [
        7
      ],
      "ReleaseDate": "1/1/1983",
      "Genres": [
        0
      ],
      "Languages": [
        "en"
      ]
    },
    {
      "Titles": [
        "Macho Man"
      ],
      "Sha1s2Md5": "11b4fb834c761b917de65a2769f2b595",
      "Crcs2Md5": "349e947bb6235fe890053937444b6d99",
      "Sets": {
        "4": [
          "Macho Man (19xx)(K. Baker)(Tape 1 of 2)"
        ]
      },
      "PartName": "Tape",
      "Size": 145,
      "PartNum": 1,
      "TotalParts": 2,
      "Publishers": [
        10
      ],
      "Languages": [
        "en"
      ]
    },
    {
      "Titles": [
        "Macho Man"
      ],
      "Sha1s2Md5": "ffeb902c67b69baef3acbe28c8bfbd84",
      "Crcs2Md5": "022be7b2a436d744312a8ab27082d155",
      "Sets": {
        "4": [
          "Macho Man (19xx)(K. Baker)(Tape 2 of 2)"
        ]
      },
      "PartName": "Tape",
      "Size": 1518,
      "PartNum": 2,
      "TotalParts": 2,
      "Publishers": [
        10
      ],
      "Languages": [
        "en"
      ]
    },
    {
      "Titles": [
        "Marquee Demo"
      ],
      "Sha1s2Md5": "c1e55f6ba0d25b2e1f59a10b7725d37b",
      "Crcs2Md5": "adc37317eef03608489ff9458f96822a",
      "Sets": {
        "1": [
          "demo"
        ]
      },
      "Size": 16384,
      "Publishers": [
        2
      ],
      "ReleaseDate": "1/1/1982"
    },
    {
      "Titles": [
        "Mazantics"
      ],
      "Sha1s2Md5": "39f06d18e9380d95c08199d77501e1c8",
      "Crcs2Md5": "055046a3aecf28187e50a865b3d0ebe3",
      "Sets": {
        "4": [
          "Mazantics (1984)(Add On Electronics)(Tape 1 of 2)"
        ]
      },
      "PartName": "Tape",
      "Size": 146,
      "PartNum": 1,
      "TotalParts": 2,
      "Publishers": [
        7
      ],
      "ReleaseDate": "1/1/1984",
      "Languages": [
        "en"
      ]
    },
    {
      "Titles": [
        "Mazantics"
      ],
      "Sha1s2Md5": "cd6a0a7ab3ca9a56c56fda9d4e3fef87",
      "Crcs2Md5": "d57468219a938df41f0cb7eddf90eed2",
      "Sets": {
        "4": [
          "Mazantics (1984)(Add On Electronics)(Tape 2 of 2)"
        ]
      },
      "PartName": "Tape",
      "Size": 11982,
      "PartNum": 2,
      "TotalParts": 2,
      "Publishers": [
        7
      ],
      "ReleaseDate": "1/1/1984",
      "Languages": [
        "en"
      ]
    },
    {
      "Titles": [
        "Melody Chase"
      ],
      "Serials": [
        "4652"
      ],
      "Sha1s2Md5": "33b76cd5ddc59b3c0492cf1288b83032",
      "Crcs2Md5": "86d85daad832ecd3a5581e6f61db0cd1",
      "Sets": {
        "1": [
          "melchase"
        ],
        "4": [
          "Melody Chase (1982)(Mattel)"
        ]
      },
      "Size": 16384,
      "Publishers": [
        2
      ],
      "ReleaseDate": "1/1/1982",
      "Languages": [
        "en"
      ]
    },
    {
      "Titles": [
        "Millypede"
      ],
      "Sha1s2Md5": "1d57e14a07af4b4bab302084f39bb5a0",
      "Crcs2Md5": "a188f9df23e28b80811578cd4cf5c761",
      "Sets": {
        "4": [
          "Millypede (1983)(Add On Electronics)(Tape 1 of 2)[CAQ]"
        ]
      },
      "PartName": "Tape",
      "Size": 146,
      "PartNum": 1,
      "TotalParts": 2,
      "Publishers": [
        7
      ],
      "ReleaseDate": "1/1/1983",
      "Languages": [
        "en"
      ]
    },
    {
      "Titles": [
        "Millypede"
      ],
      "Sha1s2Md5": "fa3285a66e1c28a3b77ef9854f0b0d3c",
      "Crcs2Md5": "574f32f99d03ab269f7c7ace5346fa86",
      "Sets": {
        "4": [
          "Millypede (1983)(Add On Electronics)(Tape 2 of 2)[CAQ]"
        ]
      },
      "PartName": "Tape",
      "Size": 4394,
      "PartNum": 2,
      "TotalParts": 2,
      "Publishers": [
        7
      ],
      "ReleaseDate": "1/1/1983",
      "Languages": [
        "en"
      ]
    },
    {
      "Titles": [
        "Millypede"
      ],
      "Sha1s2Md5": "5250e3d7341b53843b6b6f5acde4fce6",
      "Crcs2Md5": "ea6ddc0decd364b4afa200817f0f85d8",
      "Sets": {
        "4": [
          "Millypede (1983)(Add On Electronics)(Tape 1 of 2)"
        ]
      },
      "PartName": "Tape",
      "Size": 162850,
      "PartNum": 1,
      "TotalParts": 2,
      "Publishers": [
        7
      ],
      "ReleaseDate": "1/1/1983",
      "Languages": [
        "en"
      ]
    },
    {
      "Titles": [
        "Millypede"
      ],
      "Sha1s2Md5": "8313ab80dcb2ea6a90e6227ee002ece4",
      "Crcs2Md5": "14b41e7e79285dba2d69b2349482b18b",
      "Sets": {
        "4": [
          "Millypede (1983)(Add On Electronics)(Tape 2 of 2)"
        ]
      },
      "PartName": "Tape",
      "Size": 3614386,
      "PartNum": 2,
      "TotalParts": 2,
      "Publishers": [
        7
      ],
      "ReleaseDate": "1/1/1983",
      "Languages": [
        "en"
      ]
    },
    {
      "Titles": [
        "Modem Terminal Software"
      ],
      "Sha1s2Md5": "dd7e2a96fb4d1e86db245d077495661b",
      "Crcs2Md5": "27eb7ac2326d9b7c3b8a56158c40dad0",
      "Sets": {
        "1": [
          "modem"
        ]
      },
      "Size": 16384,
      "Publishers": [
        2
      ],
      "ReleaseDate": "1/1/1982"
    },
    {
      "Titles": [
        "Mould"
      ],
      "Sha1s2Md5": "cce6dcc7b13ec286126c6f1ca227bfbb",
      "Crcs2Md5": "69769ab94e2977c77eac6b888d3662c4",
      "Sets": {
        "4": [
          "Mould (19xx)(-)(Tape 1 of 2)"
        ]
      },
      "PartName": "Tape",
      "Size": 145,
      "PartNum": 1,
      "TotalParts": 2,
      "Publishers": [
        8
      ],
      "Languages": [
        "en"
      ]
    },
    {
      "Titles": [
        "Mould"
      ],
      "Sha1s2Md5": "f7841991f276ee06fc769ae835f8b148",
      "Crcs2Md5": "a95250804142605f4cc1322a96615224",
      "Sets": {
        "4": [
          "Mould (19xx)(-)(Tape 2 of 2)"
        ]
      },
      "PartName": "Tape",
      "Size": 1502,
      "PartNum": 2,
      "TotalParts": 2,
      "Publishers": [
        8
      ],
      "Languages": [
        "en"
      ]
    },
    {
      "Titles": [
        "N-Vaders"
      ],
      "Sha1s2Md5": "220c046f018484a4d5449a4a6b057600",
      "Crcs2Md5": "f454d0ed46784d598c3cbd8bf2c8aefd",
      "Sets": {
        "4": [
          "N-Vaders (1983)(Add On Electronics)(Tape 1 of 2)"
        ]
      },
      "PartName": "Tape",
      "Size": 146,
      "PartNum": 1,
      "TotalParts": 2,
      "Publishers": [
        7
      ],
      "ReleaseDate": "1/1/1983",
      "Languages": [
        "en"
      ]
    },
    {
      "Titles": [
        "N-Vaders"
      ],
      "Sha1s2Md5": "3a8448745c47094cb5431e5d8c73e700",
      "Crcs2Md5": "b19b7207c3c8fa26e009213978092ebb",
      "Sets": {
        "4": [
          "N-Vaders (1983)(Add On Electronics)(Tape 2 of 2)"
        ]
      },
      "PartName": "Tape",
      "Size": 5254,
      "PartNum": 2,
      "TotalParts": 2,
      "Publishers": [
        7
      ],
      "ReleaseDate": "1/1/1983",
      "Languages": [
        "en"
      ]
    },
    {
      "Titles": [
        "Night Stalker"
      ],
      "Serials": [
        "4595"
      ],
      "Sha1s2Md5": "d9bd8a46e4ad1f7d9e602d29712b3565",
      "Crcs2Md5": "9b5a99b637b038dff39f54dd2d2d3b81",
      "Sets": {
        "1": [
          "nstalker"
        ],
        "4": [
          "Night Stalker (1982)(Mattel)"
        ]
      },
      "Size": 16384,
      "Publishers": [
        2
      ],
      "ReleaseDate": "1/1/1982",
      "Languages": [
        "en"
      ]
    },
    {
      "Titles": [
        "Pack Mr."
      ],
      "Sha1s2Md5": "57ef73563d4e814c34679cf2ab785b2d",
      "Crcs2Md5": "71ed65220134c80152132ae5ec3c2f4c",
      "Sets": {
        "4": [
          "Pack Mr. (1983)(Add On Electronics)(Tape 1 of 2)"
        ]
      },
      "PartName": "Tape",
      "Size": 146,
      "PartNum": 1,
      "TotalParts": 2,
      "Publishers": [
        7
      ],
      "ReleaseDate": "1/1/1983",
      "Languages": [
        "en"
      ]
    },
    {
      "Titles": [
        "Pack Mr."
      ],
      "Sha1s2Md5": "f9f3878dc0fed99095ba0b9ae044f1c6",
      "Crcs2Md5": "ffe1d1afe033793eddc59b7e29e5a468",
      "Sets": {
        "4": [
          "Pack Mr. (1983)(Add On Electronics)(Tape 2 of 2)"
        ]
      },
      "PartName": "Tape",
      "Size": 6202,
      "PartNum": 2,
      "TotalParts": 2,
      "Publishers": [
        7
      ],
      "ReleaseDate": "1/1/1983",
      "Languages": [
        "en"
      ]
    },
    {
      "Titles": [
        "Postman Pot"
      ],
      "Sha1s2Md5": "5b80b7cfff07081f046bfd0d66920f62",
      "Crcs2Md5": "3755a5f00e5e70504e1c0ab1abe88b83",
      "Sets": {
        "4": [
          "Postman Pot (1984)(Add On Electronics)(Tape 1 of 2)"
        ]
      },
      "PartName": "Tape",
      "Size": 146,
      "PartNum": 1,
      "TotalParts": 2,
      "Publishers": [
        7
      ],
      "ReleaseDate": "1/1/1984",
      "Languages": [
        "en"
      ]
    },
    {
      "Titles": [
        "Postman Pot"
      ],
      "Sha1s2Md5": "a990faffa946635c744f03679766e7d2",
      "Crcs2Md5": "208fda935d85d2a8e647e1105915d33e",
      "Sets": {
        "4": [
          "Postman Pot (1984)(Add On Electronics)(Tape 2 of 2)"
        ]
      },
      "PartName": "Tape",
      "Size": 10846,
      "PartNum": 2,
      "TotalParts": 2,
      "Publishers": [
        7
      ],
      "ReleaseDate": "1/1/1984",
      "Languages": [
        "en"
      ]
    },
    {
      "Titles": [
        "Quick Disk"
      ],
      "Sha1s2Md5": "73df32f3d36bc247f6014c40f78618d8",
      "Crcs2Md5": "3e93e14ba4fdc7d6c142f6dc6f5ac731",
      "Sets": {
        "1": [
          "quikdisk"
        ]
      },
      "Size": 32768,
      "Publishers": [
        6
      ]
    },
    {
      "Titles": [
        "Shark!"
      ],
      "Sha1s2Md5": "a4de63532224b371e42e5ca9c909ba03",
      "Crcs2Md5": "42f5f672b9015b6d82586861a24929b8",
      "Sets": {
        "1": [
          "shark"
        ],
        "4": [
          "Shark! (1983)(Mattel)"
        ]
      },
      "Size": 16384,
      "Publishers": [
        2
      ],
      "ReleaseDate": "1/1/1983",
      "Languages": [
        "en"
      ]
    },
    {
      "Titles": [
        "Snafu"
      ],
      "Serials": [
        "4028"
      ],
      "Sha1s2Md5": "50e8f18e53358da59898d2221118d55a",
      "Crcs2Md5": "743ed96d6c8e8792afb413a793d02369",
      "Sets": {
        "1": [
          "snafu"
        ],
        "4": [
          "Snafu (1982)(Mattel)"
        ],
        "6": [
          "89598"
        ]
      },
      "Size": 16384,
      "Publishers": [
        2
      ],
      "ReleaseDate": "1/1/1982",
      "Genres": [
        0
      ],
      "Languages": [
        "en"
      ]
    },
    {
      "Titles": [
        "Space Speller"
      ],
      "Serials": [
        "4682"
      ],
      "Sha1s2Md5": "afbc36420b873422e1b42197fa8988ed",
      "Crcs2Md5": "fb6bdcb9d5e5c94d49b071183280d791",
      "Sets": {
        "1": [
          "speller"
        ],
        "4": [
          "Space Speller (1983)(Mattel)"
        ]
      },
      "Size": 16384,
      "Publishers": [
        2
      ],
      "ReleaseDate": "1/1/1983",
      "Languages": [
        "en"
      ]
    },
    {
      "Titles": [
        "Stalactites"
      ],
      "Sha1s2Md5": "d9a4ca53eea4380dfaa3a34b5b9475c4",
      "Crcs2Md5": "9ec6cc6f6d6018ff20eb68bb4351b8d3",
      "Sets": {
        "4": [
          "Stalactites (1984)(K. Baker)(Tape 1 of 2)"
        ]
      },
      "PartName": "Tape",
      "Size": 145,
      "PartNum": 1,
      "TotalParts": 2,
      "Publishers": [
        10
      ],
      "ReleaseDate": "1/1/1984",
      "Languages": [
        "en"
      ]
    },
    {
      "Titles": [
        "Stalactites"
      ],
      "Sha1s2Md5": "b5b3065d15f095ec700a24d4f6f36064",
      "Crcs2Md5": "983a02210cb607f4ef0e7b90773fb687",
      "Sets": {
        "4": [
          "Stalactites (1984)(K. Baker)(Tape 2 of 2)"
        ]
      },
      "PartName": "Tape",
      "Size": 1474,
      "PartNum": 2,
      "TotalParts": 2,
      "Publishers": [
        10
      ],
      "ReleaseDate": "1/1/1984",
      "Languages": [
        "en"
      ]
    },
    {
      "Titles": [
        "Torment"
      ],
      "Sha1s2Md5": "147ead146692b4f13e95f95c5b19fa73",
      "Crcs2Md5": "9a71f01a1e7d637c85a3b2969cb2ef04",
      "Sets": {
        "4": [
          "Torment (19xx)(-)(Tape 1 of 2)"
        ]
      },
      "PartName": "Tape",
      "Size": 145,
      "PartNum": 1,
      "TotalParts": 2,
      "Publishers": [
        8
      ],
      "Languages": [
        "en"
      ]
    },
    {
      "Titles": [
        "Torment"
      ],
      "Sha1s2Md5": "08ff1dbc333fea2cc745ca474c7b16f9",
      "Crcs2Md5": "0f4f63977f6b16d920adbcfc0cec2e46",
      "Sets": {
        "4": [
          "Torment (19xx)(-)(Tape 2 of 2)"
        ]
      },
      "PartName": "Tape",
      "Size": 1382,
      "PartNum": 2,
      "TotalParts": 2,
      "Publishers": [
        8
      ],
      "Languages": [
        "en"
      ]
    },
    {
      "Titles": [
        "Tron Deadly Discs",
        "Tron - Deadly Discs"
      ],
      "Serials": [
        "4024"
      ],
      "Sha1s2Md5": "5b100161365254063b62b31d15015a2e",
      "Crcs2Md5": "4cccaf663270bdbb9ea0cf3ca4ab7636",
      "Sets": {
        "1": [
          "tron"
        ],
        "4": [
          "Tron - Deadly Discs (1982)(Mattel)"
        ],
        "6": [
          "89600"
        ]
      },
      "Size": 16384,
      "Publishers": [
        4,
        2
      ],
      "ReleaseDate": "1/1/1982",
      "Genres": [
        0
      ],
      "Languages": [
        "en"
      ]
    },
    {
      "Titles": [
        "Utopia"
      ],
      "Serials": [
        "4596"
      ],
      "Sha1s2Md5": "5eb4d45e13496e0f9988d3814fd64933",
      "Crcs2Md5": "25dfa2d85ff58a76aaf682aaf90c7628",
      "Sets": {
        "1": [
          "utopia"
        ],
        "4": [
          "Utopia (1982)(Mattel)"
        ],
        "6": [
          "86250"
        ]
      },
      "Overview": {
        "en": [
          2
        ]
      },
      "Size": 16384,
      "Publishers": [
        2,
        11
      ],
      "Developers": [
        11
      ],
      "ReleaseDate": "1/1/1982",
      "Genres": [
        2
      ],
      "Languages": [
        "en"
      ]
    },
    {
      "Titles": [
        "Window"
      ],
      "Sha1s2Md5": "abb96914683cbccecbb4cc486082fb6b",
      "Crcs2Md5": "2d558a27f925ffcbb7d2ce3229851261",
      "Sets": {
        "4": [
          "Window (2000)(-)(PD)"
        ]
      },
      "Size": 1381,
      "Publishers": [
        8
      ],
      "ReleaseDate": "1/1/2000",
      "Languages": [
        "en"
      ]
    },
    {
      "Titles": [
        "Word Processor"
      ],
      "Sha1s2Md5": "31ce011d119258558282ecb1275bde54",
      "Crcs2Md5": "0252fe57379f115944c0387c39eee00e",
      "Sets": {
        "1": [
          "word"
        ]
      },
      "Size": 16384,
      "Publishers": [
        5
      ],
      "ReleaseDate": "1/1/1986"
    },
    {
      "Titles": [
        "Zero-in"
      ],
      "Serials": [
        "4895C"
      ],
      "Sha1s2Md5": "9588fc04e07d20d9091e109e350dda38",
      "Crcs2Md5": "fb23ac4287571c06d031094a5a922b5f",
      "Sets": {
        "1": [
          "zeroin"
        ],
        "4": [
          "Zero-In (1983)(Mattel)[8KB]"
        ]
      },
      "Size": 8192,
      "Publishers": [
        2
      ],
      "ReleaseDate": "1/1/1982",
      "Languages": [
        "en"
      ]
    },
    {
      "Titles": [
        "Zero-In"
      ],
      "Sha1s2Md5": "96ed6f7d300f5ca0be67e1c9f2e94512",
      "Crcs2Md5": "2c0fc3f5a4a7060fac91a7a0e23b2db4",
      "Sets": {
        "4": [
          "Zero-In (1983)(Mattel)[16KB]"
        ]
      },
      "Size": 16384,
      "Publishers": [
        2
      ],
      "ReleaseDate": "1/1/1983",
      "Languages": [
        "en"
      ]
    }
  ],
  "Overviews": {
    "en": {
      "0": "The story: You are Sergeant \"Bulls-Eye Biker\". Your order are \"The enemy has broken through the mountains and over the river they will annihilate our entire force. We are equipping you with the newest 3D Tankplaneship gun. You must hold them back for at least 24hrs.\" Your gun has twin heat seeking lazers, which you can use on the fighter planes as they zig zag in and out of the snow clad mountains. Rumbling across the plains are the titanium shielded monster tanks which only a direct hit wil destroy. Finally dashing across the river are the oil tankers, troop carriers, freighters carrying all the enemy needs to make war. These need a lob shot from your 3D-Cannon to land on the water down in the valley below.\r\n\r\nThe reality: This machine code game written by Kevin Baker has some of the best graphics ever written for the Aquarius. Battle Zone is one of the best tests of your shooting ability. The gun is telescopic and can be ranged and sighted. Shooting the ships, tanks and planes is exactly akin to the real life shooting of duck, pigeon or clay pigeon shooting.",
      "1": "Astrosmash resembles a cross between the early arcade games Space Invaders and Asteroids. The player controls a laser cannon that can scroll left or right along a flat plane in order to target falling objects, such as large or small meteors, large or small spinning bombs, and guided missiles, as well as a UFO that crosses the screen from time to time at higher levels. Low hills and stars are seen in the background. Unlike in Space Invaders, the player does not face direct enemy fire, cannot hide beneath bunkers, and the game does not end when targets hit the ground.",
      "2": "If you've ever thought, at one time or another, \"I'd certainly do a better job if I ruled that country,\" then this game is for you. UTOPIA puts YOU in charge of your own island state. You control the treasury, agriculture, housing, industry, educations, hospitals, and military. You allocate funds to create revenue and improve life on your island. If you make wise decisions and your people are happy, you rack up points. If not, rebels begin to infiltrate your island. There's a good change you'll find that running a country is not as easy as you might think!",
      "3": "Have you ever wondered what it would be like to become a tiny little bug, with one objective in life, to stuff yourself full of strawberries? Well with the Gridbug you can do just that. This totally original game puts you in that position.\r\n\r\nHowever life could never be that easy, not even for an insignificant little bug, for lurking in the strawberry patches are giant bug eating spiders. These have to be avoided if you want life to go on.\r\n\r\nThe game begins at a relatively easy pace, with only a few spiders but their numbers will increase as you work your way through the strawberry fields.\r\nIncludes high score, bug-type noises and all machine code action.",
      "4": "The Earth's ionosphere has been replaced by layers of polluted atomic dust placed by the planet Ugh, which is even now bombarding the Earth with, \"Goodness, Gracious Me\", great balls of fire.\r\n\r\nYou, Professor Reflector, have developed the \"Reflector Reverser\", which if placed in line with the balls of fire, reverses them and reflects them back into the layers of atomic dust. Direct hits by the \"Reverser\" knock great big holes in the layers, allowing sunlight to come in and the earth to be saved. 10 times you use the reflector and you are wiping the skies clean, because once you have broken through the bottom layers, the reflector reflects and reverses within the layers knocking them out. . . and then. . . planet Ugh strikes back with a completely new set of layers of atomic dust and. . . this slimy polluted layer of horrors has a mind of its own and is advancing down onto the earth's crust and particularly down onto you, Professor Reflector, to wipe out the \"Reflector Reverser\". You have 10 balls of fire coming towards you, which you must reflect and revers to save the Earth! ",
      "5": "Nasty hot dogs, pickles, and eggs chase your chef as he builds delicious hamburgers. Time it just right and the nasties plummet into the burger. But if a pickle gets you first, your chef is cooked. So once you've mustered enough strength, finish the burgers and relish your victory!\r\n\r\nYour chef, PETER PEPPER, is surrounded! Pickles and hot dogs are everywhere! Dodge down a ladder, pepper a pickle and you've escaped. They all chase after you. Run for your life to the next bun. Gobble some fries along the way and you've got some pepper - just in case. Lead them on a chase and the nasties get stuck together. Tiptoe out onto a bun and they follow in a bunch. Pepper 'em, step off, and drop 'em. WAY TO MOVE!!! You've got 16,000 points and are one step closer to BURGERTIME!",
      "6": "HAVE YOU EVER WONDERED WHY... \r\n\r\n...you’re energetic and full of enthusiasm on some days and on others, lethargic, bored and in the doldrums? \r\n\r\n...out of a roomful of strangers you are often drawn to one or two people, while you ignore others? \r\n\r\n...you solve problems easily on some days and on others, \"you can’t seem to get with it?\" \r\n\r\nYou’re not alone! Everybody has days when everything seems to fall into place. No mistakes, mishaps, or big problems. Then there are THOSE OTHER days \r\n\r\nIs it a winner? Or one of THOSE days? One answer as to why some days are better than others is in the theory of Biorhythms. Three main cycles - physical, emotional and intellectual - the experts say, may affect how you think, feel and act"
    }
  },
  "Genres": {
    "0": "Action",
    "1": "Shooter",
    "2": "Strategy",
    "3": "Platform"
  },
  "Companies": {
    "0": "TRS Hobbies",
    "1": "Microsoft",
    "2": "Mattel",
    "3": "Data East",
    "4": "Walt Disney",
    "5": "Balen",
    "6": "Radofin Electronics",
    "7": "Add On Electronics",
    "8": "-",
    "9": "Caruso, Fabrizio",
    "10": "K. Baker",
    "11": "Mattel Electronics"
  },
  "Tags": {
    "0": "Proto"
  }
}