{
  "PlatformName": "Atom",
  "LastUpdate": "6/25/2022 4:41:39 AM",
  "Games": [
    {
      "Titles": [
        "747"
      ],
      "Sha1s2Md5": "aa36734733b8ebbacfbe059c6b2c7d87",
      "Crcs2Md5": "dabca95cabf1cb7f98976860089bf2af",
      "Sets": {
        "1": [
          "747"
        ]
      },
      "Size": 4252,
      "Publishers": [
        13
      ],
      "ReleaseDate": "1/1/1981"
    },
    {
      "Titles": [
        "A&F UtiliKit"
      ],
      "Sha1s2Md5": "707c7bb680c94bea573c60f5fe52b4e9",
      "Crcs2Md5": "fd99fb61af3b849e5df4e27189cbce1c",
      "Sets": {
        "1": [
          "afutilik"
        ]
      },
      "Size": 4096,
      "Publishers": [
        2
      ],
      "ReleaseDate": "1/1/1982"
    },
    {
      "Titles": [
        "ACE-2.0"
      ],
      "Sha1s2Md5": "5a4e1b5c9d6e41bad9110a69de79d0b7",
      "Crcs2Md5": "c4102fabac38bbe8543c97411775556a",
      "Sets": {
        "1": [
          "ace20"
        ]
      },
      "Size": 4096,
      "Publishers": [
        0
      ]
    },
    {
      "Titles": [
        "ACE-2.2"
      ],
      "Sha1s2Md5": "7953ce2b7778b20b01921ffc619b4cda",
      "Crcs2Md5": "df9b074429f35af7726bc3cf7fc51640",
      "Sets": {
        "1": [
          "ace22"
        ]
      },
      "Size": 4096,
      "Publishers": [
        0
      ]
    },
    {
      "Titles": [
        "ACE-3.0"
      ],
      "Sha1s2Md5": "c286bd8211a0ae208252d9ed600e2967",
      "Crcs2Md5": "77fa8071c977f5d2226678c8a6723332",
      "Sets": {
        "1": [
          "ace30"
        ]
      },
      "Size": 4096,
      "Publishers": [
        0
      ]
    },
    {
      "Titles": [
        "Adventure"
      ],
      "Sha1s2Md5": "a0ce9175cc383d647f96bf9a46378fc1",
      "Crcs2Md5": "26fc786b73298a08e939d44173caf61c",
      "Sets": {
        "1": [
          "adventre"
        ]
      },
      "Size": 4505,
      "Publishers": [
        7
      ],
      "ReleaseDate": "1/1/1981"
    },
    {
      "Titles": [
        "Adventures"
      ],
      "Sha1s2Md5": "a2277c0a4e9ac783cbf04806fc5073ec",
      "Crcs2Md5": "fdb208077a89f9d797c34c62ea046221",
      "Sets": {
        "1": [
          "adventrs"
        ]
      },
      "Size": 13965,
      "Publishers": [
        3
      ],
      "ReleaseDate": "1/1/1981"
    },
    {
      "Titles": [
        "AEK Monitor ROM"
      ],
      "Sha1s2Md5": "2bdafa6b446eeb59b6a2cf8b1924a17e",
      "Crcs2Md5": "45547922c02f76c9a3c1bd0ae2b32fea",
      "Sets": {
        "1": [
          "aekmon"
        ]
      },
      "Size": 4096,
      "Publishers": [
        1
      ],
      "ReleaseDate": "1/1/1982"
    },
    {
      "Titles": [
        "AEK Screen ROM"
      ],
      "Sha1s2Md5": "b93bc8c71a3674a6fdbd500b836512fe",
      "Crcs2Md5": "08d8fb08af7d03a070dd3367ff953dd3",
      "Sets": {
        "1": [
          "aekscrn"
        ]
      },
      "Size": 4096,
      "Publishers": [
        1
      ],
      "ReleaseDate": "1/1/1983"
    },
    {
      "Titles": [
        "Atom Calc"
      ],
      "Sha1s2Md5": "d1f6cad031330a52e09fc9bcfe580c3c",
      "Crcs2Md5": "0612a6160ac127ab2c58b6718137f10e",
      "Sets": {
        "1": [
          "atomcalc"
        ]
      },
      "Size": 4096,
      "Publishers": [
        3
      ],
      "ReleaseDate": "1/1/1982"
    },
    {
      "Titles": [
        "Atom Database"
      ],
      "Sha1s2Md5": "16dec3468378aa3b5ed5a30b59552c83",
      "Crcs2Md5": "da45488178c2fbd0259ef5d75d34aab1",
      "Sets": {
        "1": [
          "atdbase"
        ]
      },
      "Size": 4389,
      "Publishers": [
        3
      ],
      "ReleaseDate": "1/1/1980"
    },
    {
      "Titles": [
        "Atom Demo"
      ],
      "Sha1s2Md5": "a177ee796fec7e88231e96adf99e0304",
      "Crcs2Md5": "0312d07151c1f468ad5af5ee193edd23",
      "Sets": {
        "1": [
          "atomdemo"
        ]
      },
      "Size": 4096,
      "Publishers": [
        3
      ],
      "ReleaseDate": "1/1/1980"
    },
    {
      "Titles": [
        "Atom DOS Utilities"
      ],
      "Sha1s2Md5": "24026532f55bcf85e03603137f9f3186",
      "Crcs2Md5": "3b936cc684747e177d120ae150bcb6e1",
      "Sets": {
        "1": [
          "dosutils"
        ]
      },
      "Size": 102400,
      "Publishers": [
        6
      ],
      "ReleaseDate": "1/1/1982"
    },
    {
      "Titles": [
        "Atom Synthesiser"
      ],
      "Sha1s2Md5": "fd7ccc512a1a0dafdcb550cb5d4a55b8",
      "Crcs2Md5": "c69e39471f6708dab47b35d97a19dd41",
      "Sets": {
        "1": [
          "atsynth"
        ]
      },
      "Size": 4663,
      "Publishers": [
        3
      ],
      "ReleaseDate": "1/1/1981"
    },
    {
      "Titles": [
        "Atom Typist"
      ],
      "Sha1s2Md5": "8b43a8f712808636dd5934097e3deb69",
      "Crcs2Md5": "e764e3b765053d8357c9f6a4834f04b6",
      "Sets": {
        "1": [
          "typist"
        ]
      },
      "Size": 3136,
      "Publishers": [
        13
      ],
      "ReleaseDate": "1/1/1981"
    },
    {
      "Titles": [
        "Atomic Chuckie Egg"
      ],
      "Sha1s2Md5": "cf9c3c1a08f10c82cee821ddca61f834",
      "Crcs2Md5": "359cb346efeac451c9235827ea2e6ccb",
      "Sets": {
        "1": [
          "chuckie"
        ]
      },
      "Size": 18132,
      "Publishers": [
        16
      ],
      "ReleaseDate": "1/1/2012"
    },
    {
      "Titles": [
        "Atomic Chuckie Egg"
      ],
      "Sha1s2Md5": "d8b57c15b963c2ecec18745f6a0e1a8a",
      "Crcs2Md5": "41a23d54c1e8331f6b71b49441e753fd",
      "Sets": {
        "1": [
          "chuckie"
        ]
      },
      "Size": 102400,
      "Publishers": [
        16
      ],
      "ReleaseDate": "1/1/2012"
    },
    {
      "Titles": [
        "Atomic Joe Blade"
      ],
      "Sha1s2Md5": "c37685f1aa6f45fe669744467c40a105",
      "Crcs2Md5": "051076d5754fb834a4cac18566bad649",
      "Sets": {
        "1": [
          "joeblade"
        ]
      },
      "Size": 15022,
      "Publishers": [
        16
      ],
      "ReleaseDate": "1/1/2014"
    },
    {
      "Titles": [
        "Atomic Joe Blade"
      ],
      "Sha1s2Md5": "a9532dd3b3a13443d14c0278c6ea0ccb",
      "Crcs2Md5": "bfe7f4a2e199970dead279c9ee5a7483",
      "Sets": {
        "1": [
          "joeblade"
        ]
      },
      "Size": 102400,
      "Publishers": [
        16
      ],
      "ReleaseDate": "1/1/2014"
    },
    {
      "Titles": [
        "Atomic Windows 1.2 BD"
      ],
      "Sha1s2Md5": "ee6c66551e4a240ae4d17d488ad4a5ca",
      "Crcs2Md5": "72a57b8411f970f790f155d4edff6285",
      "Sets": {
        "1": [
          "atmwin12"
        ]
      },
      "Size": 4096,
      "Publishers": [
        0
      ]
    },
    {
      "Titles": [
        "Atomic Windows v1.0"
      ],
      "Sha1s2Md5": "459a196aa824c54323cee5079b046b9e",
      "Crcs2Md5": "e37ecb0b1557784ffea0ed0e5cb0539f",
      "Sets": {
        "1": [
          "atmwin10"
        ]
      },
      "Size": 4096,
      "Publishers": [
        0
      ]
    },
    {
      "Titles": [
        "Atomic Windows v1.1"
      ],
      "Sha1s2Md5": "fea96f969ff64c89d6a4835b002bfc72",
      "Crcs2Md5": "da4d81aeafedfc64c9cde0ce52e43d83",
      "Sets": {
        "1": [
          "atmwin11"
        ]
      },
      "Size": 4096,
      "Publishers": [
        0
      ]
    },
    {
      "Titles": [
        "AtomStore"
      ],
      "Sha1s2Md5": "0714903100d1147e23dd9ea44d4d3a58",
      "Crcs2Md5": "c80cb9bf98031af4962ec9c8b7a4e9cd",
      "Sets": {
        "1": [
          "atstore"
        ]
      },
      "Size": 3517,
      "Publishers": [
        7
      ],
      "ReleaseDate": "1/1/1981"
    },
    {
      "Titles": [
        "AXR1"
      ],
      "Sha1s2Md5": "d27b9e1f22b2d60244e20aaf2ec477ef",
      "Crcs2Md5": "330125caed67fad72996804a8856c590",
      "Sets": {
        "1": [
          "axr1"
        ]
      },
      "Size": 4096,
      "Publishers": [
        4
      ]
    },
    {
      "Titles": [
        "Backgammon"
      ],
      "Sha1s2Md5": "95f9917379d783746cd959569cb41371",
      "Crcs2Md5": "237d1fbcc689a94fe7d495682629762b",
      "Sets": {
        "1": [
          "backgamm"
        ]
      },
      "Size": 4007,
      "Publishers": [
        13
      ],
      "ReleaseDate": "1/1/1981"
    },
    {
      "Titles": [
        "Breakout"
      ],
      "Sha1s2Md5": "a215019b357bca14aab4a97ea87adeed",
      "Crcs2Md5": "1bd28027344cc9b0d28a4d39709c4c39",
      "Sets": {
        "1": [
          "breakout"
        ]
      },
      "Size": 3460,
      "Publishers": [
        13
      ],
      "ReleaseDate": "1/1/1981"
    },
    {
      "Titles": [
        "Business Game"
      ],
      "Sha1s2Md5": "cf786274f9a1696629393167b1031134",
      "Crcs2Md5": "e7d0209345714dafb655fa041067c6ce",
      "Sets": {
        "1": [
          "busgame"
        ]
      },
      "Size": 3459,
      "Publishers": [
        7
      ],
      "ReleaseDate": "1/1/1982"
    },
    {
      "Titles": [
        "Centipede"
      ],
      "Sha1s2Md5": "eb29e8c11836d5affd919d8e3ab958e8",
      "Crcs2Md5": "49a20b73f5cd25b00ff52ed14461f914",
      "Sets": {
        "1": [
          "centiped"
        ]
      },
      "Size": 4067,
      "Publishers": [
        15
      ]
    },
    {
      "Titles": [
        "COM-Box"
      ],
      "Sha1s2Md5": "430148d9a16029ca5c17a54c90a700a5",
      "Crcs2Md5": "b391a8499a216853d3102257c7f9677d",
      "Sets": {
        "1": [
          "combox"
        ]
      },
      "Size": 4096,
      "Publishers": [
        0
      ]
    },
    {
      "Titles": [
        "Cylon Attack"
      ],
      "Sha1s2Md5": "180df2e57f0ee3a5ff0b864e277cf52b",
      "Crcs2Md5": "bf3f90c66a7f33946972940c25b1f42f",
      "Sets": {
        "1": [
          "cylonatt"
        ]
      },
      "Size": 3866,
      "Publishers": [
        2
      ],
      "ReleaseDate": "1/1/1982"
    },
    {
      "Titles": [
        "Death Satellite"
      ],
      "Sha1s2Md5": "e57bd9b165ac5ab1fee97da5e0eb234f",
      "Crcs2Md5": "c0e543e299397ce3901bb61e0b69a7ef",
      "Sets": {
        "1": [
          "deathsat"
        ]
      },
      "Size": 10114,
      "Publishers": [
        2
      ],
      "ReleaseDate": "1/1/1982"
    },
    {
      "Titles": [
        "Defender"
      ],
      "Sha1s2Md5": "a32b18438a3cb84ff8aecfc88af03e56",
      "Crcs2Md5": "a65e59d093032edf0590a0d1247e29b6",
      "Sets": {
        "1": [
          "defender"
        ]
      },
      "Size": 4424,
      "Publishers": [
        15
      ],
      "ReleaseDate": "1/1/1982"
    },
    {
      "Titles": [
        "Demon Dungeon"
      ],
      "Sha1s2Md5": "2f385a4e2fc90247df3e04105d22395e",
      "Crcs2Md5": "8e098a2a21dcd0346110d25131d9133c",
      "Sets": {
        "1": [
          "demondun"
        ]
      },
      "Size": 5116,
      "Publishers": [
        7
      ],
      "ReleaseDate": "1/1/1980"
    },
    {
      "Titles": [
        "DisAtom Super ROM"
      ],
      "Sha1s2Md5": "db5c5282aa0a57467df9cf5ea9fd9e4e",
      "Crcs2Md5": "74a16b40b60675a473248d919ca1384f",
      "Sets": {
        "1": [
          "disatom"
        ]
      },
      "Size": 4096,
      "Publishers": [
        5
      ],
      "ReleaseDate": "1/1/1982"
    },
    {
      "Titles": [
        "Disk ROM"
      ],
      "Sha1s2Md5": "3f2dfd60ee168e4e961a2122390b1344",
      "Crcs2Md5": "e37eb9dd49a474f66c035aa0f738243b",
      "Sets": {
        "1": [
          "diskrom"
        ]
      },
      "Size": 4096,
      "Publishers": [
        0
      ]
    },
    {
      "Titles": [
        "Early Warning"
      ],
      "Sha1s2Md5": "92657453e8fe618c35eb25642417bbcb",
      "Crcs2Md5": "61f3b7c17ecd239dab369cc307db0ce7",
      "Sets": {
        "1": [
          "earlywar"
        ]
      },
      "Size": 3340,
      "Publishers": [
        2
      ],
      "ReleaseDate": "1/1/1982"
    },
    {
      "Titles": [
        "Econet"
      ],
      "Sha1s2Md5": "2253452cce188fe94e3e881371a65476",
      "Crcs2Md5": "665af4db3f63bbdb15ed7f0a053dc6d0",
      "Sets": {
        "1": [
          "econet"
        ]
      },
      "Size": 4096,
      "Publishers": [
        6
      ]
    },
    {
      "Titles": [
        "Egghead in Space"
      ],
      "Sha1s2Md5": "15afead9931569c16ba98a6bab31e8c7",
      "Crcs2Md5": "7c9947348d43ff92636511f77b7ca3ab",
      "Sets": {
        "1": [
          "egghead"
        ]
      },
      "Size": 102400,
      "Publishers": [
        16
      ],
      "ReleaseDate": "1/1/2016"
    },
    {
      "Titles": [
        "F14 Tomcat"
      ],
      "Sha1s2Md5": "ec34a5af59a45cc628cc3c98bd14c40e",
      "Crcs2Md5": "eacdcdbb6dc8b1a74184c772434302c3",
      "Sets": {
        "1": [
          "f14"
        ]
      },
      "Size": 102400,
      "Publishers": [
        16
      ],
      "ReleaseDate": "1/1/2015"
    },
    {
      "Titles": [
        "GAGS v2.1"
      ],
      "Sha1s2Md5": "2725245d8b51f2731a2e76ea6a8cec59",
      "Crcs2Md5": "2ae20de8a5578f7dbb48bcb7debabc0e",
      "Sets": {
        "1": [
          "gags21"
        ]
      },
      "Size": 4096,
      "Publishers": [
        0
      ],
      "CloneOf": "gags24"
    },
    {
      "Titles": [
        "GAGS v2.2"
      ],
      "Sha1s2Md5": "edb6124043e3e4b8bf2a1d7f348ec495",
      "Crcs2Md5": "d035e69fc0f572ed95328f8cceca9152",
      "Sets": {
        "1": [
          "gags22"
        ]
      },
      "Size": 4096,
      "Publishers": [
        0
      ],
      "CloneOf": "gags24"
    },
    {
      "Titles": [
        "GAGS v2.3"
      ],
      "Sha1s2Md5": "adccb166322c01d77375462ac27c260e",
      "Crcs2Md5": "649d23fad9ab7a6a879e890bb487935a",
      "Sets": {
        "1": [
          "gags23"
        ]
      },
      "Size": 4096,
      "Publishers": [
        0
      ],
      "CloneOf": "gags24"
    },
    {
      "Titles": [
        "GAGS v2.4"
      ],
      "Sha1s2Md5": "15f7e544aa58a1096732c5b9b0b5c8a9",
      "Crcs2Md5": "e98b8d9671106e5109a77b623f6b3970",
      "Sets": {
        "1": [
          "gags24"
        ]
      },
      "Size": 4096,
      "Publishers": [
        0
      ]
    },
    {
      "Titles": [
        "Galaforce"
      ],
      "Sha1s2Md5": "b62ea003826333967eae6dbb7a8fd2e7",
      "Crcs2Md5": "35d45604becfd6a2bf5fb5cc3a57d693",
      "Sets": {
        "1": [
          "gala"
        ]
      },
      "Size": 19846,
      "Publishers": [
        16
      ],
      "ReleaseDate": "1/1/2012"
    },
    {
      "Titles": [
        "Galaforce"
      ],
      "Sha1s2Md5": "17086d549294e4447814e2bf3eadc7ae",
      "Crcs2Md5": "054faaaf7d2429e328051a94c20d41f3",
      "Sets": {
        "1": [
          "gala"
        ]
      },
      "Size": 102400,
      "Publishers": [
        16
      ],
      "ReleaseDate": "1/1/2012"
    },
    {
      "Titles": [
        "Galaxian"
      ],
      "Sha1s2Md5": "09f1b7a3ef81b05533b17ddb3449fd38",
      "Crcs2Md5": "6dc2afa3fc2800697d5aab21fb34c982",
      "Sets": {
        "1": [
          "galaxian"
        ]
      },
      "Size": 4106,
      "Publishers": [
        13
      ],
      "ReleaseDate": "1/1/1981"
    },
    {
      "Titles": [
        "Galaxians"
      ],
      "Sha1s2Md5": "31ba8f27ccd3d4e62532ad32bdef8ebf",
      "Crcs2Md5": "094a0e2c4820e32ae65c059b59a8813f",
      "Sets": {
        "1": [
          "galxians"
        ]
      },
      "Size": 102400,
      "Publishers": [
        17
      ],
      "ReleaseDate": "1/1/1982"
    },
    {
      "Titles": [
        "Games Pack 1"
      ],
      "Sha1s2Md5": "ec87e3f30a5d08e19aeabedd2c604362",
      "Crcs2Md5": "77e7a660db44e3075a307ec751142114",
      "Sets": {
        "1": [
          "gamepk1"
        ]
      },
      "Size": 6080,
      "Publishers": [
        3
      ],
      "ReleaseDate": "1/1/1981"
    },
    {
      "Titles": [
        "Games Pack 10"
      ],
      "Sha1s2Md5": "2112ad8fa3a3ca667eb84220ae0b1459",
      "Crcs2Md5": "9d45326f7203f01f5cdf4cd65c887fb7",
      "Sets": {
        "1": [
          "gamepk10"
        ]
      },
      "Size": 5389,
      "Publishers": [
        3
      ],
      "ReleaseDate": "1/1/1981"
    },
    {
      "Titles": [
        "Games Pack 3"
      ],
      "Sha1s2Md5": "db6a852286b6ab95d47d367413a5d053",
      "Crcs2Md5": "b0f54d6022ff6ff495eaebe585dacf88",
      "Sets": {
        "1": [
          "gamepk3"
        ]
      },
      "Size": 5707,
      "Publishers": [
        3
      ],
      "ReleaseDate": "1/1/1981"
    },
    {
      "Titles": [
        "Games Pack 4"
      ],
      "Sha1s2Md5": "fc28938e702683a715ba01a8ba78b207",
      "Crcs2Md5": "adabda9ea5796f38a62e0b6a66177819",
      "Sets": {
        "1": [
          "gamepk4"
        ]
      },
      "Size": 8390,
      "Publishers": [
        3
      ],
      "ReleaseDate": "1/1/1981"
    },
    {
      "Titles": [
        "Games Pack 8"
      ],
      "Sha1s2Md5": "e65989fba3fe0f55f429503abaca078f",
      "Crcs2Md5": "b113ac45f07451d4cd592579e386eefc",
      "Sets": {
        "1": [
          "gamepk8"
        ]
      },
      "Size": 8659,
      "Publishers": [
        3
      ],
      "ReleaseDate": "1/1/1981"
    },
    {
      "Titles": [
        "Games Pack 9"
      ],
      "Sha1s2Md5": "8d4a7270f2bb9094f274239e8df66d3b",
      "Crcs2Md5": "45def985c9c8dca1d2d846515d18b151",
      "Sets": {
        "1": [
          "gamepk9"
        ]
      },
      "Size": 9710,
      "Publishers": [
        3
      ],
      "ReleaseDate": "1/1/1981"
    },
    {
      "Titles": [
        "Hard Hat Harry"
      ],
      "Sha1s2Md5": "5a49b90bbe0c1ab1a07e276f3ae7ceca",
      "Crcs2Md5": "8bf22c32ad2dee63e15d2dba6800c1c9",
      "Sets": {
        "1": [
          "hardhath"
        ]
      },
      "Size": 8911,
      "Publishers": [
        16
      ],
      "ReleaseDate": "1/1/2011"
    },
    {
      "Titles": [
        "Hard Hat Harry"
      ],
      "Sha1s2Md5": "2bf69a1675f03448f5a2a984df9bab19",
      "Crcs2Md5": "5bde5ad1a3b717b6349ce54252441e67",
      "Sets": {
        "1": [
          "hardhath"
        ]
      },
      "Size": 102400,
      "Publishers": [
        16
      ],
      "ReleaseDate": "1/1/2011"
    },
    {
      "Titles": [
        "Hyper Viper"
      ],
      "Sha1s2Md5": "d38b37a1c4450b7f464a8bfb4cfc4e18",
      "Crcs2Md5": "cf53197f43c83e7ee22ce02aa1de47da",
      "Sets": {
        "1": [
          "hypervpr"
        ]
      },
      "Size": 8108,
      "Publishers": [
        16
      ],
      "ReleaseDate": "1/1/2011"
    },
    {
      "Titles": [
        "Hyper Viper"
      ],
      "Sha1s2Md5": "f19c8e8240d01fca09a85ff68e318144",
      "Crcs2Md5": "384f48ea161553709f760063a49a2153",
      "Sets": {
        "1": [
          "hypervpr"
        ]
      },
      "Size": 102400,
      "Publishers": [
        16
      ],
      "ReleaseDate": "1/1/2011"
    },
    {
      "Titles": [
        "Hyperfire"
      ],
      "Sha1s2Md5": "5d352c1f7c9ac42f5ffd1e2fbea3c609",
      "Crcs2Md5": "664b5bc6b1a1b20da92448668bd0a962",
      "Sets": {
        "1": [
          "hyperfir"
        ]
      },
      "Size": 4245,
      "Publishers": [
        7
      ],
      "ReleaseDate": "1/1/1982"
    },
    {
      "Titles": [
        "Jet Set Miner"
      ],
      "Sha1s2Md5": "19b2b2d10e3243457fbbbef3d4d8c052",
      "Crcs2Md5": "21bb8fd86ec15dafa51df2514c51f8bd",
      "Sets": {
        "1": [
          "jetsetmn"
        ]
      },
      "Size": 7981,
      "Publishers": [
        16
      ],
      "ReleaseDate": "1/1/2009"
    },
    {
      "Titles": [
        "Jet Set Miner"
      ],
      "Sha1s2Md5": "d9aa2f8d0637819bde8916dc328c2b53",
      "Crcs2Md5": "8e77abd03cfaf092efadd7b8ab5ef5ec",
      "Sets": {
        "1": [
          "jetsetmn"
        ]
      },
      "Size": 102400,
      "Publishers": [
        16
      ],
      "ReleaseDate": "1/1/2009"
    },
    {
      "Titles": [
        "Jet Set Willy"
      ],
      "Sha1s2Md5": "873c2a2be6225bf6b04efd6373e8f125",
      "Crcs2Md5": "97d389f3b793253d12ed98564a4d1f05",
      "Sets": {
        "1": [
          "jsw"
        ]
      },
      "Size": 102400,
      "Publishers": [
        16
      ],
      "ReleaseDate": "1/1/2015"
    },
    {
      "Titles": [
        "Jet Set Willy 2"
      ],
      "Sha1s2Md5": "00b770d2f5a7c0ca7f8b82add195098d",
      "Crcs2Md5": "449c7d9bffee081bc7276be148578b3a",
      "Sets": {
        "1": [
          "jsw2"
        ]
      },
      "Size": 102400,
      "Publishers": [
        16
      ],
      "ReleaseDate": "1/1/2015"
    },
    {
      "Titles": [
        "JosBox"
      ],
      "Sha1s2Md5": "bc97937bebe2d81ce688fa9fa0212756",
      "Crcs2Md5": "75bf5f282189c01c936d7494eb4ca4fe",
      "Sets": {
        "1": [
          "josbox"
        ]
      },
      "Size": 4096,
      "Publishers": [
        0
      ]
    },
    {
      "Titles": [
        "Jungle Journey"
      ],
      "Sha1s2Md5": "fd50b5fb5acfd138b82e5f80c684e25b",
      "Crcs2Md5": "e8097ce0672adb9765b293b7a7350b30",
      "Sets": {
        "1": [
          "jungle"
        ]
      },
      "Size": 13807,
      "Publishers": [
        16
      ],
      "ReleaseDate": "1/1/2012"
    },
    {
      "Titles": [
        "Jungle Journey"
      ],
      "Sha1s2Md5": "dd4527ed23781f8859ae87d03d6b9aec",
      "Crcs2Md5": "8d5009683d4631a090d4b61b4fd9a511",
      "Sets": {
        "1": [
          "jungle"
        ]
      },
      "Size": 102400,
      "Publishers": [
        16
      ],
      "ReleaseDate": "1/1/2012"
    },
    {
      "Titles": [
        "Labyrinth"
      ],
      "Sha1s2Md5": "34ad2e9f7d7a0b0bc4b02a489d7a3063",
      "Crcs2Md5": "f8b89c5792ca379af334dd3bbb5505cd",
      "Sets": {
        "1": [
          "labyrint"
        ]
      },
      "Size": 5009,
      "Publishers": [
        13
      ],
      "ReleaseDate": "1/1/1981"
    },
    {
      "Titles": [
        "Manic Miner"
      ],
      "Sha1s2Md5": "6802ff28f97f9894819818ce53d572fb",
      "Crcs2Md5": "7a5281c8b541a0886432c0126f4027ea",
      "Sets": {
        "1": [
          "manicmin"
        ]
      },
      "Size": 102400,
      "Publishers": [
        16
      ],
      "ReleaseDate": "1/1/2017"
    },
    {
      "Titles": [
        "Minefield"
      ],
      "Sha1s2Md5": "af72ac4768d636379f4e379bf505881b",
      "Crcs2Md5": "ef42b7fbb56efb235e8b95ad085d9458",
      "Sets": {
        "1": [
          "minefld"
        ]
      },
      "Size": 3859,
      "Publishers": [
        2
      ],
      "ReleaseDate": "1/1/1982"
    },
    {
      "Titles": [
        "Mouse-Dos Box v1.01"
      ],
      "Sha1s2Md5": "f9af2545875b8a836827493806492b91",
      "Crcs2Md5": "9767d0a578b9cb797f20bdba84b006a6",
      "Sets": {
        "1": [
          "mousebox"
        ]
      },
      "Size": 4096,
      "Publishers": [
        0
      ]
    },
    {
      "Titles": [
        "Omega Mission"
      ],
      "Sha1s2Md5": "2a4548e338656f210bf8b903a96a8190",
      "Crcs2Md5": "37f3fb986737ab988a9dcffa8a43be1b",
      "Sets": {
        "1": [
          "omegamis"
        ]
      },
      "Size": 5081,
      "Publishers": [
        15
      ],
      "ReleaseDate": "1/1/1982"
    },
    {
      "Titles": [
        "P-Charme"
      ],
      "Sha1s2Md5": "c1373b2ca6f7e4a6cc334ae393082a4e",
      "Crcs2Md5": "d3578dd13e12d0c2a9829127563e8d69",
      "Sets": {
        "1": [
          "pcharme"
        ]
      },
      "Size": 4096,
      "Publishers": [
        0
      ],
      "ReleaseDate": "1/1/1984"
    },
    {
      "Titles": [
        "P-Charme"
      ],
      "Sha1s2Md5": "409147cee4af99aee89bece4480ba7cc",
      "Crcs2Md5": "ba0f7b872406ded4128e58f7f179b7ae",
      "Sets": {
        "1": [
          "pcharmea"
        ]
      },
      "Size": 4096,
      "Publishers": [
        0
      ],
      "Tags": [
        0
      ],
      "CloneOf": "pcharme",
      "ReleaseDate": "1/1/1984"
    },
    {
      "Titles": [
        "Peeko-Computer"
      ],
      "Sha1s2Md5": "0b0b087e0ce54ad0ea2d315fcda718fa",
      "Crcs2Md5": "040cf70759a9f25a71682e6cf0979703",
      "Sets": {
        "1": [
          "peekocom"
        ]
      },
      "Size": 4483,
      "Publishers": [
        3
      ],
      "ReleaseDate": "1/1/1981"
    },
    {
      "Titles": [
        "Pinball"
      ],
      "Sha1s2Md5": "ffdcf3b750cca4fec82b6e98ccff9507",
      "Crcs2Md5": "1ca2fa4032ba5bc76c7edcf8564d4544",
      "Sets": {
        "1": [
          "pinball"
        ]
      },
      "Size": 4501,
      "Publishers": [
        13
      ],
      "ReleaseDate": "1/1/1980"
    },
    {
      "Titles": [
        "Programmer's Toolbox"
      ],
      "Sha1s2Md5": "4f78d49fc6cd089b04cf81ca899c7b72",
      "Crcs2Md5": "31d6d8b8f83ede2b20c88bfeb0b784e5",
      "Sets": {
        "1": [
          "toolbox"
        ]
      },
      "Size": 4096,
      "Publishers": [
        7
      ],
      "ReleaseDate": "1/1/1981"
    },
    {
      "Titles": [
        "Programmer's Toolkit"
      ],
      "Sha1s2Md5": "08af85f1a9fc5ae85db7f850c19ea49f",
      "Crcs2Md5": "1dff8b5eb9745d3f9802b6e3099b466b",
      "Sets": {
        "1": [
          "toolkit"
        ]
      },
      "Size": 4096,
      "Publishers": [
        7
      ],
      "CloneOf": "toolbox",
      "ReleaseDate": "1/1/1981"
    },
    {
      "Titles": [
        "Psion Debug"
      ],
      "Sha1s2Md5": "0f21996a1e3d09486075ee7e98f6d593",
      "Crcs2Md5": "1a34084b39fa85079c35f8720debd6e7",
      "Sets": {
        "1": [
          "psdebug"
        ]
      },
      "Size": 4096,
      "Publishers": [
        8
      ]
    },
    {
      "Titles": [
        "Psion Edit"
      ],
      "Sha1s2Md5": "8e9471471a508e6e11afae268e46652b",
      "Crcs2Md5": "0756189bfe69f9cb3b1106ae6e22709e",
      "Sets": {
        "1": [
          "psedit"
        ]
      },
      "Size": 4096,
      "Publishers": [
        8
      ]
    },
    {
      "Titles": [
        "Repton"
      ],
      "Sha1s2Md5": "f341a3dfc254c319bb1c434264210c2e",
      "Crcs2Md5": "6b6a3ae4ef96904706d86cb1e99c860b",
      "Sets": {
        "1": [
          "repton"
        ]
      },
      "Size": 14895,
      "Publishers": [
        16
      ],
      "ReleaseDate": "1/1/2013"
    },
    {
      "Titles": [
        "Repton"
      ],
      "Sha1s2Md5": "b5f9d82d5645b5d2af991b515e78c2fe",
      "Crcs2Md5": "dfc4005eecd1a4b9f9fe727738a35597",
      "Sets": {
        "1": [
          "repton"
        ]
      },
      "Size": 102400,
      "Publishers": [
        16
      ],
      "ReleaseDate": "1/1/2013"
    },
    {
      "Titles": [
        "Ross Utility"
      ],
      "Sha1s2Md5": "a6e4e55a109d42200221ff4abdc2f40d",
      "Crcs2Md5": "3732369c27100c7858ce049475e61325",
      "Sets": {
        "1": [
          "rossutil"
        ]
      },
      "Size": 4096,
      "Publishers": [
        9
      ]
    },
    {
      "Titles": [
        "RX Box"
      ],
      "Sha1s2Md5": "273abbf4e598ff1fc114527caf9c0be8",
      "Crcs2Md5": "25191d006df72111052f784b5b87b746",
      "Sets": {
        "1": [
          "rxbox"
        ]
      },
      "Size": 4096,
      "Publishers": [
        10
      ]
    },
    {
      "Titles": [
        "Salfaa 2.6"
      ],
      "Sha1s2Md5": "c881424d66396b1734095edde81b8626",
      "Crcs2Md5": "bce7af0667c7db5dce59245882b78ad2",
      "Sets": {
        "1": [
          "salfaa"
        ]
      },
      "Size": 4096,
      "Publishers": [
        0
      ]
    },
    {
      "Titles": [
        "Salfaa C2.0"
      ],
      "Sha1s2Md5": "96cc25d2b5ce66f6efcc887dd02816f6",
      "Crcs2Md5": "cfd272c64d9312ba091344c0b7dbe990",
      "Sets": {
        "1": [
          "salfaac20"
        ]
      },
      "Size": 4096,
      "Publishers": [
        0
      ],
      "CloneOf": "salfaa"
    },
    {
      "Titles": [
        "SDDOS v3.2"
      ],
      "Sha1s2Md5": "b6df020ec19abf87c60f4de1413c47d4",
      "Crcs2Md5": "db51093e24ae5a1e1689a16e0f5874a4",
      "Sets": {
        "1": [
          "sdrom3"
        ]
      },
      "Size": 4096,
      "Publishers": [
        0
      ],
      "ReleaseDate": "1/1/2011"
    },
    {
      "Titles": [
        "Space Fighter"
      ],
      "Sha1s2Md5": "b83d0bb14fd215e2e8aa7902bc68dbfb",
      "Crcs2Md5": "bd5f274c3a5eeb49c2e4a852d753251c",
      "Sets": {
        "1": [
          "spfightr"
        ]
      },
      "Size": 4341,
      "Publishers": [
        7
      ],
      "ReleaseDate": "1/1/1981"
    },
    {
      "Titles": [
        "SuperBasic"
      ],
      "Sha1s2Md5": "bfcb06874695d66c5debd639a44c4a63",
      "Crcs2Md5": "4f9a71ae12e5451411345385b652e412",
      "Sets": {
        "1": [
          "superbas"
        ]
      },
      "Size": 4096,
      "Publishers": [
        7
      ],
      "ReleaseDate": "1/1/1983"
    },
    {
      "Titles": [
        "Swarm"
      ],
      "Sha1s2Md5": "5d79042cc1af1d6e0b76e2a8fe90ab79",
      "Crcs2Md5": "52c8f3468c77b60dc542e06ac81cb3f2",
      "Sets": {
        "1": [
          "swarm"
        ]
      },
      "Size": 3800,
      "Publishers": [
        7
      ],
      "ReleaseDate": "1/1/1981"
    },
    {
      "Titles": [
        "Tangled"
      ],
      "Sha1s2Md5": "5810ed6782d1d10e21aefd6825e59259",
      "Crcs2Md5": "0227eaba5ddb2849be8d755a98bc9070",
      "Sets": {
        "1": [
          "tangled"
        ]
      },
      "Size": 2378,
      "Publishers": [
        2
      ],
      "ReleaseDate": "1/1/1982"
    },
    {
      "Titles": [
        "The Africa Diamond"
      ],
      "Sha1s2Md5": "75b140e7f3042ed1f16a34be5a47c002",
      "Crcs2Md5": "fd1f6866090480da1cc32c7ca7657729",
      "Sets": {
        "1": [
          "africadi"
        ]
      },
      "Size": 7512,
      "Publishers": [
        14
      ],
      "ReleaseDate": "1/1/1982"
    },
    {
      "Titles": [
        "The Protector"
      ],
      "Sha1s2Md5": "a52ea68136c4258b407a4f050d0b33ff",
      "Crcs2Md5": "1aca3dec2653b5c95ec124e794f7d404",
      "Sets": {
        "1": [
          "protectr"
        ]
      },
      "Size": 3726,
      "Publishers": [
        15
      ],
      "ReleaseDate": "1/1/1982"
    },
    {
      "Titles": [
        "UFO Bomber"
      ],
      "Sha1s2Md5": "0bbf685d03782bb8815cd95cb1f906b9",
      "Crcs2Md5": "77fa850d60c0f4c04fd8ddc67a14c817",
      "Sets": {
        "1": [
          "ufobombr"
        ]
      },
      "Size": 3309,
      "Publishers": [
        13
      ],
      "ReleaseDate": "1/1/1981"
    },
    {
      "Titles": [
        "WE-ROM"
      ],
      "Sha1s2Md5": "f10cb8f2cfd7cdb96d999bda615231b2",
      "Crcs2Md5": "634b728e4ad31bff0ff4f585dc093837",
      "Sets": {
        "1": [
          "werom"
        ]
      },
      "Size": 4096,
      "Publishers": [
        11
      ],
      "ReleaseDate": "1/1/1983"
    },
    {
      "Titles": [
        "Willow Utility"
      ],
      "Sha1s2Md5": "b5d858aa00716afce606b75f15e4f395",
      "Crcs2Md5": "ad131a14c7f115ccfd04e5495d71b200",
      "Sets": {
        "1": [
          "willow"
        ]
      },
      "Size": 4096,
      "Publishers": [
        12
      ],
      "ReleaseDate": "1/1/1981"
    },
    {
      "Titles": [
        "Word Pack"
      ],
      "Sha1s2Md5": "6e6f8ef9c157058a0c506566e9f7eb12",
      "Crcs2Md5": "819b1dc46509ab9d3198ca68dd3e5181",
      "Sets": {
        "1": [
          "wordpack"
        ]
      },
      "Size": 4096,
      "Publishers": [
        3
      ]
    },
    {
      "Titles": [
        "Word Pack - ED64"
      ],
      "Sha1s2Md5": "26ae74d893725589ec5b1f85037b2532",
      "Crcs2Md5": "9ca7b097ac4a88eb98f60939c1de7777",
      "Sets": {
        "1": [
          "wordpack64"
        ]
      },
      "Size": 4096,
      "Publishers": [
        3
      ],
      "CloneOf": "wordpack"
    },
    {
      "Titles": [
        "Word Pack - ED80"
      ],
      "Sha1s2Md5": "f79ac0a58be7f5b766289d8a8b3f13a6",
      "Crcs2Md5": "1d6c614b9544a53052706230f99a3f9f",
      "Sets": {
        "1": [
          "wordpack80"
        ]
      },
      "Size": 4096,
      "Publishers": [
        3
      ],
      "CloneOf": "wordpack"
    },
    {
      "Titles": [
        "Zodiac"
      ],
      "Sha1s2Md5": "d0212e655addde2133b6f1f9f2917068",
      "Crcs2Md5": "c8ca759460ecd7161b7a7d47d4992fd1",
      "Sets": {
        "1": [
          "zodiac"
        ]
      },
      "Size": 7969,
      "Publishers": [
        2
      ],
      "ReleaseDate": "1/1/1981"
    }
  ],
  "Overviews": {},
  "Genres": {},
  "Companies": {
    "0": "homebrew",
    "1": "Alan Knowles",
    "2": "A&F Software",
    "3": "Acornsoft",
    "4": "ECD Computer Workshop",
    "5": "Procyon",
    "6": "Acorn",
    "7": "Program Power",
    "8": "Psion",
    "9": "Ross Software",
    "10": "BiboSoft",
    "11": "Watford Electronics",
    "12": "Willow Software",
    "13": "Bug Byte",
    "14": "Ramtronics",
    "15": "Micromania",
    "16": "Retro Software",
    "17": "Aardvark"
  },
  "Tags": {
    "0": "Alt"
  }
}