{
  "PlatformName": "GameWave",
  "LastUpdate": "6/25/2022 4:50:20 AM",
  "Games": [
    {
      "Titles": [
        "4 Degrees - The Arc of Trivia - Bible Edition"
      ],
      "Sha1s2Md5": "a9c7b55673e1574c30260ec00ee40ccf",
      "Crcs2Md5": "18f13e6a95e7bcab6b49c022c7b426bd",
      "Sets": {
        "3": [
          "4 Degrees - The Arc of Trivia - Bible Edition (USA)"
        ]
      },
      "Size": 4430123008,
      "Regions": [
        "US"
      ],
      "Languages": [
        "en"
      ]
    },
    {
      "Titles": [
        "4 Degrees - The Arc of Trivia - Volume 1"
      ],
      "Sha1s2Md5": "37fd5ba4058f403a149e84d7523eda28",
      "Crcs2Md5": "d679f13062fc84167be6b8edabf14afb",
      "Sets": {
        "3": [
          "4 Degrees - The Arc of Trivia - Volume 1 (USA)"
        ]
      },
      "Size": 4499558400,
      "Regions": [
        "US"
      ],
      "Languages": [
        "en"
      ]
    },
    {
      "Titles": [
        "4 Degrees - The Arc of Trivia - Volume 2"
      ],
      "Sha1s2Md5": "faa0047eab5218fdcaac2cb4b41a518f",
      "Crcs2Md5": "e1487ac2c87cb35ce99ff6cf30d18f53",
      "Sets": {
        "3": [
          "4 Degrees - The Arc of Trivia - Volume 2 (USA)"
        ]
      },
      "Size": 4405088256,
      "Regions": [
        "US"
      ],
      "Languages": [
        "en"
      ]
    },
    {
      "Titles": [
        "Click!"
      ],
      "Sha1s2Md5": "97dc9085cf66699350f8682000675346",
      "Crcs2Md5": "5e5216ae5d9fd1c0d2327c73d2de8208",
      "Sets": {
        "3": [
          "Click! (USA)"
        ]
      },
      "Size": 4327985152,
      "Regions": [
        "US"
      ],
      "Languages": [
        "en"
      ]
    },
    {
      "Titles": [
        "Gemz"
      ],
      "Sha1s2Md5": "dcd0f60664e1e26df3fe2196670ac3fc",
      "Crcs2Md5": "02448be669f56de04ece4e2cb8a02b32",
      "Sets": {
        "3": [
          "Gemz (USA)"
        ]
      },
      "Size": 2912833536,
      "Regions": [
        "US"
      ],
      "Languages": [
        "en"
      ]
    },
    {
      "Titles": [
        "Letter Zap!"
      ],
      "Sha1s2Md5": "f059f43d42e88b7bfa514aa5acd7a03c",
      "Crcs2Md5": "07bb94f48fad7b0735178efa531ec1b9",
      "Sets": {
        "3": [
          "Letter Zap! (USA)"
        ]
      },
      "Size": 3395833856,
      "Regions": [
        "US"
      ],
      "Languages": [
        "en"
      ]
    },
    {
      "Titles": [
        "Lock 5"
      ],
      "Sha1s2Md5": "f53846b1017d9e49d6f4fd73e0bd40fa",
      "Crcs2Md5": "6ba0c5cc601623809ac536e6d1c6f182",
      "Sets": {
        "3": [
          "Lock 5 (USA)"
        ]
      },
      "Size": 560189440,
      "Regions": [
        "US"
      ],
      "Languages": [
        "en"
      ]
    },
    {
      "Titles": [
        "Rewind"
      ],
      "Sha1s2Md5": "e1830fce62601a59c47d832a64c5ae90",
      "Crcs2Md5": "7c34291156299f16dc940e2dfd1f84e8",
      "Sets": {
        "3": [
          "Rewind (USA) (Rev 1)"
        ]
      },
      "Version": "Rev 1",
      "Size": 4385525760,
      "CloneOf": "Rewind (USA)",
      "Regions": [
        "US"
      ],
      "Languages": [
        "en"
      ]
    },
    {
      "Titles": [
        "Rewind"
      ],
      "Sha1s2Md5": "89286f4e38a8dca389dcd1e8c3610ac5",
      "Crcs2Md5": "c8d456b8887a11f6dc1c83ada9236710",
      "Sets": {
        "3": [
          "Rewind (USA)"
        ]
      },
      "Size": 4635021312,
      "Regions": [
        "US"
      ],
      "Languages": [
        "en"
      ]
    },
    {
      "Titles": [
        "Rewind 2005"
      ],
      "Sha1s2Md5": "947172720968d3d84f53ee53fe9bae86",
      "Crcs2Md5": "1aed3a0216ccea601f218822b4dbfe72",
      "Sets": {
        "3": [
          "Rewind 2005 (USA) (Disc A)"
        ]
      },
      "PartName": "Disc",
      "Size": 3469070336,
      "PartNum": 0,
      "Regions": [
        "US"
      ],
      "Languages": [
        "en"
      ]
    },
    {
      "Titles": [
        "Rewind 2005"
      ],
      "Sha1s2Md5": "a0c350e7db3659da60aefcd45d5596b3",
      "Crcs2Md5": "abdb5e518c0618b9509d886e498efe9f",
      "Sets": {
        "3": [
          "Rewind 2005 (USA) (Disc B)"
        ]
      },
      "PartName": "Disc",
      "Size": 3505344512,
      "PartNum": 1,
      "Regions": [
        "US"
      ],
      "Languages": [
        "en"
      ]
    },
    {
      "Titles": [
        "Rewind 2006"
      ],
      "Sha1s2Md5": "b242dc4d1a94d1c5d4aa54f030f5380b",
      "Crcs2Md5": "2cfd44c3a0e808392893327aee4f03b3",
      "Sets": {
        "3": [
          "Rewind 2006 (USA) (Disc A)"
        ]
      },
      "PartName": "Disc",
      "Size": 3808251904,
      "PartNum": 0,
      "Regions": [
        "US"
      ],
      "Languages": [
        "en"
      ]
    },
    {
      "Titles": [
        "Rewind 2006"
      ],
      "Sha1s2Md5": "5d81c31debd339218dfb2f4f3979d7d1",
      "Crcs2Md5": "8e8b64bc098e1ca77eeec9cd4d409537",
      "Sets": {
        "3": [
          "Rewind 2006 (USA) (Disc B)"
        ]
      },
      "PartName": "Disc",
      "Size": 3781316608,
      "PartNum": 1,
      "Regions": [
        "US"
      ],
      "Languages": [
        "en"
      ]
    },
    {
      "Titles": [
        "Sudoku"
      ],
      "Sha1s2Md5": "a64c8406ed67b5ec3e6523f7b4933dc5",
      "Crcs2Md5": "c3661ddc43917f67944ad7576935526d",
      "Sets": {
        "3": [
          "Sudoku (USA)"
        ]
      },
      "Size": 3522482176,
      "Regions": [
        "US"
      ],
      "Languages": [
        "en"
      ]
    },
    {
      "Titles": [
        "VeggieTales - Veg-Out! Family Tournament"
      ],
      "Sha1s2Md5": "05df358bc0904802e51c92da9912fa1c",
      "Crcs2Md5": "38c7c46f8a80556b54f2f3df1d1f30f4",
      "Sets": {
        "3": [
          "VeggieTales - Veg-Out! Family Tournament (USA)"
        ]
      },
      "Size": 4461875200,
      "Regions": [
        "US"
      ],
      "Languages": [
        "en"
      ]
    },
    {
      "Titles": [
        "Zap 21"
      ],
      "Sha1s2Md5": "4d0f4419b9088dd83896409982d5d6d0",
      "Crcs2Md5": "db0ab38069d289a55ce877d79b570255",
      "Sets": {
        "3": [
          "Zap 21 (USA)"
        ]
      },
      "Size": 361287680,
      "Regions": [
        "US"
      ],
      "Languages": [
        "en"
      ]
    }
  ],
  "Overviews": {},
  "Genres": {},
  "Companies": {},
  "Tags": {}
}