{
  "PlatformName": "Tutor",
  "LastUpdate": "6/25/2022 4:53:25 AM",
  "Games": [
    {
      "Titles": [
        "4-nin Mahjan"
      ],
      "Sha1s2Md5": "459ecd7d92d8ceaf59b4f9bb11e93eaf",
      "Crcs2Md5": "56ac4926cd9601d778f72899c479565d",
      "Sets": {
        "1": [
          "4ninmj"
        ]
      },
      "Size": 16384,
      "Publishers": [
        0
      ],
      "ReleaseDate": "1/1/1984",
      "Regions": [
        "JP"
      ]
    },
    {
      "Titles": [
        "4-nin Mahjan"
      ],
      "Sha1s2Md5": "51ccb9f8beaa459fadae9aa497a31b8f",
      "Crcs2Md5": "e795b9b89044b967170469a116b1b9f2",
      "Sets": {
        "1": [
          "4ninmja"
        ]
      },
      "Size": 16384,
      "Publishers": [
        0
      ],
      "CloneOf": "4ninmj",
      "ReleaseDate": "1/1/1984",
      "Regions": [
        "JP"
      ]
    },
    {
      "Titles": [
        "Baseball"
      ],
      "Sha1s2Md5": "8887729ff9974e98bf51bfb0adf7705e",
      "Crcs2Md5": "beeecd63dd7266c6269dff20be8d51e3",
      "Sets": {
        "1": [
          "baseball"
        ],
        "6": [
          "40768"
        ]
      },
      "Overview": {
        "en": [
          22
        ]
      },
      "Size": 32768,
      "Publishers": [
        0
      ],
      "ReleaseDate": "1/1/1984",
      "Genres": [
        1
      ],
      "Regions": [
        "JP"
      ]
    },
    {
      "Titles": [
        "Battle Fighter"
      ],
      "Sha1s2Md5": "20b17ad8c4463b4de043d7b17ea6f3b5",
      "Crcs2Md5": "804aebfd7c00e3882b0c4321c4edaf0c",
      "Sets": {
        "1": [
          "batlfght"
        ],
        "6": [
          "40769"
        ]
      },
      "Overview": {
        "en": [
          23
        ]
      },
      "Size": 32768,
      "Publishers": [
        0
      ],
      "ReleaseDate": "1/1/1985",
      "Genres": [
        0
      ],
      "Regions": [
        "JP"
      ]
    },
    {
      "Titles": [
        "Bombman"
      ],
      "Sha1s2Md5": "0b4c5d2db8bc5ad5ecabf07d3ec37138",
      "Crcs2Md5": "0524046b70a08f7c75ce22cbec51c670",
      "Sets": {
        "1": [
          "bombman"
        ],
        "6": [
          "40744"
        ]
      },
      "Overview": {
        "en": [
          0
        ]
      },
      "Size": 8192,
      "Publishers": [
        0
      ],
      "ReleaseDate": "1/1/1982",
      "Genres": [
        0
      ],
      "Regions": [
        "JP"
      ]
    },
    {
      "Titles": [
        "Car-azy Racer"
      ],
      "Sha1s2Md5": "3068dfde65115748c4d4e55994399cb7",
      "Crcs2Md5": "8d8d5c6e8f0a118dda02632df1df589d",
      "Sets": {
        "4": [
          "Car-azy Racer (1991)(TM)"
        ],
        "6": [
          "42978"
        ]
      },
      "Overview": {
        "en": [
          24
        ]
      },
      "Size": 16384,
      "Publishers": [
        2,
        0
      ],
      "Tags": [
        0
      ],
      "ReleaseDate": "1/1/1991",
      "ESRB": "E",
      "Genres": [
        2
      ],
      "Regions": [
        "TM"
      ]
    },
    {
      "Titles": [
        "Car-azy-racer"
      ],
      "Serials": [
        "8302"
      ],
      "Sha1s2Md5": "0086cf8edd9e4c36ece77c59f3d74074",
      "Crcs2Md5": "36218ec3ab04de03ff78a94d43df8404",
      "Sets": {
        "1": [
          "crzracer"
        ]
      },
      "Size": 16384,
      "Publishers": [
        0
      ],
      "ReleaseDate": "1/1/1983",
      "Regions": [
        "US"
      ],
      "Languages": [
        "en"
      ]
    },
    {
      "Titles": [
        "Cave Crawlers",
        "Maze Patrol"
      ],
      "Sha1s2Md5": "19c416ee1aeeedf65fd68b943e3ad4a4",
      "Crcs2Md5": "8675dc1d8675269959ef2c2737ae060a",
      "Sets": {
        "1": [
          "crawlers"
        ],
        "6": [
          "40760"
        ]
      },
      "Overview": {
        "en": [
          15
        ]
      },
      "Size": 8192,
      "Publishers": [
        0
      ],
      "ReleaseDate": "1/1/1983",
      "Genres": [
        0
      ],
      "Regions": [
        "US"
      ],
      "Languages": [
        "en"
      ]
    },
    {
      "Titles": [
        "Cave Crawlers"
      ],
      "Sha1s2Md5": "c94512148a8714825151cd6794e41871",
      "Crcs2Md5": "7030a62cc967948958927c11de785d77",
      "Sets": {
        "4": [
          "Cave Crawlers (1991)(TM)"
        ]
      },
      "Size": 8192,
      "Publishers": [
        2
      ],
      "ReleaseDate": "1/1/1991",
      "Regions": [
        "TM"
      ]
    },
    {
      "Titles": [
        "Deep Six"
      ],
      "Serials": [
        "8106"
      ],
      "Sha1s2Md5": "7a9c5f4c1cab6d9b2734451622fb306d",
      "Crcs2Md5": "7e5feb4fb5997344030b98a30f63d7f9",
      "Sets": {
        "1": [
          "deepsix"
        ]
      },
      "Size": 8192,
      "Publishers": [
        0
      ],
      "CloneOf": "marinadv",
      "ReleaseDate": "1/1/1983",
      "Regions": [
        "US"
      ],
      "Languages": [
        "en"
      ]
    },
    {
      "Titles": [
        "Deep Six"
      ],
      "Sha1s2Md5": "f40495723a99671bed3c183592930949",
      "Crcs2Md5": "7e96154b5099b20000a37150f97eb678",
      "Sets": {
        "4": [
          "Deep Six (1991)(TM)"
        ]
      },
      "Size": 8192,
      "Publishers": [
        2
      ],
      "ReleaseDate": "1/1/1991",
      "Regions": [
        "TM"
      ]
    },
    {
      "Titles": [
        "DonPan"
      ],
      "Sha1s2Md5": "2c153590f9dc10fcc6bee5169d4ab25c",
      "Crcs2Md5": "dac045de501a1fb0863ea00b0fd9adeb",
      "Sets": {
        "1": [
          "donpan"
        ],
        "6": [
          "40755"
        ]
      },
      "Overview": {
        "en": [
          11
        ]
      },
      "Size": 8192,
      "Publishers": [
        0
      ],
      "ReleaseDate": "1/1/1982",
      "Genres": [
        0
      ],
      "Regions": [
        "JP"
      ]
    },
    {
      "Titles": [
        "Frogger"
      ],
      "Sha1s2Md5": "63942dbae03018949b53bd3fb52c13c3",
      "Crcs2Md5": "e3f9f7066d468560e5a6ed7ef3972460",
      "Sets": {
        "1": [
          "frogger"
        ],
        "6": [
          "40748"
        ]
      },
      "Overview": {
        "en": [
          4
        ]
      },
      "Size": 8192,
      "Publishers": [
        0
      ],
      "Developers": [
        3
      ],
      "ReleaseDate": "1/1/1983",
      "Genres": [
        0
      ],
      "Regions": [
        "JP"
      ]
    },
    {
      "Titles": [
        "Hyperspace"
      ],
      "Serials": [
        "8102"
      ],
      "Sha1s2Md5": "6b7cbf248b7cb5d955a8872c3edef988",
      "Crcs2Md5": "051c24bf8dca71ab3ae4a7662f34c9d4",
      "Sets": {
        "1": [
          "hyperspc"
        ]
      },
      "Size": 8192,
      "Publishers": [
        0
      ],
      "ReleaseDate": "1/1/1983",
      "Regions": [
        "US"
      ],
      "Languages": [
        "en"
      ]
    },
    {
      "Titles": [
        "Jungler"
      ],
      "Sha1s2Md5": "9c30a42519b1a6889057b5c5afed3758",
      "Crcs2Md5": "8aca4a098147a637cb2eb73f9da96f9e",
      "Sets": {
        "1": [
          "jungler"
        ],
        "6": [
          "40758"
        ]
      },
      "Overview": {
        "en": [
          13
        ]
      },
      "Size": 8192,
      "Publishers": [
        0
      ],
      "Developers": [
        3
      ],
      "ReleaseDate": "1/1/1981",
      "Genres": [
        0
      ]
    },
    {
      "Titles": [
        "Jungler"
      ],
      "Sha1s2Md5": "54754d8756ce7c152d62dbc53666b39c",
      "Crcs2Md5": "15634c8c525e7aa6a5b769d8f3fda2d2",
      "Sets": {
        "4": [
          "Jungler (1991)(TM)"
        ],
        "6": [
          "40758"
        ]
      },
      "Overview": {
        "en": [
          13
        ]
      },
      "Size": 8192,
      "Publishers": [
        2,
        0
      ],
      "Developers": [
        3
      ],
      "ReleaseDate": "1/1/1991",
      "Genres": [
        0
      ],
      "Regions": [
        "TM"
      ]
    },
    {
      "Titles": [
        "Loco-motion",
        "Guttang Gottong"
      ],
      "Serials": [
        "8203"
      ],
      "Sha1s2Md5": "18d452ade2a18cc4df1316261cc49035",
      "Crcs2Md5": "76225e847d5c5e53b9f367e84e3dd0b4",
      "Sets": {
        "1": [
          "locomotn"
        ],
        "6": [
          "40759"
        ]
      },
      "Overview": {
        "en": [
          14
        ]
      },
      "Size": 8192,
      "Publishers": [
        0
      ],
      "Developers": [
        3
      ],
      "ReleaseDate": "1/1/1983",
      "Genres": [
        0
      ],
      "Regions": [
        "US"
      ],
      "Languages": [
        "en"
      ]
    },
    {
      "Titles": [
        "Loco-motion"
      ],
      "Sha1s2Md5": "69e8bb167a6c100a590f607b7762ddbb",
      "Crcs2Md5": "1d0ac589b84343ce88045dd77f111229",
      "Sets": {
        "4": [
          "Loco-motion (1991)(TM)"
        ]
      },
      "Size": 8192,
      "Publishers": [
        2
      ],
      "ReleaseDate": "1/1/1991",
      "Regions": [
        "TM"
      ]
    },
    {
      "Titles": [
        "Marine Adventure"
      ],
      "Sha1s2Md5": "88dd3519695cc8ec33bc1c0297cbb999",
      "Crcs2Md5": "233d5a1743c500c7aee5be82c7348a62",
      "Sets": {
        "1": [
          "marinadv"
        ],
        "6": [
          "40752"
        ]
      },
      "Overview": {
        "en": [
          8
        ]
      },
      "Size": 8192,
      "Publishers": [
        0
      ],
      "ReleaseDate": "1/1/1982",
      "Genres": [
        0
      ],
      "Regions": [
        "JP"
      ]
    },
    {
      "Titles": [
        "Mickey Athletic Land"
      ],
      "Sha1s2Md5": "0b22b72ed30323d6d06f31db873f05d6",
      "Crcs2Md5": "dc1b98812e697aa23cb6815b40cbfdbd",
      "Sets": {
        "1": [
          "athland"
        ]
      },
      "Size": 8192,
      "Publishers": [
        0
      ],
      "Regions": [
        "JP"
      ]
    },
    {
      "Titles": [
        "Mission Attack"
      ],
      "Sha1s2Md5": "767bf170c896c1876d034bf61e324208",
      "Crcs2Md5": "da2d8397c9f2d0ed0875282f0fcd822c",
      "Sets": {
        "1": [
          "misattck"
        ],
        "6": [
          "40751"
        ]
      },
      "Overview": {
        "en": [
          7
        ]
      },
      "Size": 8192,
      "Publishers": [
        0
      ],
      "ReleaseDate": "1/1/1982",
      "Genres": [
        0
      ],
      "Regions": [
        "JP"
      ]
    },
    {
      "Titles": [
        "Monster Inn"
      ],
      "Sha1s2Md5": "c1405a47f36c21718365133b0fd56d42",
      "Crcs2Md5": "d96392124417ec46b475268aeacfe75a",
      "Sets": {
        "1": [
          "mnstrinn"
        ],
        "6": [
          "40745"
        ]
      },
      "Overview": {
        "en": [
          1
        ]
      },
      "Size": 8192,
      "Publishers": [
        0
      ],
      "ReleaseDate": "1/1/1983",
      "Genres": [
        0
      ],
      "Regions": [
        "JP"
      ]
    },
    {
      "Titles": [
        "Mr. Do!"
      ],
      "Sha1s2Md5": "8413bd8e73a61d274780826b015e4bb8",
      "Crcs2Md5": "d74cc705793c64cb57d48159883d6a41",
      "Sets": {
        "1": [
          "mrdo"
        ],
        "6": [
          "40762"
        ]
      },
      "Overview": {
        "en": [
          17
        ]
      },
      "Size": 16384,
      "Publishers": [
        0
      ],
      "Developers": [
        4
      ],
      "ReleaseDate": "1/1/1983",
      "Genres": [
        0
      ],
      "Regions": [
        "JP"
      ]
    },
    {
      "Titles": [
        "Mystery Gold"
      ],
      "Sha1s2Md5": "72ea3bf3c7ddc521886a738cab730da6",
      "Crcs2Md5": "c5b2bb7a32e6db7f994167c3f9b5f4f5",
      "Sets": {
        "1": [
          "mysteryg"
        ],
        "6": [
          "40754"
        ]
      },
      "Overview": {
        "en": [
          10
        ]
      },
      "Size": 8192,
      "Publishers": [
        0
      ],
      "ReleaseDate": "1/1/1983",
      "Genres": [
        0
      ],
      "Regions": [
        "JP"
      ]
    },
    {
      "Titles": [
        "Night Flight"
      ],
      "Sha1s2Md5": "b354658f8bcde0f11c016af560124775",
      "Crcs2Md5": "790338b8e8dd8662d278c468b940dbe8",
      "Sets": {
        "1": [
          "nflight"
        ],
        "6": [
          "40750"
        ]
      },
      "Overview": {
        "en": [
          6
        ]
      },
      "Size": 8192,
      "Publishers": [
        0
      ],
      "ReleaseDate": "1/1/1982",
      "Genres": [
        0
      ],
      "Regions": [
        "JP"
      ]
    },
    {
      "Titles": [
        "Pooyan"
      ],
      "Sha1s2Md5": "72b9c4c62c0287dd884920e7980fbaa5",
      "Crcs2Md5": "a158cb2893314661145047da9a3a71f3",
      "Sets": {
        "1": [
          "pooyan"
        ],
        "6": [
          "40757"
        ]
      },
      "Overview": {
        "en": [
          12
        ]
      },
      "Size": 8192,
      "Publishers": [
        0
      ],
      "Developers": [
        3
      ],
      "ReleaseDate": "1/1/1982",
      "Genres": [
        0
      ]
    },
    {
      "Titles": [
        "Pooyan"
      ],
      "Sha1s2Md5": "20b38f64b8900059a0172b7e2c546d66",
      "Crcs2Md5": "5f145beb4931bbda284730732d3a21c8",
      "Sets": {
        "4": [
          "Pooyan (1991)(TM)"
        ],
        "6": [
          "40757"
        ]
      },
      "Overview": {
        "en": [
          12
        ]
      },
      "Size": 8192,
      "Publishers": [
        2,
        0
      ],
      "Developers": [
        3
      ],
      "ReleaseDate": "1/1/1991",
      "Genres": [
        0
      ],
      "Regions": [
        "TM"
      ]
    },
    {
      "Titles": [
        "Rescue Copter"
      ],
      "Sha1s2Md5": "90779b70a14b875322c647fba22cd4cc",
      "Crcs2Md5": "2351869eab45abc93cd5a58990a485bc",
      "Sets": {
        "1": [
          "rescue3d"
        ],
        "6": [
          "40767"
        ]
      },
      "Overview": {
        "en": [
          21
        ]
      },
      "Size": 32768,
      "Publishers": [
        0
      ],
      "ReleaseDate": "1/1/1984",
      "Genres": [
        0
      ],
      "Regions": [
        "JP"
      ]
    },
    {
      "Titles": [
        "Saurusland"
      ],
      "Sha1s2Md5": "6fceb670d7860c9ebbaaeb9c28ee9767",
      "Crcs2Md5": "525eb7e61d19b8c00cefb06f2e23aa8f",
      "Sets": {
        "1": [
          "saurus"
        ],
        "6": [
          "40746"
        ]
      },
      "Overview": {
        "en": [
          2
        ]
      },
      "Size": 8192,
      "Publishers": [
        0
      ],
      "ReleaseDate": "1/1/1983",
      "Genres": [
        0
      ],
      "Regions": [
        "JP"
      ]
    },
    {
      "Titles": [
        "Scramble"
      ],
      "Serials": [
        "8201"
      ],
      "Sha1s2Md5": "f97eea84f71adaf3b1626e6ce0b7fe1d",
      "Crcs2Md5": "787c760e38c67555021d6efbaf1f5bca",
      "Sets": {
        "1": [
          "scramble"
        ],
        "6": [
          "40749"
        ]
      },
      "Overview": {
        "en": [
          5
        ]
      },
      "Size": 8192,
      "Publishers": [
        0
      ],
      "Developers": [
        3
      ],
      "ReleaseDate": "1/1/1981",
      "Genres": [
        0
      ],
      "Regions": [
        "US"
      ],
      "Languages": [
        "en"
      ]
    },
    {
      "Titles": [
        "Scramble"
      ],
      "Sha1s2Md5": "fa4ce0c6840659040f527e70994df4f8",
      "Crcs2Md5": "80e0d5d96365b7f067aeb5b79c5aa1e8",
      "Sets": {
        "1": [
          "scramblej"
        ],
        "6": [
          "40749"
        ]
      },
      "Overview": {
        "en": [
          5
        ]
      },
      "Size": 8192,
      "Publishers": [
        0
      ],
      "Developers": [
        3
      ],
      "CloneOf": "scramble",
      "ReleaseDate": "1/1/1981",
      "Genres": [
        0
      ],
      "Regions": [
        "JP"
      ]
    },
    {
      "Titles": [
        "Scramble"
      ],
      "Sha1s2Md5": "67a20052f07e09b6ef559ad68d1a4c1b",
      "Crcs2Md5": "175a7d25ed87f8b070070c33e81df10d",
      "Sets": {
        "4": [
          "Scramble (199x)(TM)"
        ],
        "6": [
          "40749"
        ]
      },
      "Overview": {
        "en": [
          5
        ]
      },
      "Size": 8192,
      "Publishers": [
        2,
        0
      ],
      "Developers": [
        3
      ],
      "ReleaseDate": "1/1/1982",
      "Genres": [
        0
      ],
      "Regions": [
        "TM"
      ]
    },
    {
      "Titles": [
        "Super Bike"
      ],
      "Sha1s2Md5": "792fb87a73ce7de39bc42cafbb9c4c8e",
      "Crcs2Md5": "e93074059bbe59d3325f84f20739ebca",
      "Sets": {
        "1": [
          "superbik"
        ],
        "6": [
          "40766"
        ]
      },
      "Overview": {
        "en": [
          20
        ]
      },
      "Size": 16384,
      "Publishers": [
        0
      ],
      "ReleaseDate": "1/1/1984",
      "Genres": [
        0
      ],
      "Regions": [
        "JP"
      ]
    },
    {
      "Titles": [
        "Torpedo Terror",
        "Bermuda Triangle"
      ],
      "Sha1s2Md5": "fa7e7b14d2336dc6df5effc83b633276",
      "Crcs2Md5": "853ff26c4593a616db311429112da7ce",
      "Sets": {
        "1": [
          "torpedo"
        ],
        "6": [
          "40763"
        ]
      },
      "Overview": {
        "en": [
          18
        ]
      },
      "Size": 8192,
      "Publishers": [
        0
      ],
      "ReleaseDate": "1/1/1983",
      "Genres": [
        0
      ],
      "Regions": [
        "US"
      ],
      "Languages": [
        "en"
      ]
    },
    {
      "Titles": [
        "Torpedo Terror"
      ],
      "Sha1s2Md5": "d7f35914d65ecaf3811539fffa3e36df",
      "Crcs2Md5": "434e10c8719f701bc43945d5dd48bf47",
      "Sets": {
        "4": [
          "Torpedo Terror (1991)(TM)"
        ]
      },
      "Size": 8192,
      "Publishers": [
        2
      ],
      "ReleaseDate": "1/1/1991",
      "Regions": [
        "TM"
      ]
    },
    {
      "Titles": [
        "Traffic Jam"
      ],
      "Sha1s2Md5": "a9e235c2ada63fe75f7588477fdb69c6",
      "Crcs2Md5": "5c730043a0a93506c14625f6d76e7c81",
      "Sets": {
        "1": [
          "trafjam"
        ],
        "6": [
          "40753"
        ]
      },
      "Overview": {
        "en": [
          9
        ]
      },
      "Size": 8192,
      "Publishers": [
        0
      ],
      "ReleaseDate": "1/1/1982",
      "Genres": [
        0
      ],
      "Regions": [
        "JP"
      ]
    },
    {
      "Titles": [
        "Traffic Jam"
      ],
      "Sha1s2Md5": "791dfe36a702d844a6e0a54e21432856",
      "Crcs2Md5": "9c03182b51acd80d79f440d538ba6318",
      "Sets": {
        "1": [
          "trafjama"
        ],
        "6": [
          "40753"
        ]
      },
      "Overview": {
        "en": [
          9
        ]
      },
      "Size": 8192,
      "Publishers": [
        0
      ],
      "CloneOf": "trafjam",
      "ReleaseDate": "1/1/1983",
      "Genres": [
        0
      ],
      "Regions": [
        "US"
      ],
      "Languages": [
        "en"
      ]
    },
    {
      "Titles": [
        "Traffic Jam"
      ],
      "Sha1s2Md5": "14bdb3832e89c5f6dd9dd234f09cb0ab",
      "Crcs2Md5": "5fd9568a3684b4bfa271225c2db24eb5",
      "Sets": {
        "4": [
          "Traffic Jam (1991)(TM)"
        ],
        "6": [
          "40753"
        ]
      },
      "Overview": {
        "en": [
          9
        ]
      },
      "Size": 8192,
      "Publishers": [
        2,
        0
      ],
      "ReleaseDate": "1/1/1991",
      "Genres": [
        0
      ],
      "Regions": [
        "TM"
      ]
    },
    {
      "Titles": [
        "Triple Command"
      ],
      "Sha1s2Md5": "631db11c95275b8c5de7f443b65b6327",
      "Crcs2Md5": "6f9cce2bea984ef224e4654c73252aa8",
      "Sets": {
        "1": [
          "tripcomm"
        ],
        "6": [
          "40765"
        ]
      },
      "Overview": {
        "en": [
          19
        ]
      },
      "Size": 8192,
      "Publishers": [
        0
      ],
      "ReleaseDate": "1/1/1983",
      "Genres": [
        0
      ],
      "Regions": [
        "JP"
      ]
    },
    {
      "Titles": [
        "Tron"
      ],
      "Sha1s2Md5": "276dfb0b2a0e1710589b6f817bb3d6e9",
      "Crcs2Md5": "7a05faa2e3880aae664ea01f8c59c5b1",
      "Sets": {
        "1": [
          "tron"
        ],
        "6": [
          "40761"
        ]
      },
      "Overview": {
        "en": [
          16
        ]
      },
      "Size": 8192,
      "Publishers": [
        0,
        1
      ],
      "Developers": [
        1
      ],
      "CloneOf": "hyperspc",
      "ReleaseDate": "1/1/1983",
      "Genres": [
        0
      ],
      "Regions": [
        "JP"
      ]
    },
    {
      "Titles": [
        "Turpin"
      ],
      "Sha1s2Md5": "3511dbb55b80c7eccd4795c92beabd44",
      "Crcs2Md5": "44b382548727d63b022f5fcd75e2fb3b",
      "Sets": {
        "1": [
          "turpin"
        ],
        "6": [
          "40747"
        ]
      },
      "Overview": {
        "en": [
          3
        ]
      },
      "Size": 8192,
      "Publishers": [
        0
      ],
      "Developers": [
        3
      ],
      "ReleaseDate": "1/1/1983",
      "Genres": [
        0
      ],
      "Regions": [
        "JP"
      ]
    }
  ],
  "Overviews": {
    "en": {
      "0": "Japanese Tomy Pyuuta title, part number 001E, released in 1982.",
      "1": "Japanese Tomy Pyuuta title, part number 002E, released in 1982.",
      "2": "Japanese Tomy Pyuuta title, part number 003E, released in 1982.",
      "3": "Japanese Tomy Pyuuta title, part number 004E, released in 1982.",
      "4": "Japanese Tomy Pyuuta title, part number 005E, released in 1982.",
      "5": "Japanese Tomy Pyuuta title, part number 006E, released in 1982.",
      "6": "Japanese Tomy Pyuuta title, part number 007E, released in 1982.",
      "7": "Japanese Tomy Pyuuta title, part number 009E, released in 1982.",
      "8": "Japanese Tomy Pyuuta title, part number 008E, released in 1982.  US version is Deep Six.",
      "9": "Japanese Tomy Pyuuta title, part number 010E, released in 1982.  US version also named Traffic Jam.",
      "10": "Japanese Tomy Pyuuta title, part number 011E, released in 1983.",
      "11": "Japanese Tomy Pyuuta title, part number 012E, released in 1983.",
      "12": "Japanese Tomy Pyuuta title, part number 014E, released in 1983.",
      "13": "Japanese Tomy Pyuuta title, part number 015E, released in 1983.",
      "14": "Japanese Tomy Pyuuta title, part number 016E, released in 1983.  US version is called Loco-Motion.",
      "15": "Japanese Tomy Pyuuta title, part number 017E, released in 1983.",
      "16": "Japanese Tomy Pyuuta title, part number 018E, released in 1983.",
      "17": "Japanese Tomy Pyuuta title, part number 019E, released in 1983.",
      "18": "Japanese Tomy Pyuuta title, part number 020E, released in 1983.  US version is called Torpedo Terror.",
      "19": "Japanese Tomy Pyuuta title, part number 022E, released in 1984.",
      "20": "Japanese Tomy Pyuuta title, part number 023E, released in 1984.",
      "21": "Japanese Tomy Pyuuta title, part number 024E, released in 1984.",
      "22": "Japanese Tomy Pyuuta title, part number 025E, released in 1984.",
      "23": "Japanese Tomy Pyuuta title, part number 026E, released in 1984.",
      "24": "Car-Azy Racer is a Miscellaneous game, developed by Wordwright and published by Tomy Corporation, which was released in 1983."
    }
  },
  "Genres": {
    "0": "Action",
    "1": "Sports",
    "2": "Racing"
  },
  "Companies": {
    "0": "Tomy",
    "1": "Walt Disney Productions",
    "2": "TM",
    "3": "Konami",
    "4": "Universal Interactive"
  },
  "Tags": {
    "0": "Co-Op"
  }
}