{
  "PlatformName": "Pegasus",
  "LastUpdate": "6/25/2022 4:51:31 AM",
  "Games": [
    {
      "Titles": [
        "Galaxy Wars & Hangman"
      ],
      "Sha1s2Md5": "02b0d3860b6b3fc96716b342e5918739",
      "Crcs2Md5": "38e3f2dffe88abcbee49c7ede5f120d2",
      "Sets": {
        "4": [
          "Galaxy Wars & Hangman (19xx)(-)[raw]"
        ]
      },
      "Size": 4096,
      "Publishers": [
        0
      ],
      "Languages": [
        "en"
      ]
    },
    {
      "Titles": [
        "Galaxy Wars & Hangman"
      ],
      "Sha1s2Md5": "926a94f169e2baa68ab063968fd737c5",
      "Crcs2Md5": "893e2ecc8db802708228d21e97ebe2e4",
      "Sets": {
        "4": [
          "Galaxy Wars & Hangman (19xx)(-)[translated]"
        ]
      },
      "Size": 4096,
      "Publishers": [
        0
      ],
      "Languages": [
        "en"
      ]
    },
    {
      "Titles": [
        "Invaders v1.1"
      ],
      "Sha1s2Md5": "99310bd6c46859e4a52864da79741b80",
      "Crcs2Md5": "1ebf79388ec23ba5e671cba08fab096a",
      "Sets": {
        "4": [
          "Invaders v1.1 (19xx)(-)[raw]"
        ]
      },
      "Version": "v1.1",
      "Size": 4096,
      "Publishers": [
        0
      ],
      "Languages": [
        "en"
      ]
    },
    {
      "Titles": [
        "Invaders v1.1"
      ],
      "Sha1s2Md5": "ab9a65abf0dbf863a6b613ec98594edb",
      "Crcs2Md5": "a540041ad7860c8c219f7bb792e97171",
      "Sets": {
        "4": [
          "Invaders v1.1 (19xx)(-)[translated]"
        ]
      },
      "Version": "v1.1",
      "Size": 4096,
      "Publishers": [
        0
      ],
      "Languages": [
        "en"
      ]
    },
    {
      "Titles": [
        "Invaders v1.2"
      ],
      "Sha1s2Md5": "e5d62cc79eb10d41ed7619a6397faf2c",
      "Crcs2Md5": "709445c7032fb8efa780f5aa98ebb231",
      "Sets": {
        "4": [
          "Invaders v1.2 (19xx)(-)[raw]"
        ]
      },
      "Version": "v1.2",
      "Size": 4096,
      "Publishers": [
        0
      ],
      "Languages": [
        "en"
      ]
    },
    {
      "Titles": [
        "Invaders v1.2"
      ],
      "Sha1s2Md5": "d0d819da5f54d9d1ead5c3119ddc82c6",
      "Crcs2Md5": "0a1e08475e363c1e9197f0984cb39cdf",
      "Sets": {
        "4": [
          "Invaders v1.2 (19xx)(-)[translated]"
        ]
      },
      "Version": "v1.2",
      "Size": 4096,
      "Publishers": [
        0
      ],
      "Languages": [
        "en"
      ]
    },
    {
      "Titles": [
        "Tank v1.1"
      ],
      "Sha1s2Md5": "76bc2cb4f234e9aeda1203f26474c4a3",
      "Crcs2Md5": "6272cc572fc2bc1a6387f676481dbb31",
      "Sets": {
        "4": [
          "Tank v1.1 (19xx)(-)[raw][tape2rom]",
          "Tank v1.1 (19xx)(-)[translated][tape2rom]"
        ]
      },
      "Version": "v1.1",
      "Size": 4096,
      "Publishers": [
        0
      ],
      "Languages": [
        "en"
      ]
    },
    {
      "Titles": [
        "Tank v1.2"
      ],
      "Sha1s2Md5": "98ef894625a349836f4aeb3d49484432",
      "Crcs2Md5": "6b1223b159591288d52787f4fe67b38e",
      "Sets": {
        "4": [
          "Tank v1.2 (19xx)(-)[raw][tape2rom]"
        ]
      },
      "Version": "v1.2",
      "Size": 4096,
      "Publishers": [
        0
      ],
      "Languages": [
        "en"
      ]
    },
    {
      "Titles": [
        "Tank v1.2"
      ],
      "Sha1s2Md5": "916db2276a50e4fe7bc9e67b628d1ea4",
      "Crcs2Md5": "020b0db515f53732d9d8d0ba609ec153",
      "Sets": {
        "4": [
          "Tank v1.2 (19xx)(-)[translated][tape2rom]"
        ]
      },
      "Version": "v1.2",
      "Size": 4096,
      "Publishers": [
        0
      ],
      "Languages": [
        "en"
      ]
    }
  ],
  "Overviews": {},
  "Genres": {},
  "Companies": {
    "0": "-"
  },
  "Tags": {}
}