{
  "PlatformName": "Luxor ABC",
  "LastUpdate": "6/25/2022 4:50:25 AM",
  "Games": [
    {
      "Titles": [
        "[BIOS] CP",
        "[BIOS] M BIOS 3.7"
      ],
      "Sha1s2Md5": "d0b2241edd1a6fa24c46e460dc71b57c",
      "Crcs2Md5": "3f08eecf44041465173c76bd458471b2",
      "Sets": {
        "1": [
          "cpm"
        ]
      },
      "Size": 163840,
      "Publishers": [
        3
      ],
      "Tags": [
        0
      ]
    },
    {
      "Titles": [
        "ABC 850"
      ],
      "Sha1s2Md5": "4f0b3fa4901593e61924a90e847f3696",
      "Sets": {
        "1": [
          "abc850"
        ]
      },
      "Publishers": [
        0
      ],
      "ReleaseDate": "1/1/1983"
    },
    {
      "Titles": [
        "ABC 852"
      ],
      "Sha1s2Md5": "2e8818223617fbceb11567c5af170acb",
      "Sets": {
        "1": [
          "abc852"
        ]
      },
      "Publishers": [
        0
      ],
      "ReleaseDate": "1/1/1986"
    },
    {
      "Titles": [
        "ABC 856"
      ],
      "Sha1s2Md5": "157f4f0ec6d596aea7674e26b3eeabd8",
      "Sets": {
        "1": [
          "abc856"
        ]
      },
      "Publishers": [
        0
      ],
      "ReleaseDate": "1/1/1986"
    },
    {
      "Titles": [
        "ABC832 Systemskiva v2.5"
      ],
      "Sha1s2Md5": "3e1bb48aa049bde65ddfac2705f7f3fd",
      "Crcs2Md5": "b1383fcc5348de485dc48a484e3cf806",
      "Sets": {
        "1": [
          "abc832"
        ]
      },
      "Size": 655360,
      "Publishers": [
        0
      ],
      "ReleaseDate": "1/1/1982",
      "Regions": [
        "SE"
      ]
    },
    {
      "Titles": [
        "ABCBook"
      ],
      "Sha1s2Md5": "a04b16e6cdf0cecff6d1be0ec8748201",
      "Crcs2Md5": "6b4798df62ff6df8c7471312bf4e409c",
      "Sets": {
        "1": [
          "abcbook"
        ]
      },
      "Size": 163840,
      "Publishers": [
        4
      ],
      "ReleaseDate": "1/1/2017"
    },
    {
      "Titles": [
        "ABCDatastorm"
      ],
      "Sha1s2Md5": "cb40daf7f450b7623949fe1dda4b9430",
      "Crcs2Md5": "bd8b123fcba3c0169fdf51cf434688b6",
      "Sets": {
        "1": [
          "abcdata"
        ]
      },
      "Size": 163840,
      "Publishers": [
        1
      ],
      "ReleaseDate": "1/1/2017"
    },
    {
      "Titles": [
        "ABCDemo"
      ],
      "Sha1s2Md5": "44a90f00be8fc5981886fc7c292be181",
      "Crcs2Md5": "5a291334abed0ba3991bab4f35e47be8",
      "Sets": {
        "1": [
          "abcdemo"
        ]
      },
      "Size": 10793090,
      "Publishers": [
        1
      ],
      "ReleaseDate": "1/1/2015"
    },
    {
      "Titles": [
        "ABCDemo"
      ],
      "Sha1s2Md5": "edc3cea8624cd0fb1780431e453f2795",
      "Crcs2Md5": "82be1f4b2079288350305fc69a55bd4f",
      "Sets": {
        "1": [
          "abcdemo"
        ]
      },
      "Size": 163840,
      "Publishers": [
        1
      ],
      "ReleaseDate": "1/1/2015"
    },
    {
      "Titles": [
        "ABCenix 5.12"
      ],
      "Sha1s2Md5": "6d899c57df75a5c4664efc7b21eb852d",
      "Crcs2Md5": "21b885e7899b270161c4b8896edb6c3d",
      "Sets": {
        "1": [
          "abcenix"
        ]
      },
      "Size": 13001219,
      "Publishers": [
        0
      ]
    },
    {
      "Titles": [
        "ABCStacker"
      ],
      "Sha1s2Md5": "915869a8c1c4ad33e575dd0ad324b965",
      "Crcs2Md5": "11491048b6f8cd1c2b4204bfa7a70cb3",
      "Sets": {
        "1": [
          "abcstack"
        ]
      },
      "Size": 755244,
      "Publishers": [
        2
      ],
      "ReleaseDate": "1/1/2016"
    },
    {
      "Titles": [
        "ABCStacker"
      ],
      "Sha1s2Md5": "45150c0afde45aefd3e561e2d37afb98",
      "Crcs2Md5": "0d3fce2693cb2a767f4a5ad0a7ee8ed1",
      "Sets": {
        "1": [
          "abcstack"
        ]
      },
      "Size": 163840,
      "Publishers": [
        2
      ],
      "ReleaseDate": "1/1/2016"
    },
    {
      "Titles": [
        "Basope v1.0"
      ],
      "Sha1s2Md5": "9233ce2834c6bcb7e643dbbce04ab002",
      "Crcs2Md5": "d1ea512208e1a87c9d8414c34605546f",
      "Sets": {
        "1": [
          "basope10"
        ]
      },
      "Size": 51302
    },
    {
      "Titles": [
        "Bokföring 800 v2.0"
      ],
      "Sha1s2Md5": "1e8efee0091b35367140ee88bdce0076",
      "Crcs2Md5": "2d282a656ed2ec9d232be57613229cc1",
      "Sets": {
        "1": [
          "red800"
        ]
      },
      "Size": 141304,
      "Publishers": [
        6
      ],
      "Regions": [
        "SE"
      ]
    },
    {
      "Titles": [
        "CAT800L v8.6 for CATNET v1.3"
      ],
      "Sha1s2Md5": "844e6a5941dbe8a216f561b5b8def643",
      "Crcs2Md5": "df4479102d1d9a753edfc29fc0e505bc",
      "Sets": {
        "1": [
          "catnetl"
        ]
      },
      "Size": 32173,
      "Publishers": [
        0
      ]
    },
    {
      "Titles": [
        "Colorful Animals"
      ],
      "Sha1s2Md5": "3266678ffac517754e263932a70a41d8",
      "Crcs2Md5": "a72f9805b894869aded3887173e67c2d",
      "Sets": {
        "1": [
          "colorful"
        ]
      },
      "Size": 163840,
      "Publishers": [
        1
      ],
      "ReleaseDate": "1/1/2018"
    },
    {
      "Titles": [
        "CP",
        "M Plus v3.0"
      ],
      "Sha1s2Md5": "7598a308f18851b781ad72d4eea37303",
      "Crcs2Md5": "e213bd9f8f137c8c88f99cb61324792f",
      "Sets": {
        "1": [
          "cpm30_12"
        ]
      },
      "Size": 502129,
      "CloneOf": "cpm30"
    },
    {
      "Titles": [
        "Demo"
      ],
      "Sha1s2Md5": "d732b801723f79bfd458571d2db79ad6",
      "Crcs2Md5": "569f78dd30b10d3cdf54a8ee4c6b8e02",
      "Sets": {
        "1": [
          "demo"
        ]
      },
      "Size": 82895,
      "Publishers": [
        0
      ]
    },
    {
      "Titles": [
        "Demo ABC800 v1.1"
      ],
      "Serials": [
        "68 200184"
      ],
      "Sha1s2Md5": "ef72e6cf094a443e9f3bf87a243d6b0c",
      "Crcs2Md5": "60f745c581dd67bd67253f1e059c212e",
      "Sets": {
        "1": [
          "demo11"
        ]
      },
      "Size": 163840,
      "Publishers": [
        0
      ]
    },
    {
      "Titles": [
        "Dosgen"
      ],
      "Sha1s2Md5": "f5543be04666f472c5cefe9c9833ed1a",
      "Crcs2Md5": "1f8cca154a85511cdabb9e0565c47626",
      "Sets": {
        "1": [
          "dosgen"
        ]
      },
      "Size": 10734
    },
    {
      "Titles": [
        "Graf806"
      ],
      "Sha1s2Md5": "f37b1329753a4fa7c4886c7417f75ddd",
      "Crcs2Md5": "3d725ce0572a1c66e73cf36a727aa102",
      "Sets": {
        "1": [
          "graf806"
        ]
      },
      "Size": 199707
    },
    {
      "Titles": [
        "Grafiikka 800 v1.6"
      ],
      "Serials": [
        "68 200274"
      ],
      "Sha1s2Md5": "909161adf547810e608ed5b1ce1357eb",
      "Crcs2Md5": "504e4178f1a45d4c5483692d631c073d",
      "Sets": {
        "1": [
          "graf16"
        ]
      },
      "Size": 59476
    },
    {
      "Titles": [
        "Hires Invasion"
      ],
      "Sha1s2Md5": "228d160aea641bbf585472f0da438bc4",
      "Crcs2Md5": "96055d2b5829c00f54e576466afa56ee",
      "Sets": {
        "1": [
          "hiresinv"
        ]
      },
      "Size": 163840,
      "Publishers": [
        1
      ],
      "ReleaseDate": "1/1/2017"
    },
    {
      "Titles": [
        "Kronstat v2.1"
      ],
      "Sha1s2Md5": "09603b84eb2827f43ca69dac5d69d0ec",
      "Crcs2Md5": "e9b8be34525337911e4ccf01e06f34d1",
      "Sets": {
        "1": [
          "kronstat"
        ]
      },
      "Size": 186394,
      "Publishers": [
        5
      ]
    },
    {
      "Titles": [
        "Kundregister"
      ],
      "Sha1s2Md5": "cffc3f55ce2fb4e6621d3e6b096c1780",
      "Crcs2Md5": "931ee9004943e5ca98d1198d6e07c9b4",
      "Sets": {
        "1": [
          "kundreg"
        ]
      },
      "Size": 79143
    },
    {
      "Titles": [
        "ORD 800 v2.4"
      ],
      "Sha1s2Md5": "b3c7c6580541fcc9aa355d5dd8177ce3",
      "Crcs2Md5": "2d5293ad407e88360dda6f33f2559c00",
      "Sets": {
        "1": [
          "ord800"
        ]
      },
      "Size": 65069,
      "Publishers": [
        6
      ],
      "Regions": [
        "SE"
      ]
    },
    {
      "Titles": [
        "Pascal 800 v1.04"
      ],
      "Serials": [
        "68 290674"
      ],
      "Sha1s2Md5": "b7707d4f30b997723e03d9f20a030c0e",
      "Crcs2Md5": "3313266df2e51a8b3a7b35e488f834ea",
      "Sets": {
        "1": [
          "pascal10"
        ]
      },
      "Size": 77214
    },
    {
      "Titles": [
        "PROMMIS v6.2"
      ],
      "Sha1s2Md5": "91b4c1263a0586d4513b0bbf81328e39",
      "Crcs2Md5": "3f07b866bb04b595c3d09a5bb2a82e7d",
      "Sets": {
        "1": [
          "prommis"
        ]
      },
      "Size": 51535,
      "Publishers": [
        7
      ],
      "ReleaseDate": "1/1/1983",
      "Regions": [
        "SE"
      ]
    },
    {
      "Titles": [
        "Sana 800 v2.3"
      ],
      "Serials": [
        "68 200375"
      ],
      "Sha1s2Md5": "014623c4ab093d773a5a26559d395888",
      "Crcs2Md5": "899eff2c02d7671e0eda801bbd184945",
      "Sets": {
        "1": [
          "sana800"
        ]
      },
      "Size": 50916,
      "Publishers": [
        6
      ]
    },
    {
      "Titles": [
        "Systeemilevy ABC800 v1.0"
      ],
      "Sha1s2Md5": "264f8ae128a4aea582072f7ee5fa6a4b",
      "Crcs2Md5": "850122ff1f771320391d347546b7388e",
      "Sets": {
        "1": [
          "sys10fi"
        ]
      },
      "Size": 22884,
      "Publishers": [
        0
      ]
    },
    {
      "Titles": [
        "System disk v1.0"
      ],
      "Sha1s2Md5": "ea13c9986202581869845634b84e18fe",
      "Crcs2Md5": "5c3b7c8fabb8a7f77cf0f4fd44b6d598",
      "Sets": {
        "1": [
          "system10"
        ]
      },
      "Size": 47013,
      "Publishers": [
        0
      ]
    },
    {
      "Titles": [
        "System disk v6.19 for UFD-DOS"
      ],
      "Sha1s2Md5": "36ba27b51f0fd59bfeb773a23500cdaa",
      "Crcs2Md5": "0c73c0c19e638727f4ed7d0e0d9306b0",
      "Sets": {
        "1": [
          "ufd619"
        ]
      },
      "Size": 119474,
      "Publishers": [
        0
      ]
    },
    {
      "Titles": [
        "System disk v6.19a6 for UFD-DOS"
      ],
      "Sha1s2Md5": "684e0e89d19635fa2e0010716c21ccf2",
      "Crcs2Md5": "057064909dc2c3f841e404cc9f14a5b5",
      "Sets": {
        "1": [
          "ufd619a6"
        ]
      },
      "Size": 136796,
      "Publishers": [
        0
      ]
    },
    {
      "Titles": [
        "Systemskiva ABC800 v1.0"
      ],
      "Serials": [
        "68 290114"
      ],
      "Sha1s2Md5": "0a5e3e52a3a0d874453c2a3c808b962b",
      "Crcs2Md5": "9660232cb0c0c7961e5d77037c0fe65d",
      "Sets": {
        "1": [
          "sys10sw"
        ]
      },
      "Size": 24026,
      "Publishers": [
        0
      ],
      "Regions": [
        "SE"
      ]
    },
    {
      "Titles": [
        "Systemskiva v6.31 för UFD-DOS"
      ],
      "Serials": [
        "68 292515"
      ],
      "Sha1s2Md5": "c6ff709da52e4eb60f9e20ec46d175ba",
      "Crcs2Md5": "917e895eda87c2d3641aba871c25cb6e",
      "Sets": {
        "1": [
          "ufd631"
        ]
      },
      "Size": 140772,
      "Publishers": [
        0
      ],
      "Regions": [
        "SE"
      ]
    },
    {
      "Titles": [
        "TTY800 v1.5"
      ],
      "Sha1s2Md5": "b32cbef103c483be34a15dcc954b5732",
      "Crcs2Md5": "75d3545752284309e8e95470a7b6c42b",
      "Sets": {
        "1": [
          "tty800"
        ]
      },
      "Size": 53398,
      "Publishers": [
        8
      ],
      "ReleaseDate": "1/1/1983",
      "Regions": [
        "SE"
      ]
    },
    {
      "Titles": [
        "TTY800 v1.5"
      ],
      "Sha1s2Md5": "3f20c650ec756cf19c21a983569f0e63",
      "Crcs2Md5": "77b7972885878099ca0706ad53340be5",
      "Sets": {
        "1": [
          "tty800a"
        ]
      },
      "Size": 40815,
      "Publishers": [
        8
      ],
      "CloneOf": "tty800",
      "ReleaseDate": "1/1/1983",
      "Regions": [
        "SE"
      ]
    }
  ],
  "Overviews": {},
  "Genres": {},
  "Companies": {
    "0": "Luxor",
    "1": "Genesis Project",
    "2": "Andreas Gustafsson",
    "3": "Myab",
    "4": "Five Finger Punch",
    "5": "ABC-klubben",
    "6": "P-Data",
    "7": "ELogik",
    "8": "Front-Line"
  },
  "Tags": {
    "0": "BIOS"
  }
}