{
  "PlatformName": "Imagination Machine",
  "LastUpdate": "6/25/2022 4:50:20 AM",
  "Games": [
    {
      "Titles": [
        "Adventure in Murder, An"
      ],
      "Sha1s2Md5": "ba9a09162221d4293999a5054392ae2d",
      "Crcs2Md5": "b3dd2c13875f0bc5810050cf59c2f352",
      "Sets": {
        "4": [
          "Adventure in Murder, An (198x)(Eisman, R.)"
        ]
      },
      "Size": 2030598,
      "Publishers": [
        4
      ],
      "Languages": [
        "en"
      ]
    },
    {
      "Titles": [
        "Alpha Centurion"
      ],
      "Sha1s2Md5": "71ec49687ca9f52635919bcdcfcd95f9",
      "Crcs2Md5": "49945e406b8e4d9ab046eef5388094a4",
      "Sets": {
        "4": [
          "Alpha Centurion (1983)(Karabin, G.)"
        ]
      },
      "Size": 1735100,
      "Publishers": [
        5
      ],
      "ReleaseDate": "1/1/1983",
      "Languages": [
        "en"
      ]
    },
    {
      "Titles": [
        "ALPHAbit"
      ],
      "Sha1s2Md5": "c386771a53f8caa5f531b8a20bc7b7d8",
      "Crcs2Md5": "08d813d82b3b84677569e7d8d6190814",
      "Sets": {
        "4": [
          "ALPHAbit (19xx)(MR R's)"
        ]
      },
      "Size": 1750444,
      "Publishers": [
        6
      ],
      "Languages": [
        "en"
      ]
    },
    {
      "Titles": [
        "Alpine Skiing"
      ],
      "Sha1s2Md5": "792027b0aa2a8eaa1636fb1ab866fca1",
      "Crcs2Md5": "a61e816967e49262bff4af992847625e",
      "Sets": {
        "4": [
          "Alpine Skiing (19xx)(York 10 Computerware)"
        ]
      },
      "Size": 1004972,
      "Publishers": [
        7
      ],
      "Languages": [
        "en"
      ]
    },
    {
      "Titles": [
        "APF Basic"
      ],
      "Serials": [
        "AL100A"
      ],
      "Sha1s2Md5": "6256018176dd082c75c9dfda5ef5fbbf",
      "Crcs2Md5": "e5729f210f8e9d717ba92e942f521d52",
      "Sets": {
        "1": [
          "basic"
        ]
      },
      "Size": 12288,
      "Publishers": [
        0
      ],
      "ReleaseDate": "1/1/1979"
    },
    {
      "Titles": [
        "APF-MAN"
      ],
      "Sha1s2Md5": "e9ccb4e778ecbb5940de4dbddf7f8c68",
      "Crcs2Md5": "5590a7005124bc43ce5fdb455a7ee758",
      "Sets": {
        "4": [
          "APF-MAN (1982)(Echols, Carl A.)"
        ]
      },
      "Size": 1075884,
      "Publishers": [
        8
      ],
      "ReleaseDate": "1/1/1982",
      "Languages": [
        "en"
      ]
    },
    {
      "Titles": [
        "Asteroids"
      ],
      "Sha1s2Md5": "fe4e9dba2f47f189d188de1b8f299eed",
      "Crcs2Md5": "df90d9e357ccc0578174d3f9accf6bb0",
      "Sets": {
        "4": [
          "Asteroids (19xx)(York 10 Computerware)"
        ]
      },
      "Size": 1039532,
      "Publishers": [
        7
      ],
      "Languages": [
        "en"
      ]
    },
    {
      "Titles": [
        "Astroid Patrol"
      ],
      "Sha1s2Md5": "bfa271eaec4196737b27e326d903f6ca",
      "Crcs2Md5": "ce50195eb256d18797084fcab97b1653",
      "Sets": {
        "4": [
          "Astroid Patrol (198x)(Rief Games)"
        ]
      },
      "Size": 906668,
      "Publishers": [
        9
      ],
      "Languages": [
        "en"
      ]
    },
    {
      "Titles": [
        "Backgammon"
      ],
      "Serials": [
        "MG1008"
      ],
      "Sha1s2Md5": "f07ae27d87582b15a5904e808cd1fcda",
      "Crcs2Md5": "f9895ab3b6d268e98b505a2889c2f45b",
      "Sets": {
        "1": [
          "backgamm"
        ],
        "6": [
          "65077"
        ]
      },
      "Overview": {
        "en": [
          3
        ]
      },
      "Size": 4096,
      "Publishers": [
        0
      ],
      "Tags": [
        4
      ],
      "ReleaseDate": "1/1/1979",
      "Genres": [
        1
      ]
    },
    {
      "Titles": [
        "Baja"
      ],
      "Sha1s2Md5": "a45b2d0e876727f0fd20b0b1b38c1e7f",
      "Crcs2Md5": "cdf18796999d452565a0765c0b7a08eb",
      "Sets": {
        "4": [
          "Baja (19xx)(York 10 Computerware)"
        ]
      },
      "Size": 1009324,
      "Publishers": [
        7
      ],
      "Languages": [
        "en"
      ]
    },
    {
      "Titles": [
        "Baseball"
      ],
      "Serials": [
        "MG1006"
      ],
      "Sha1s2Md5": "935a1b8c775d1a8fe89d7968fa6e2cd3",
      "Crcs2Md5": "7870e61ee7734738da8654799a04a23e",
      "Sets": {
        "1": [
          "baseball"
        ],
        "6": [
          "55874"
        ]
      },
      "Overview": {
        "en": [
          2
        ]
      },
      "Size": 4096,
      "Publishers": [
        0
      ],
      "Tags": [
        4
      ],
      "ReleaseDate": "1/1/1979",
      "Genres": [
        0
      ]
    },
    {
      "Titles": [
        "Battle Zone"
      ],
      "Sha1s2Md5": "d15416f1dc07ccf00d4a1fd22d9ed61e",
      "Crcs2Md5": "66ae09ab259b8980ce0f125963be26d0",
      "Sets": {
        "4": [
          "Battle Zone (19xx)(IM-1 Games)"
        ]
      },
      "Size": 961708,
      "Publishers": [
        10
      ],
      "Regions": [
        "IM"
      ],
      "Languages": [
        "en"
      ]
    },
    {
      "Titles": [
        "Bi-Plane Rescue"
      ],
      "Sha1s2Md5": "a438543a0131eb3b8b1a1743081cd931",
      "Crcs2Md5": "2cca9f8ff833dedeaa2eea628fe8fbbc",
      "Sets": {
        "4": [
          "Bi-Plane Rescue (19xx)(York 10 Computerware)"
        ]
      },
      "Size": 1007788,
      "Publishers": [
        7
      ],
      "Languages": [
        "en"
      ]
    },
    {
      "Titles": [
        "Blackjack"
      ],
      "Serials": [
        "MG1007"
      ],
      "Sha1s2Md5": "ba8bd67648b7613774f0db5ec00d8687",
      "Crcs2Md5": "8ebd7ad7bf624aed965690340b47c91e",
      "Sets": {
        "1": [
          "blckjack"
        ]
      },
      "Size": 4096,
      "Publishers": [
        0
      ],
      "ReleaseDate": "1/1/1979"
    },
    {
      "Titles": [
        "Bowling",
        "Micro Match"
      ],
      "Serials": [
        "MG1004"
      ],
      "Sha1s2Md5": "39471df4f0f7a431f090ad3d889f1a9d",
      "Crcs2Md5": "6a33d435fb7e9411fea56cbbb4473305",
      "Sets": {
        "1": [
          "bowling"
        ]
      },
      "Size": 4096,
      "Publishers": [
        0
      ],
      "ReleaseDate": "1/1/1979"
    },
    {
      "Titles": [
        "Boxing"
      ],
      "Serials": [
        "MG1012"
      ],
      "Sha1s2Md5": "848f7fd92853d9d9bedcb41080333ee1",
      "Crcs2Md5": "55967cf14493202802f1fea41ea09abf",
      "Sets": {
        "1": [
          "boxing"
        ],
        "6": [
          "66624"
        ]
      },
      "Size": 4096,
      "Publishers": [
        0
      ],
      "Tags": [
        5,
        4
      ],
      "ReleaseDate": "1/1/1979",
      "ESRB": "E",
      "Genres": [
        0
      ]
    },
    {
      "Titles": [
        "Boxing"
      ],
      "Sha1s2Md5": "d3e34a05636fba316415642f80040d24",
      "Crcs2Md5": "c9210bc3f0243dd9a6df58fc5bbb9254",
      "Sets": {
        "4": [
          "Boxing (198x)(Millivision)"
        ],
        "6": [
          "66624"
        ]
      },
      "Size": 1288876,
      "Publishers": [
        11
      ],
      "Tags": [
        5,
        4
      ],
      "ReleaseDate": "1/1/1979",
      "ESRB": "E",
      "Genres": [
        0
      ],
      "Languages": [
        "en"
      ]
    },
    {
      "Titles": [
        "Brickdown",
        "Shooting Gallery"
      ],
      "Serials": [
        "MG1005"
      ],
      "Sha1s2Md5": "6f3e1ab0a550f636a8277ff55c9bdf61",
      "Crcs2Md5": "7298e287cc5d094e22c4d119ea630fd9",
      "Sets": {
        "1": [
          "brickdwn"
        ]
      },
      "Size": 2048,
      "Publishers": [
        0
      ],
      "ReleaseDate": "1/1/1979"
    },
    {
      "Titles": [
        "Bugger"
      ],
      "Sha1s2Md5": "651c4441d0cc349f6074fecc619b9921",
      "Crcs2Md5": "890b3a18d65b5e2aed8b24653365b637",
      "Sets": {
        "4": [
          "Bugger (19xx)(MR R's)[possible bad dump]"
        ]
      },
      "Size": 1089196,
      "Publishers": [
        6
      ],
      "Languages": [
        "en"
      ]
    },
    {
      "Titles": [
        "Burger Man"
      ],
      "Sha1s2Md5": "92a849a7b5bc5068842629ce0fa2ad17",
      "Crcs2Md5": "c5b58010a6e5bd2892eab3b93d7d3ff1",
      "Sets": {
        "4": [
          "Burger Man (198x)(Rief Games)"
        ]
      },
      "Size": 1181612,
      "Publishers": [
        9
      ],
      "Languages": [
        "en"
      ]
    },
    {
      "Titles": [
        "Casino 1: Slots",
        "Roulette",
        "Keno"
      ],
      "Serials": [
        "MG1009"
      ],
      "Sha1s2Md5": "0df51b9c259386dceb6f357dac87d4bb",
      "Crcs2Md5": "13c134bb3b253e76af68044b117a8452",
      "Sets": {
        "1": [
          "casino"
        ]
      },
      "Size": 4096,
      "Publishers": [
        0
      ],
      "ReleaseDate": "1/1/1979"
    },
    {
      "Titles": [
        "Catena"
      ],
      "Serials": [
        "MG1001"
      ],
      "Sha1s2Md5": "d3ab12c6d518e31868569ee9e6114a90",
      "Crcs2Md5": "8f094e3335f30f960965b1143bd46ef9",
      "Sets": {
        "1": [
          "catena"
        ]
      },
      "Size": 2048,
      "Publishers": [
        0
      ],
      "ReleaseDate": "1/1/1979"
    },
    {
      "Titles": [
        "Catena"
      ],
      "Serials": [
        "MG1002"
      ],
      "Sha1s2Md5": "cd596250d8bb33693c8af6f0bc670a79",
      "Crcs2Md5": "e7572cd6cc11ef2c74d6658d00bba0e7",
      "Sets": {
        "1": [
          "catenaa"
        ]
      },
      "Size": 2048,
      "Publishers": [
        0
      ],
      "Tags": [
        0
      ],
      "ReleaseDate": "1/1/1979"
    },
    {
      "Titles": [
        "Centipeed"
      ],
      "Sha1s2Md5": "e2bc07942dc2b0e90194c5c9af5f91ad",
      "Crcs2Md5": "f723ff485e588feaaa958605ec642588",
      "Sets": {
        "4": [
          "Centipeed (19xx)(Mechalas, John)"
        ]
      },
      "Size": 1089452,
      "Publishers": [
        12
      ],
      "Languages": [
        "en"
      ]
    },
    {
      "Titles": [
        "Character Dump"
      ],
      "Sha1s2Md5": "c4d80c0034ea8f7cca3dc287511c5784",
      "Crcs2Md5": "9849d504813e6a2cf0cd2c3cd29e0550",
      "Sets": {
        "1": [
          "chardump"
        ]
      },
      "Size": 4096,
      "Publishers": [
        1
      ],
      "ReleaseDate": "1/1/2010"
    },
    {
      "Titles": [
        "Choplifter"
      ],
      "Sha1s2Md5": "b8a16846a283a6fdcd4f41c7c08e940f",
      "Crcs2Md5": "bef3d44b7c42aadbd601b1a90a0f586e",
      "Sets": {
        "4": [
          "Choplifter (19xx)(York 10 Computerware)"
        ]
      },
      "Size": 1050796,
      "Publishers": [
        7
      ],
      "Languages": [
        "en"
      ]
    },
    {
      "Titles": [
        "Chopper Interceptor"
      ],
      "Sha1s2Md5": "a0a9b2508bded9c4dfbfb934748abefb",
      "Crcs2Md5": "646ab5e785f06855b43fc7d59d160382",
      "Sets": {
        "4": [
          "Chopper Interceptor (19xx)(York 10 Computerware)"
        ]
      },
      "Size": 1069484,
      "Publishers": [
        7
      ],
      "Languages": [
        "en"
      ]
    },
    {
      "Titles": [
        "Columns",
        "Targets",
        "Bacteria",
        "Autopista"
      ],
      "Sha1s2Md5": "4ec7d4611ff0da2c2d81a8f33bf67f80",
      "Crcs2Md5": "3b420f3aa6d0367289553979c3e79bc4",
      "Sets": {
        "1": [
          "columns"
        ]
      },
      "Size": 3733,
      "Publishers": [
        2
      ],
      "ReleaseDate": "1/1/1995"
    },
    {
      "Titles": [
        "Concentration"
      ],
      "Sha1s2Md5": "2fb008077b1b34982a79dcf66e0cc9ae",
      "Crcs2Md5": "abc88bbff8da40d0f4db127ae1b91c8d",
      "Sets": {
        "4": [
          "Concentration (19xx)(Jones, G.R.)"
        ]
      },
      "Size": 1073188,
      "Publishers": [
        13
      ],
      "Languages": [
        "en"
      ]
    },
    {
      "Titles": [
        "Copy Cat"
      ],
      "Sha1s2Md5": "28d128f3be7085fad7309d5d93eed671",
      "Crcs2Md5": "5b741bb79bd7e7f522e5671f7d7bc8ea",
      "Sets": {
        "4": [
          "Copy Cat (198x)(Eisman, R.)"
        ]
      },
      "Size": 961964,
      "Publishers": [
        4
      ],
      "Languages": [
        "en"
      ]
    },
    {
      "Titles": [
        "Death Tank"
      ],
      "Sha1s2Md5": "5e811a779ba76f0439948371a2ad735c",
      "Crcs2Md5": "c855b0a4cd228a66cd61d6ee4d37a675",
      "Sets": {
        "4": [
          "Death Tank (19xx)(York 10 Computerware)"
        ]
      },
      "Size": 1038252,
      "Publishers": [
        7
      ],
      "Languages": [
        "en"
      ]
    },
    {
      "Titles": [
        "Defender"
      ],
      "Sha1s2Md5": "41ef12476f0841f82f3eab7568d679c9",
      "Crcs2Md5": "83fe2d4396852b8c5a1d59d03fa71d54",
      "Sets": {
        "4": [
          "Defender (19xx)(MR R's)"
        ]
      },
      "Size": 1013676,
      "Publishers": [
        6
      ],
      "Languages": [
        "en"
      ]
    },
    {
      "Titles": [
        "Defender"
      ],
      "Sha1s2Md5": "4cb45e8f9ad379152bc4c25eaef01b4d",
      "Crcs2Md5": "ca07cd87f5ee11579188abd4d715372b",
      "Sets": {
        "4": [
          "Defender (19xx)(York 10 Computerware)"
        ]
      },
      "Size": 1158572,
      "Publishers": [
        7
      ],
      "Languages": [
        "en"
      ]
    },
    {
      "Titles": [
        "Defender"
      ],
      "Sha1s2Md5": "f215e0bbacc44c23f87907e27853f8be",
      "Crcs2Md5": "fb5a17a85c19223dcc1b8312af3a5ade",
      "Sets": {
        "4": [
          "Defender (19xx)(York 10 Computerware)[a]"
        ]
      },
      "Size": 1150636,
      "Publishers": [
        7
      ],
      "Tags": [
        1
      ],
      "Languages": [
        "en"
      ]
    },
    {
      "Titles": [
        "Depth Charge!!"
      ],
      "Sha1s2Md5": "d351db85761f9aa88960fe78d4c14151",
      "Crcs2Md5": "4faf9df2092c533f1d6002bbadcd984a",
      "Sets": {
        "4": [
          "Depth Charge!! (19xx)(MR R's)"
        ]
      },
      "Size": 1067180,
      "Publishers": [
        6
      ],
      "Languages": [
        "en"
      ]
    },
    {
      "Titles": [
        "Donkey Kong II"
      ],
      "Sha1s2Md5": "839c1d7f47bab6db645ef5676068040c",
      "Crcs2Md5": "e376e2789d2012c286eb9aafc51c94aa",
      "Sets": {
        "4": [
          "Donkey Kong II (198x)(Rief Games)"
        ]
      },
      "Size": 1993004,
      "Publishers": [
        9
      ],
      "Languages": [
        "en"
      ]
    },
    {
      "Titles": [
        "Donki-Kong"
      ],
      "Sha1s2Md5": "5f606fc709f92a5108611de7d33a4e46",
      "Crcs2Md5": "3d4d21b1835f10f310e279e0149a357c",
      "Sets": {
        "4": [
          "Donki-Kong (198x)(Millivision)"
        ]
      },
      "Size": 1214636,
      "Publishers": [
        11
      ],
      "Languages": [
        "en"
      ]
    },
    {
      "Titles": [
        "Donki-Kong Jr"
      ],
      "Sha1s2Md5": "08e881e377dd2cf048e39922275ee587",
      "Crcs2Md5": "904c04286d944ff46feb5650007e37c1",
      "Sets": {
        "4": [
          "Donki-Kong Jr (198x)(Millivision)"
        ]
      },
      "Size": 972972,
      "Publishers": [
        11
      ],
      "Languages": [
        "en"
      ]
    },
    {
      "Titles": [
        "Draw Draw"
      ],
      "Sha1s2Md5": "b11d4caec7e2f3afe23c25d66288ead2",
      "Crcs2Md5": "203b5cd7e8f0a86d9d093299aa37480b",
      "Sets": {
        "4": [
          "Draw Draw (198x)(Rief Games)"
        ]
      },
      "Size": 1102508,
      "Publishers": [
        9
      ],
      "Languages": [
        "en"
      ]
    },
    {
      "Titles": [
        "Dungeon Treasure"
      ],
      "Sha1s2Md5": "19213fbd3ef30e3a8007e0af07efd3fd",
      "Crcs2Md5": "e26de0a38356782a837f4870a76f546e",
      "Sets": {
        "4": [
          "Dungeon Treasure (19xx)(IM-1 Games)"
        ]
      },
      "Size": 1055148,
      "Publishers": [
        10
      ],
      "Regions": [
        "IM"
      ],
      "Languages": [
        "en"
      ]
    },
    {
      "Titles": [
        "E.T."
      ],
      "Sha1s2Md5": "f4203ba0270aba2157741a6264614cd6",
      "Crcs2Md5": "39fd156489c233416c547d6940a72e8a",
      "Sets": {
        "4": [
          "E.T. (19xx)(York 10 Computerware)"
        ]
      },
      "Size": 1045164,
      "Publishers": [
        7
      ],
      "Languages": [
        "en"
      ]
    },
    {
      "Titles": [
        "Escape!!!"
      ],
      "Sha1s2Md5": "c1e364fe84ba94e8cdcb35d96eded67d",
      "Crcs2Md5": "5a3f354857a12563aba7fe6e60612870",
      "Sets": {
        "4": [
          "Escape!!! (19xx)(Beckett, E.)"
        ]
      },
      "Size": 1271980,
      "Publishers": [
        14
      ],
      "Languages": [
        "en"
      ]
    },
    {
      "Titles": [
        "Excape Mommies Tumb"
      ],
      "Sha1s2Md5": "9d587e174d1b02c35d1b6f0aba8ca0c1",
      "Crcs2Md5": "7529e82641b5e11b7c952b73fa2a6039",
      "Sets": {
        "4": [
          "Excape Mommies Tumb (19xx)(Handy Dandy Games)"
        ]
      },
      "Size": 1034156,
      "Publishers": [
        15
      ],
      "Languages": [
        "en"
      ]
    },
    {
      "Titles": [
        "Extended Basic"
      ],
      "Sha1s2Md5": "91d5960c4d49a6c5ea3bda7e7327df25",
      "Crcs2Md5": "180db8a3cc62108b8df0746c9fb827aa",
      "Sets": {
        "1": [
          "ebasic"
        ]
      },
      "Size": 14336,
      "Publishers": [
        3
      ],
      "ReleaseDate": "1/1/1983"
    },
    {
      "Titles": [
        "Ferzerx"
      ],
      "Sha1s2Md5": "293068e1e57b43e520b29b51ccf7c247",
      "Crcs2Md5": "555fb430b169e8ff19046f507a2fabf4",
      "Sets": {
        "4": [
          "Ferzerx (1983-07)(Jones, G.R.)"
        ]
      },
      "Size": 1503848,
      "Publishers": [
        13
      ],
      "ReleaseDate": "7/1/1983",
      "Languages": [
        "en"
      ]
    },
    {
      "Titles": [
        "Fire!"
      ],
      "Sha1s2Md5": "66000dc3a4f41540c3a817916b2ce32f",
      "Crcs2Md5": "535234894f43d8861914a53a39d8f095",
      "Sets": {
        "4": [
          "Fire! (19xx)(MR R's)"
        ]
      },
      "Size": 1056172,
      "Publishers": [
        6
      ],
      "Languages": [
        "en"
      ]
    },
    {
      "Titles": [
        "Fooseball!"
      ],
      "Sha1s2Md5": "01e75ccedc3e46f06afd521ced89f148",
      "Crcs2Md5": "ebec0fa51b1c5ade7dfc2ca07e63c5fb",
      "Sets": {
        "4": [
          "Fooseball! (19xx)(Beckett, E.)"
        ]
      },
      "Size": 1167276,
      "Publishers": [
        14
      ],
      "Languages": [
        "en"
      ]
    },
    {
      "Titles": [
        "Frogger"
      ],
      "Sha1s2Md5": "d99a6bdd876cacba4a567b5b0d0e18c3",
      "Crcs2Md5": "4c7174ca423ff0f7a0a1b1e798df382e",
      "Sets": {
        "4": [
          "Frogger (19xx)(York 10 Computerware)"
        ]
      },
      "Size": 1050796,
      "Publishers": [
        7
      ],
      "Languages": [
        "en"
      ]
    },
    {
      "Titles": [
        "Froggy"
      ],
      "Sha1s2Md5": "8db8e725640fff8ef5d4f14822b36b64",
      "Crcs2Md5": "c54c2dab079909aeac4cbb496208832b",
      "Sets": {
        "4": [
          "Froggy (198x)(Beckett, E.)[possible bad dump]"
        ]
      },
      "Size": 1224492,
      "Publishers": [
        14
      ],
      "Languages": [
        "en"
      ]
    },
    {
      "Titles": [
        "GraySkull"
      ],
      "Sha1s2Md5": "02887d039e0a532f02f5443e9bcf728f",
      "Crcs2Md5": "b5f06cabbcf00cdd21eb3e32ded1e987",
      "Sets": {
        "4": [
          "GraySkull (1984)(Karabin, G.)"
        ]
      },
      "Size": 2033578,
      "Publishers": [
        5
      ],
      "ReleaseDate": "1/1/1984",
      "Languages": [
        "en"
      ]
    },
    {
      "Titles": [
        "Hangman/Tic Tac Toe/Doodle",
        "Hangman",
        "Tic Tac Toe",
        "Doodle"
      ],
      "Serials": [
        "MG1003"
      ],
      "Sha1s2Md5": "38f5333fb26b3309d7124323c4dac894",
      "Crcs2Md5": "7f5adb0cee265c82d6ea1de0ab4aaa15",
      "Sets": {
        "1": [
          "hangman"
        ],
        "6": [
          "45043"
        ]
      },
      "Overview": {
        "en": [
          0
        ]
      },
      "Size": 4096,
      "Publishers": [
        0
      ],
      "Tags": [
        3
      ],
      "ReleaseDate": "1/1/1979"
    },
    {
      "Titles": [
        "Head-Hunter"
      ],
      "Sha1s2Md5": "791f94fad777dea0fc53e84adb7d59ef",
      "Crcs2Md5": "ac73db92463c647b3619569049aa0092",
      "Sets": {
        "4": [
          "Head-Hunter (19xx)(Jones, G.R.)"
        ]
      },
      "Size": 1388952,
      "Publishers": [
        13
      ],
      "Languages": [
        "en"
      ]
    },
    {
      "Titles": [
        "Heart Attack"
      ],
      "Sha1s2Md5": "6e53969c284f235f4b947ab4ebe41fe2",
      "Crcs2Md5": "f5773f6bbb676eac97ca71e1f2de44bd",
      "Sets": {
        "4": [
          "Heart Attack (1983)(MR R's)"
        ]
      },
      "Size": 1147052,
      "Publishers": [
        6
      ],
      "ReleaseDate": "1/1/1983",
      "Languages": [
        "en"
      ]
    },
    {
      "Titles": [
        "Lord Logic-Locks"
      ],
      "Sha1s2Md5": "aa28941b011a42df76de8fc642ecf151",
      "Crcs2Md5": "ee0cb61e53798d155fe5579cb503b7c7",
      "Sets": {
        "4": [
          "Lord Logic-Locks (19xx)(IM-1 in a Million Club Newsletter)"
        ]
      },
      "Size": 1042092,
      "Publishers": [
        16
      ],
      "Regions": [
        "IM"
      ],
      "Languages": [
        "en"
      ]
    },
    {
      "Titles": [
        "Lunar Lander"
      ],
      "Sha1s2Md5": "d485ebab2efb2775f290268b41328f4d",
      "Crcs2Md5": "0b2c745170b044542309c0a22b91234a",
      "Sets": {
        "4": [
          "Lunar Lander (19xx)(IM-1 in a Million Club Newsletter)[possible bad dump]"
        ]
      },
      "Size": 1356204,
      "Publishers": [
        16
      ],
      "Regions": [
        "IM"
      ],
      "Languages": [
        "en"
      ]
    },
    {
      "Titles": [
        "Maze"
      ],
      "Sha1s2Md5": "1474609721cb48856bded1fa6e389bdc",
      "Crcs2Md5": "1d6966586a07f38fed220efab624aa57",
      "Sets": {
        "4": [
          "Maze (198x)(Eisman, R.)"
        ]
      },
      "Size": 1112748,
      "Publishers": [
        4
      ],
      "Languages": [
        "en"
      ]
    },
    {
      "Titles": [
        "Mimic My Music"
      ],
      "Sha1s2Md5": "5343554d67e3513ff86094d394be9898",
      "Crcs2Md5": "d70c7416d5753107f71e1f948ff6bbc4",
      "Sets": {
        "4": [
          "Mimic My Music (19xx)(IM-1 in a Million Club Newsletter)"
        ]
      },
      "Size": 1036204,
      "Publishers": [
        16
      ],
      "Regions": [
        "IM"
      ],
      "Languages": [
        "en"
      ]
    },
    {
      "Titles": [
        "Minotaur - A Game of Fantasy and Adventure"
      ],
      "Sha1s2Md5": "4a67ead7c821a40d8027f5daa17a18ac",
      "Crcs2Md5": "c098e61a66e55bf565ac1e055db48a8a",
      "Sets": {
        "4": [
          "Minotaur - A Game of Fantasy and Adventure (1982)(Jones, G.R.)"
        ]
      },
      "Size": 1082868,
      "Publishers": [
        13
      ],
      "ReleaseDate": "1/1/1982",
      "Languages": [
        "en"
      ]
    },
    {
      "Titles": [
        "Mission-Improbable - Operation 'Alpha'"
      ],
      "Sha1s2Md5": "738f948188f02c1423f1399d52a103cb",
      "Crcs2Md5": "d0fa8fab24b023c2eaf3eece754248fa",
      "Sets": {
        "4": [
          "Mission-Improbable - Operation 'Alpha' (1982-12)(Geo Grafix)[16K required]"
        ]
      },
      "Size": 10269596,
      "Publishers": [
        17
      ],
      "ReleaseDate": "12/1/1982",
      "Languages": [
        "en"
      ]
    },
    {
      "Titles": [
        "Mission-Improbable - Operation Bravo"
      ],
      "Sha1s2Md5": "ade12fbd932218ab0a6d5538a3d67ac7",
      "Crcs2Md5": "dcdb6ba3702b6de7a19cd52743fbbba0",
      "Sets": {
        "4": [
          "Mission-Improbable - Operation Bravo (19xx)(Geo Grafix)"
        ]
      },
      "Size": 1372972,
      "Publishers": [
        17
      ],
      "Languages": [
        "en"
      ]
    },
    {
      "Titles": [
        "Move Block"
      ],
      "Sha1s2Md5": "ed8a72b14dc0e99b9cf3936dd063ff6e",
      "Crcs2Md5": "35ea54849ad6aed59492c96dd606c87c",
      "Sets": {
        "1": [
          "movblock"
        ]
      },
      "Size": 4096,
      "Publishers": [
        1
      ],
      "ReleaseDate": "1/1/2010"
    },
    {
      "Titles": [
        "Move Block 2"
      ],
      "Sha1s2Md5": "3fd4259c5247c9a9f067f483eb44b180",
      "Crcs2Md5": "b4106e056b6df4773d477823f3287a88",
      "Sets": {
        "1": [
          "mblock02"
        ]
      },
      "Size": 4096,
      "Publishers": [
        1
      ],
      "ReleaseDate": "1/1/2010"
    },
    {
      "Titles": [
        "Mystry Mansion"
      ],
      "Sha1s2Md5": "f0e2cdead778b0d1ff529d598e82482e",
      "Crcs2Md5": "ce93cb212819e4751fab1f34ec84380a",
      "Sets": {
        "4": [
          "Mystry Mansion (19xx)(Handy Dandy Games)"
        ]
      },
      "Size": 1070054,
      "Publishers": [
        15
      ],
      "Languages": [
        "en"
      ]
    },
    {
      "Titles": [
        "Pac-Rat"
      ],
      "Sha1s2Md5": "699fb1700682a20d6079180e48571a51",
      "Crcs2Md5": "d2c30ba173e56a07979217583acbb3d6",
      "Sets": {
        "4": [
          "Pac-Rat (19xx)(MR R's)[b audio lost]"
        ]
      },
      "Size": 957868,
      "Publishers": [
        6
      ],
      "Tags": [
        2
      ],
      "Languages": [
        "en"
      ]
    },
    {
      "Titles": [
        "Pak-Man"
      ],
      "Sha1s2Md5": "98ec46839b1d7da8d963fe3813ece49c",
      "Crcs2Md5": "60924a2ba4417c9faee6d07b3567c268",
      "Sets": {
        "4": [
          "Pak-Man (198x)(Beckett, E.)"
        ]
      },
      "Size": 1267116,
      "Publishers": [
        14
      ],
      "Languages": [
        "en"
      ]
    },
    {
      "Titles": [
        "Pinball",
        "Dungeon Hunt",
        "Blockout"
      ],
      "Serials": [
        "MG1011"
      ],
      "Sha1s2Md5": "84d345fe815b8f6720649242d9855510",
      "Crcs2Md5": "61424f335ba8c6b12385194c72c55037",
      "Sets": {
        "1": [
          "pinball"
        ]
      },
      "Size": 4096,
      "Publishers": [
        0
      ],
      "ReleaseDate": "1/1/1979"
    },
    {
      "Titles": [
        "Pinball Wiz"
      ],
      "Sha1s2Md5": "356f65a53bdaad882e3a3702300789b2",
      "Crcs2Md5": "aeb567ad668a9fa9bb626742a18e1008",
      "Sets": {
        "4": [
          "Pinball Wiz (1983)(Karabin, G.)"
        ]
      },
      "Size": 1732970,
      "Publishers": [
        5
      ],
      "ReleaseDate": "1/1/1983",
      "Languages": [
        "en"
      ]
    },
    {
      "Titles": [
        "Planet Atack"
      ],
      "Sha1s2Md5": "e6f15c5d26620de71173f9eaf343d5e0",
      "Crcs2Md5": "cd4806edf4a1af725d554151a4f90b62",
      "Sets": {
        "4": [
          "Planet Atack (198x)(Rief Games)"
        ]
      },
      "Size": 956076,
      "Publishers": [
        9
      ],
      "Languages": [
        "en"
      ]
    },
    {
      "Titles": [
        "Rattler"
      ],
      "Sha1s2Md5": "57f54cfbbe7f6b282d26cc08c04ce42f",
      "Crcs2Md5": "f7cf12e0dddb9fb284edade3424cc75c",
      "Sets": {
        "4": [
          "Rattler (19xx)(Geo Grafix)"
        ]
      },
      "Size": 1199276,
      "Publishers": [
        17
      ],
      "Languages": [
        "en"
      ]
    },
    {
      "Titles": [
        "Read PIA"
      ],
      "Sha1s2Md5": "db8242e1be98159ace15a4146e62181b",
      "Crcs2Md5": "36f00fbaa04e0caee3375b6b45799c70",
      "Sets": {
        "1": [
          "readpia"
        ]
      },
      "Size": 4096,
      "Publishers": [
        1
      ],
      "ReleaseDate": "1/1/2010"
    },
    {
      "Titles": [
        "Recollection"
      ],
      "Sha1s2Md5": "2bbf6832b6e783d0fb4432b4705ea942",
      "Crcs2Md5": "12701d5f1067150dc95f34f1ee0dbd99",
      "Sets": {
        "4": [
          "Recollection (19xx)(IM-1 in a Million Club Newsletter)"
        ]
      },
      "Size": 1076652,
      "Publishers": [
        16
      ],
      "Regions": [
        "IM"
      ],
      "Languages": [
        "en"
      ]
    },
    {
      "Titles": [
        "RoadRunner"
      ],
      "Sha1s2Md5": "55a9086a27c8343f9c25af1ea32b8f03",
      "Crcs2Md5": "9bdae20654d1a286c270b58696e6a09b",
      "Sets": {
        "4": [
          "RoadRunner (19xx)(MR R's)"
        ]
      },
      "Size": 1027884,
      "Publishers": [
        6
      ],
      "Languages": [
        "en"
      ]
    },
    {
      "Titles": [
        "Run Around"
      ],
      "Sha1s2Md5": "21acb8af1914bccf6d24254c5dff3ed2",
      "Crcs2Md5": "62ed6c94f05fd499cae420c0d661dbc4",
      "Sets": {
        "4": [
          "Run Around (198x)(Millivision)"
        ]
      },
      "Size": 1010604,
      "Publishers": [
        11
      ],
      "Languages": [
        "en"
      ]
    },
    {
      "Titles": [
        "Safari in Africa"
      ],
      "Sha1s2Md5": "d820be872a91aedf5e9fd77f94e0297a",
      "Crcs2Md5": "2c8aa5ea98d220bd5f3bb319a9dc69e3",
      "Sets": {
        "4": [
          "Safari in Africa (19xx)(Datacomp)"
        ]
      },
      "Size": 1751482,
      "Publishers": [
        18
      ],
      "Languages": [
        "en"
      ]
    },
    {
      "Titles": [
        "Sailing"
      ],
      "Sha1s2Md5": "b27fc95484b333dfceb55fc1095ab24e",
      "Crcs2Md5": "7866c553f2a2b2ccbd08ce3ec71b5e43",
      "Sets": {
        "4": [
          "Sailing (19xx)(York 10 Computerware)"
        ]
      },
      "Size": 999340,
      "Publishers": [
        7
      ],
      "Languages": [
        "en"
      ]
    },
    {
      "Titles": [
        "Sky Diver"
      ],
      "Sha1s2Md5": "12a4848242bf57f79ace8f85b8960a28",
      "Crcs2Md5": "b231a164993218534b5e1b48c53fee72",
      "Sets": {
        "4": [
          "Sky Diver (19xx)(York 10 Computerware)"
        ]
      },
      "Size": 1000108,
      "Publishers": [
        7
      ],
      "Languages": [
        "en"
      ]
    },
    {
      "Titles": [
        "Solar Wars!"
      ],
      "Sha1s2Md5": "655020a4d357dc4d1530a263c0817866",
      "Crcs2Md5": "2b77707989f56560bcea4c69e7a9a695",
      "Sets": {
        "4": [
          "Solar Wars! (1983)(Handmade Games)"
        ]
      },
      "Size": 2183084,
      "Publishers": [
        19
      ],
      "ReleaseDate": "1/1/1983",
      "Languages": [
        "en"
      ]
    },
    {
      "Titles": [
        "Space Destroyers"
      ],
      "Serials": [
        "MG1013"
      ],
      "Sha1s2Md5": "920d71ad4c428455da92eda216c1bc11",
      "Crcs2Md5": "c04f7534e26d607f4c4e439587e4e485",
      "Sets": {
        "1": [
          "spacedst"
        ],
        "6": [
          "55873"
        ]
      },
      "Overview": {
        "en": [
          1
        ]
      },
      "Size": 6144,
      "Publishers": [
        0
      ],
      "Tags": [
        4
      ],
      "ReleaseDate": "1/1/1979"
    },
    {
      "Titles": [
        "Space Destroyers"
      ],
      "Sha1s2Md5": "4f9492b629c778f2930ac2169e1d710b",
      "Crcs2Md5": "c744aceed6d03bc83c9d77287752f8cc",
      "Sets": {
        "4": [
          "Space Destroyers (1980)(APF Electronics)(US)"
        ],
        "6": [
          "55873"
        ]
      },
      "Overview": {
        "en": [
          1
        ]
      },
      "Size": 1672014,
      "Publishers": [
        20
      ],
      "Tags": [
        4
      ],
      "ReleaseDate": "1/1/1980",
      "Regions": [
        "US"
      ],
      "Languages": [
        "en"
      ]
    },
    {
      "Titles": [
        "Space Shuttle"
      ],
      "Sha1s2Md5": "5f0835eb8fbd98564a24cb1eb7b18d90",
      "Crcs2Md5": "b03877fd5b640c6a07e10a5f10ec4256",
      "Sets": {
        "4": [
          "Space Shuttle (19xx)(York 10 Computerware)[req 16K RAM]"
        ]
      },
      "Size": 1759916,
      "Publishers": [
        7
      ],
      "Languages": [
        "en"
      ]
    },
    {
      "Titles": [
        "Star Battle"
      ],
      "Sha1s2Md5": "3539bf066b464bf48c930939ea9d7377",
      "Crcs2Md5": "87588a9ec53982fc6008e815369a0519",
      "Sets": {
        "4": [
          "Star Battle (19xx)(Handy Dandy Games)"
        ]
      },
      "Size": 1126572,
      "Publishers": [
        15
      ],
      "Languages": [
        "en"
      ]
    },
    {
      "Titles": [
        "Star Castle"
      ],
      "Sha1s2Md5": "4e501fe3eb5598fa6b153867e8dd518f",
      "Crcs2Md5": "64f01c5025a3384e43b4571bee34f7de",
      "Sets": {
        "4": [
          "Star Castle (19xx)(York 10 Computerware)"
        ]
      },
      "Size": 1021100,
      "Publishers": [
        7
      ],
      "Languages": [
        "en"
      ]
    },
    {
      "Titles": [
        "Star Ship"
      ],
      "Sha1s2Md5": "fed906b37b4ac95ba69ec7cf2734629a",
      "Crcs2Md5": "ae32f56888b96d4b7791a74dd2b05b68",
      "Sets": {
        "4": [
          "Star Ship (198x)(Eisman, R.)"
        ]
      },
      "Size": 1064200,
      "Publishers": [
        4
      ],
      "Languages": [
        "en"
      ]
    },
    {
      "Titles": [
        "Star Trex"
      ],
      "Sha1s2Md5": "08408a5bd935c76018b5c5021aa0db29",
      "Crcs2Md5": "561e353a4827ceb13838a12d04ef3fe6",
      "Sets": {
        "4": [
          "Star Trex (1981)(Jones, G.R.)"
        ]
      },
      "Size": 2250738,
      "Publishers": [
        13
      ],
      "ReleaseDate": "1/1/1981",
      "Languages": [
        "en"
      ]
    },
    {
      "Titles": [
        "Super Frog!"
      ],
      "Sha1s2Md5": "01d67ed3827cd12f3d0a2c1818bb1ae0",
      "Crcs2Md5": "e3f2226b1b710bab2361d5557e9a0b21",
      "Sets": {
        "4": [
          "Super Frog! (19xx)(Beckett, E.)"
        ]
      },
      "Size": 1244332,
      "Publishers": [
        14
      ],
      "Languages": [
        "en"
      ]
    },
    {
      "Titles": [
        "Theft at the Art Museum"
      ],
      "Sha1s2Md5": "8b1eada2c2b3f141f415b11e84617da1",
      "Crcs2Md5": "ce9be1f767f7f86c8937aaec3b3da8c4",
      "Sets": {
        "4": [
          "Theft at the Art Museum (1982)(Echols, Carl A.)"
        ]
      },
      "Size": 1106348,
      "Publishers": [
        8
      ],
      "ReleaseDate": "1/1/1982",
      "Languages": [
        "en"
      ]
    },
    {
      "Titles": [
        "Thief"
      ],
      "Sha1s2Md5": "dc064bc497b7a5f922a4e28ccc0a1d8d",
      "Crcs2Md5": "4b5e5390eb971837d0731be83d37da25",
      "Sets": {
        "4": [
          "Thief (198x)(Millivision)"
        ]
      },
      "Size": 988972,
      "Publishers": [
        11
      ],
      "Languages": [
        "en"
      ]
    },
    {
      "Titles": [
        "Treasure Hunt"
      ],
      "Sha1s2Md5": "54eb731d2ca93cee03898a9812a5d94a",
      "Crcs2Md5": "dfe1637ed674403ac9914e531b29c2a7",
      "Sets": {
        "4": [
          "Treasure Hunt (1982)(Echols, Carl A.)"
        ]
      },
      "Size": 1079468,
      "Publishers": [
        8
      ],
      "ReleaseDate": "1/1/1982",
      "Languages": [
        "en"
      ]
    },
    {
      "Titles": [
        "Tronn"
      ],
      "Sha1s2Md5": "766d550cf86c6a482d7740c88bfe73d9",
      "Crcs2Md5": "efe4a53134339aa6cd2e83b633899b18",
      "Sets": {
        "4": [
          "Tronn (19xx)(MR R's)"
        ]
      },
      "Size": 921452,
      "Publishers": [
        6
      ],
      "Languages": [
        "en"
      ]
    },
    {
      "Titles": [
        "Turbo"
      ],
      "Sha1s2Md5": "25feacedc92b4410af5d4b2b0968f108",
      "Crcs2Md5": "ffa5e849d0045560d0ba9332bee423c7",
      "Sets": {
        "4": [
          "Turbo (19xx)(York 10 Computerware)"
        ]
      },
      "Size": 1019052,
      "Publishers": [
        7
      ],
      "Languages": [
        "en"
      ]
    },
    {
      "Titles": [
        "UBet"
      ],
      "Sha1s2Md5": "bd5297be4323f3dbaef246a3846265e9",
      "Crcs2Md5": "27e8108ef37929505a239c1e87bfadce",
      "Sets": {
        "4": [
          "UBet (19xx)(MR R's)"
        ]
      },
      "Size": 1092076,
      "Publishers": [
        6
      ],
      "Languages": [
        "en"
      ]
    },
    {
      "Titles": [
        "Ufo",
        "Sea Monsters",
        "Break It Down",
        "Rebuild",
        "Shoot"
      ],
      "Serials": [
        "MG1010"
      ],
      "Sha1s2Md5": "97dd77f9d6e904ae780add9dad6dddda",
      "Crcs2Md5": "2219c583542445c3c62ce3c9af1940fc",
      "Sets": {
        "1": [
          "ufo"
        ]
      },
      "Size": 4096,
      "Publishers": [
        0
      ],
      "ReleaseDate": "1/1/1979"
    },
    {
      "Titles": [
        "Wall Street Cartel"
      ],
      "Sha1s2Md5": "25739b1619b26fbd71b264c151128de3",
      "Crcs2Md5": "f96459bf0e44461df9c3654c3cc889d3",
      "Sets": {
        "4": [
          "Wall Street Cartel (19xx)(IM-1 in a Million Club Newsletter)"
        ]
      },
      "Size": 1125804,
      "Publishers": [
        16
      ],
      "Regions": [
        "IM"
      ],
      "Languages": [
        "en"
      ]
    },
    {
      "Titles": [
        "Zap"
      ],
      "Sha1s2Md5": "0bebe13f6cd2bda9a49867d5a38f973d",
      "Crcs2Md5": "45794a30a396edb710b8c2b2f84497a5",
      "Sets": {
        "4": [
          "Zap (198x)(Eisman, R.)"
        ]
      },
      "Size": 1558316,
      "Publishers": [
        4
      ],
      "Languages": [
        "en"
      ]
    }
  ],
  "Overviews": {
    "en": {
      "0": "MG1003 Hangman/Tic Tac Toe/Doodle",
      "1": "Test your ability to react under fire...to plan strategies as you fight.  Quickly.  Decisively.  You must turn back this force, whose objective is Earth!",
      "2": "MG1006 Baseball",
      "3": "The classic board game, for either two players, or one player against the computer."
    }
  },
  "Genres": {
    "0": "Sports",
    "1": "Strategy"
  },
  "Companies": {
    "0": "APF",
    "1": "Adam Trionfo",
    "2": "Enrique Collado",
    "3": "R.L. Recker",
    "4": "Eisman, R",
    "5": "Karabin, G",
    "6": "MR R's",
    "7": "York 10 Computerware",
    "8": "Echols, Carl A",
    "9": "Rief Games",
    "10": "IM-1 Games",
    "11": "Millivision",
    "12": "Mechalas, John",
    "13": "Jones, G.R",
    "14": "Beckett, E",
    "15": "Handy Dandy Games",
    "16": "IM-1 in a Million Club Newsletter",
    "17": "Geo Grafix",
    "18": "Datacomp",
    "19": "Handmade Games",
    "20": "APF Electronics"
  },
  "Tags": {
    "0": "Alt",
    "1": "Alternate",
    "2": "Bad Dump",
    "3": "4 Player",
    "4": "2 Player",
    "5": "Co-Op"
  }
}