{
  "PlatformName": "Beena",
  "LastUpdate": "6/25/2022 4:41:39 AM",
  "Games": [
    {
      "Titles": [
        "Issho ni Henshin Fresh Pretty Cure"
      ],
      "Sha1s2Md5": "ab4a6d4b4c3903435955b3e643c25e77",
      "Crcs2Md5": "e43b6f0632bb1b39a18d617aea670301",
      "Sets": {
        "1": [
          "frpc"
        ]
      },
      "Size": 332952205,
      "Publishers": [
        1
      ],
      "ReleaseDate": "1/1/2009"
    },
    {
      "Titles": [
        "Kazoku Minna no Nouryoku Trainer"
      ],
      "Sha1s2Md5": "c09a7c6678803fb452ca0930e957cc96",
      "Crcs2Md5": "90f9cc449d5e79355e4bc61c82a0a728",
      "Sets": {
        "1": [
          "kazokum"
        ]
      },
      "Size": 297660613,
      "Publishers": [
        0
      ],
      "ReleaseDate": "1/1/2005"
    },
    {
      "Titles": [
        "Meet Bub-Bub to Eigo Tanken"
      ],
      "Sha1s2Md5": "9f630996a7dc5bc709ee8482c0cf4691",
      "Crcs2Md5": "4b411d976def2cd26f1131481446af24",
      "Sets": {
        "1": [
          "mbubbub"
        ]
      },
      "Size": 336503258,
      "Publishers": [
        2
      ],
      "ReleaseDate": "1/1/2010"
    },
    {
      "Titles": [
        "Oshare Majo Love and Berry-Cute ni Oshare"
      ],
      "Sha1s2Md5": "66f899bdaecc874d07360b933e9977a9",
      "Crcs2Md5": "810ede8022f7a45b5bd670c3cd45abcf",
      "Sets": {
        "1": [
          "osharem"
        ]
      },
      "Size": 356999209,
      "Publishers": [
        0
      ]
    },
    {
      "Titles": [
        "Oshare ni Henshin HeartCatch PreCure!"
      ],
      "Sha1s2Md5": "723691be2185c586f6327372efaf9e88",
      "Crcs2Md5": "82d2b54f3a84291bb5a47462e3db2b8e",
      "Sets": {
        "1": [
          "precurehc"
        ]
      },
      "Size": 381285327,
      "Publishers": [
        1
      ],
      "ReleaseDate": "1/1/2010"
    },
    {
      "Titles": [
        "Pocket Monsters Best Wishes! Chinou Ikusei Pokémon Daiundoukai"
      ],
      "Sha1s2Md5": "a30f00745c57cb3a22bef38f9d507f32",
      "Crcs2Md5": "41581065bd523b284011c08e7c590290",
      "Sets": {
        "1": [
          "pokebw"
        ]
      },
      "Size": 355228403,
      "Publishers": [
        0
      ],
      "ReleaseDate": "1/1/2010"
    },
    {
      "Titles": [
        "Pocket Monsters Diamond & Pearl Pokemon o Sagase! Meiro de Daibouken!"
      ],
      "Sha1s2Md5": "e7e593d5fed7b6087d7facae0ba926d3",
      "Crcs2Md5": "f87911aeeffec6403df5423f6072d045",
      "Sets": {
        "1": [
          "pokedp"
        ]
      },
      "Size": 397613805,
      "Publishers": [
        0
      ],
      "ReleaseDate": "1/1/2009"
    },
    {
      "Titles": [
        "Samurai Sentai Shinkenger Battle ga Ippai! Iza Mairu!"
      ],
      "Sha1s2Md5": "a8ffe8d775d768c247695841efcf9591",
      "Crcs2Md5": "a2aabb9c5df274adbdc0039834c6fac2",
      "Sets": {
        "1": [
          "sssbat"
        ]
      },
      "Size": 324648235,
      "Publishers": [
        1
      ],
      "ReleaseDate": "1/1/2009"
    },
    {
      "Titles": [
        "Shoku Iku Series 1 Soreike! Anpanman-Sukikirai Nai Ko Genki na Ko!"
      ],
      "Sha1s2Md5": "4fa3dd4f4d12921b095fe50dbf008ed4",
      "Crcs2Md5": "27f29b8305d9003f5c581d8e32f478dc",
      "Sets": {
        "1": [
          "asngnk"
        ]
      },
      "Size": 355283933,
      "Publishers": [
        0
      ],
      "ReleaseDate": "1/1/2005"
    },
    {
      "Titles": [
        "Soreike! Anpanman Hajimete Kaketa yo! Oboeta yo! Hiragana Katakana - Gojuuon Board Kinou-tsuki"
      ],
      "Sha1s2Md5": "15dde5fb3c80a8dece8d2127d79ae690",
      "Crcs2Md5": "c9b9649f3ffd59e2f4ae93758ee1df85",
      "Sets": {
        "1": [
          "hirakata"
        ]
      },
      "Size": 346629347,
      "Publishers": [
        0
      ],
      "ReleaseDate": "1/1/2005"
    },
    {
      "Titles": [
        "Yes! PreCure 5 Asonde Oboeyou Hiragana!"
      ],
      "Sha1s2Md5": "24a143ae4fbae27b4ee042f56e3a02e8",
      "Crcs2Md5": "22df8b8cf8c073aa79664c045ca09122",
      "Sets": {
        "1": [
          "precure5"
        ]
      },
      "Size": 388919596,
      "Publishers": [
        1
      ],
      "ReleaseDate": "1/1/2007"
    }
  ],
  "Overviews": {},
  "Genres": {},
  "Companies": {
    "0": "Sega Toys",
    "1": "Bandai",
    "2": "Moonshot"
  },
  "Tags": {}
}